{
	"credit": "Made with Blockbench",
	"texture_size": [128, 128],
	"textures": {
		"0": "block/woodencrateframe1texture",
		"1": "block/woodencraftframe2texture",
		"particle": "block/woodencrateframe1texture"
	},
	"elements": [
		{
			"from": [15, -0.25, -0.5],
			"to": [16, 16.25, 16.5],
			"faces": {
				"north": {"uv": [4.25, 6.25, 4.375, 8.375], "texture": "#0"},
				"east": {"uv": [0, 0, 2.125, 2.125], "texture": "#0"},
				"south": {"uv": [6.125, 4.25, 6.25, 6.375], "texture": "#0"},
				"west": {"uv": [0, 2.125, 2.125, 4.25], "texture": "#0"},
				"up": {"uv": [8.375, 4.375, 6.25, 4.25], "rotation": 90, "texture": "#0"},
				"down": {"uv": [8.375, 4.375, 6.25, 4.5], "rotation": 270, "texture": "#0"}
			}
		},
		{
			"from": [13, -0.25, -0.5],
			"to": [14, 16.25, 16.5],
			"faces": {
				"north": {"uv": [4.5, 6.25, 4.625, 8.375], "texture": "#0"},
				"east": {"uv": [2.125, 0, 4.25, 2.125], "texture": "#0"},
				"south": {"uv": [4.375, 6.25, 4.5, 8.375], "texture": "#0"},
				"west": {"uv": [2.125, 2.125, 4.25, 4.25], "texture": "#0"},
				"up": {"uv": [8.375, 4.625, 6.25, 4.5], "rotation": 90, "texture": "#0"},
				"down": {"uv": [8.375, 4.625, 6.25, 4.75], "rotation": 270, "texture": "#0"}
			}
		},
		{
			"from": [3, -0.25, -0.5],
			"to": [4, 16.25, 16.5],
			"faces": {
				"north": {"uv": [4.75, 6.25, 4.875, 8.375], "texture": "#0"},
				"east": {"uv": [0, 4.25, 2.125, 6.375], "texture": "#0"},
				"south": {"uv": [4.625, 6.25, 4.75, 8.375], "texture": "#0"},
				"west": {"uv": [4.25, 0, 6.375, 2.125], "texture": "#0"},
				"up": {"uv": [8.375, 4.875, 6.25, 4.75], "rotation": 90, "texture": "#0"},
				"down": {"uv": [8.375, 4.875, 6.25, 5], "rotation": 270, "texture": "#0"}
			}
		},
		{
			"from": [1, -0.25, -0.5],
			"to": [2, 16.25, 16.5],
			"faces": {
				"north": {"uv": [5, 6.25, 5.125, 8.375], "texture": "#0"},
				"east": {"uv": [2.125, 4.25, 4.25, 6.375], "texture": "#0"},
				"south": {"uv": [4.875, 6.25, 5, 8.375], "texture": "#0"},
				"west": {"uv": [4.25, 2.125, 6.375, 4.25], "texture": "#0"},
				"up": {"uv": [8.375, 5.125, 6.25, 5], "rotation": 90, "texture": "#0"},
				"down": {"uv": [8.375, 5.125, 6.25, 5.25], "rotation": 270, "texture": "#0"}
			}
		},
		{
			"from": [15, 15.75, 0.5],
			"to": [16, 17.25, 15.5],
			"faces": {
				"north": {"uv": [5.125, 6.25, 5.25, 6.5], "texture": "#0"},
				"east": {"uv": [4.25, 4.5, 6.125, 4.75], "texture": "#0"},
				"south": {"uv": [5.25, 6.25, 5.375, 6.5], "texture": "#0"},
				"west": {"uv": [4.25, 4.25, 6.125, 4.5], "texture": "#0"},
				"up": {"uv": [8.125, 5.375, 6.25, 5.25], "rotation": 270, "texture": "#0"},
				"down": {"uv": [8.125, 5.375, 6.25, 5.5], "rotation": 90, "texture": "#0"}
			}
		},
		{
			"from": [13, 15.75, 0.5],
			"to": [14, 17.25, 15.5],
			"faces": {
				"north": {"uv": [5.375, 6.25, 5.5, 6.5], "texture": "#0"},
				"east": {"uv": [4.25, 5, 6.125, 5.25], "texture": "#0"},
				"south": {"uv": [5.5, 6.25, 5.625, 6.5], "texture": "#0"},
				"west": {"uv": [4.25, 4.75, 6.125, 5], "texture": "#0"},
				"up": {"uv": [8.125, 5.625, 6.25, 5.5], "rotation": 270, "texture": "#0"},
				"down": {"uv": [8.125, 5.625, 6.25, 5.75], "rotation": 90, "texture": "#0"}
			}
		},
		{
			"from": [3, 15.75, 0.5],
			"to": [4, 17.25, 15.5],
			"faces": {
				"north": {"uv": [5.625, 6.25, 5.75, 6.5], "texture": "#0"},
				"east": {"uv": [4.25, 5.5, 6.125, 5.75], "texture": "#0"},
				"south": {"uv": [5.75, 6.25, 5.875, 6.5], "texture": "#0"},
				"west": {"uv": [4.25, 5.25, 6.125, 5.5], "texture": "#0"},
				"up": {"uv": [8.125, 5.875, 6.25, 5.75], "rotation": 270, "texture": "#0"},
				"down": {"uv": [8.125, 5.875, 6.25, 6], "rotation": 90, "texture": "#0"}
			}
		},
		{
			"from": [1, 15.75, 0.5],
			"to": [2, 17.25, 15.5],
			"faces": {
				"north": {"uv": [5.875, 6.25, 6, 6.5], "texture": "#0"},
				"east": {"uv": [4.25, 6, 6.125, 6.25], "texture": "#0"},
				"south": {"uv": [6, 6.25, 6.125, 6.5], "texture": "#0"},
				"west": {"uv": [4.25, 5.75, 6.125, 6], "texture": "#0"},
				"up": {"uv": [8.125, 6.125, 6.25, 6], "rotation": 270, "texture": "#0"},
				"down": {"uv": [8.125, 6.125, 6.25, 6.25], "rotation": 90, "texture": "#0"}
			}
		},
		{
			"from": [0, 0, 0],
			"to": [17, 16, 14],
			"faces": {
				"north": {"uv": [0, 0, 2.125, 2], "texture": "#1"},
				"east": {"uv": [4.25, 0, 6, 2], "texture": "#1"},
				"south": {"uv": [0, 2, 2.125, 4], "texture": "#1"},
				"west": {"uv": [3.5, 4, 5.25, 6], "texture": "#1"},
				"up": {"uv": [1.75, 6.125, 0, 4], "rotation": 270, "texture": "#1"},
				"down": {"uv": [3.5, 4, 1.75, 6.125], "rotation": 90, "texture": "#1"}
			}
		},
		{
			"from": [0, 0, 14],
			"to": [17, 16, 16],
			"faces": {
				"north": {"uv": [2.125, 0, 4.25, 2], "texture": "#1"},
				"east": {"uv": [4, 6, 4.25, 8], "texture": "#1"},
				"south": {"uv": [2.125, 2, 4.25, 4], "texture": "#1"},
				"west": {"uv": [3.75, 6, 4, 8], "texture": "#1"},
				"up": {"uv": [6.25, 2.125, 6, 0], "rotation": 270, "texture": "#1"},
				"down": {"uv": [3.75, 6, 3.5, 8.125], "rotation": 90, "texture": "#1"}
			}
		},
		{
			"from": [0.5, 16, 1],
			"to": [16.5, 17, 15],
			"faces": {
				"north": {"uv": [6, 2.125, 8, 2.25], "texture": "#1"},
				"east": {"uv": [6, 2.5, 7.75, 2.625], "texture": "#1"},
				"south": {"uv": [6, 2.25, 8, 2.375], "texture": "#1"},
				"west": {"uv": [6, 2.375, 7.75, 2.5], "texture": "#1"},
				"up": {"uv": [6, 4, 4.25, 2], "rotation": 270, "texture": "#1"},
				"down": {"uv": [7, 4, 5.25, 6], "rotation": 90, "texture": "#1"}
			}
		}
	],
	"display": {
		"thirdperson_righthand": {
			"rotation": [75, 45, 0],
			"translation": [0, 2.5, 0],
			"scale": [0.375, 0.375, 0.375]
		},
		"thirdperson_lefthand": {
			"rotation": [75, 45, 0],
			"translation": [0, 2.5, 0],
			"scale": [0.375, 0.375, 0.375]
		},
		"firstperson_righthand": {
			"rotation": [0, 45, 0],
			"scale": [0.4, 0.4, 0.4]
		},
		"firstperson_lefthand": {
			"rotation": [0, 225, 0],
			"scale": [0.4, 0.4, 0.4]
		},
		"ground": {
			"translation": [0, 3, 0],
			"scale": [0.25, 0.25, 0.25]
		},
		"gui": {
			"rotation": [30, 225, 0],
			"scale": [0.5, 0.5, 0.5]
		},
		"fixed": {
			"scale": [0.5, 0.5, 0.5]
		}
	},
	"groups": [
		{
			"name": "spruce crate",
			"origin": [0, 0, 0],
			"color": 0,
			"nbt": "{}",
			"armAnimationEnabled": false,
			"children": [
				{
					"name": "frame1",
					"origin": [0, 0, 0],
					"color": 0,
					"nbt": "{}",
					"armAnimationEnabled": false,
					"children": [0, 1, 2, 3, 4, 5, 6, 7]
				},
				{
					"name": "frame2",
					"origin": [0, 0, 0],
					"color": 0,
					"nbt": "{}",
					"armAnimationEnabled": false,
					"children": [8, 9, 10]
				}
			]
		}
	]
}