{
	"credit": "Made with Blockbench",
	"texture_size": [64, 64],
	"textures": {
		"0": "block/sawframe1texture",
		"particle": "block/sawframe1texture"
	},
	"elements": [
		{
			"from": [8.5, 0, 7],
			"to": [9.5, 5, 11],
			"faces": {
				"north": {"uv": [2, 6, 2.5, 8.5], "texture": "#0"},
				"east": {"uv": [4, 0, 6, 2.5], "texture": "#0"},
				"south": {"uv": [6, 2, 6.5, 4.5], "texture": "#0"},
				"west": {"uv": [4, 2.5, 6, 5], "texture": "#0"},
				"up": {"uv": [3, 8, 2.5, 6], "texture": "#0"},
				"down": {"uv": [3.5, 6, 3, 8], "texture": "#0"}
			}
		},
		{
			"from": [6.5, 0, 7],
			"to": [8.5, 6, 11],
			"faces": {
				"north": {"uv": [4, 5, 5, 8], "texture": "#0"},
				"east": {"uv": [0, 0, 2, 3], "texture": "#0"},
				"south": {"uv": [5, 5, 6, 8], "texture": "#0"},
				"west": {"uv": [2, 0, 4, 3], "texture": "#0"},
				"up": {"uv": [1, 8, 0, 6], "texture": "#0"},
				"down": {"uv": [7, 0, 6, 2], "texture": "#0"}
			}
		},
		{
			"from": [5.5, 0, 7],
			"to": [6.5, 6, 11],
			"faces": {
				"north": {"uv": [1, 6, 1.5, 9], "texture": "#0"},
				"east": {"uv": [0, 3, 2, 6], "texture": "#0"},
				"south": {"uv": [1.5, 6, 2, 9], "texture": "#0"},
				"west": {"uv": [2, 3, 4, 6], "texture": "#0"},
				"up": {"uv": [4, 8, 3.5, 6], "texture": "#0"},
				"down": {"uv": [6.5, 4.5, 6, 6.5], "texture": "#0"}
			}
		}
	],
	"display": {
		"thirdperson_righthand": {
			"rotation": [66.5, 0, 0],
			"translation": [0.5, 3.5, 5.25],
			"scale": [0.8, 0.8, 0.8]
		},
		"thirdperson_lefthand": {
			"rotation": [66.5, -180, 0],
			"translation": [0.5, 2.25, 5.75],
			"scale": [0.8, 0.8, 0.8]
		},
		"firstperson_righthand": {
			"rotation": [-16.25, 0, 0],
			"translation": [4, 2, -4.5]
		},
		"firstperson_lefthand": {
			"rotation": [-16.25, 0, 0],
			"translation": [4, 2, -4.5]
		},
		"ground": {
			"translation": [0, 4, 0],
			"scale": [0.8, 0.8, 0.8]
		},
		"gui": {
			"rotation": [0, -17, 0],
			"translation": [1.25, 3.75, 0]
		},
		"head": {
			"rotation": [14, 0, 0],
			"translation": [0.25, -1.25, -4.25]
		},
		"fixed": {
			"translation": [0.5, 4, -3]
		}
	},
	"groups": [
		{
			"name": "saw",
			"origin": [0, 0, 0],
			"color": 0,
			"nbt": "{}",
			"armAnimationEnabled": false,
			"children": [
				{
					"name": "frame1",
					"origin": [0, 0, 0],
					"color": 0,
					"nbt": "{}",
					"armAnimationEnabled": false,
					"children": [0, 1, 2]
				}
			]
		}
	]
}