{
	"credit": "Made with Blockbench",
	"textures": {
		"1": "block/augframe2texture",
		"particle": "block/augframe1texture"
	},
	"elements": [
		{
			"from": [7, 5, 11],
			"to": [9, 6, 13],
			"faces": {
				"north": {"uv": [1, 11.5, 2, 12], "texture": "#1"},
				"east": {"uv": [3, 10.5, 4.5, 11], "texture": "#1"},
				"south": {"uv": [2, 11.5, 3, 12], "texture": "#1"},
				"west": {"uv": [4.5, 10.5, 6, 11], "texture": "#1"},
				"up": {"uv": [4, 10.5, 3, 9], "texture": "#1"},
				"down": {"uv": [5, 9, 4, 10.5], "texture": "#1"}
			}
		},
		{
			"from": [7, 3, 10.6],
			"to": [9, 4, 12.6],
			"faces": {
				"north": {"uv": [3, 11.5, 4, 12], "texture": "#1"},
				"east": {"uv": [6, 10.5, 7.5, 11], "texture": "#1"},
				"south": {"uv": [4, 11.5, 5, 12], "texture": "#1"},
				"west": {"uv": [10.5, 6, 12, 6.5], "texture": "#1"},
				"up": {"uv": [6, 10.5, 5, 9], "texture": "#1"},
				"down": {"uv": [7, 9, 6, 10.5], "texture": "#1"}
			}
		},
		{
			"from": [7, 2, 10.4],
			"to": [9, 3, 12.4],
			"faces": {
				"north": {"uv": [11.5, 5, 12.5, 5.5], "texture": "#1"},
				"east": {"uv": [10.5, 6.5, 12, 7], "texture": "#1"},
				"south": {"uv": [11.5, 5.5, 12.5, 6], "texture": "#1"},
				"west": {"uv": [10.5, 9, 12, 9.5], "texture": "#1"},
				"up": {"uv": [8, 10.5, 7, 9], "texture": "#1"},
				"down": {"uv": [10, 7, 9, 8.5], "texture": "#1"}
			}
		},
		{
			"from": [7, 1, 10.2],
			"to": [9, 2, 12.2],
			"faces": {
				"north": {"uv": [6.5, 11.5, 7.5, 12], "texture": "#1"},
				"east": {"uv": [10.5, 9.5, 12, 10], "texture": "#1"},
				"south": {"uv": [9.5, 11.5, 10.5, 12], "texture": "#1"},
				"west": {"uv": [10.5, 10, 12, 10.5], "texture": "#1"},
				"up": {"uv": [10, 10, 9, 8.5], "texture": "#1"},
				"down": {"uv": [1, 9.5, 0, 11], "texture": "#1"}
			}
		},
		{
			"from": [7, 0, 10],
			"to": [9, 1, 12],
			"faces": {
				"north": {"uv": [10.5, 11.5, 11.5, 12], "texture": "#1"},
				"east": {"uv": [10.5, 10.5, 12, 11], "texture": "#1"},
				"south": {"uv": [11.5, 11, 12.5, 11.5], "texture": "#1"},
				"west": {"uv": [11, 0, 12.5, 0.5], "texture": "#1"},
				"up": {"uv": [11, 1.5, 10, 0], "texture": "#1"},
				"down": {"uv": [2, 10, 1, 11.5], "texture": "#1"}
			}
		},
		{
			"from": [7, 4, 10.8],
			"to": [9, 5, 12.8],
			"faces": {
				"north": {"uv": [11.5, 11.5, 12.5, 12], "texture": "#1"},
				"east": {"uv": [11, 0.5, 12.5, 1], "texture": "#1"},
				"south": {"uv": [0, 12, 1, 12.5], "texture": "#1"},
				"west": {"uv": [11, 1, 12.5, 1.5], "texture": "#1"},
				"up": {"uv": [11, 3, 10, 1.5], "texture": "#1"},
				"down": {"uv": [3, 10, 2, 11.5], "texture": "#1"}
			}
		}
	],
	"display": {
		"thirdperson_righthand": {
			"rotation": [48, 0, 0],
			"translation": [0.5, 5.5, 4.5],
			"scale": [0.8, 0.8, 0.8]
		},
		"thirdperson_lefthand": {
			"rotation": [48, 0, 0],
			"translation": [0.5, 5.5, 4.5],
			"scale": [0.8, 0.8, 0.8]
		},
		"firstperson_righthand": {
			"translation": [-0.5, 6.25, -1.75]
		},
		"firstperson_lefthand": {
			"translation": [-0.5, 6.25, -1.75]
		},
		"ground": {
			"translation": [0, 3.5, 0],
			"scale": [0.8, 0.8, 0.8]
		},
		"gui": {
			"rotation": [0, 75.5, 0],
			"translation": [-3, 4.75, 0]
		},
		"head": {
			"translation": [0, 0, -11]
		},
		"fixed": {
			"rotation": [0, -90, 0],
			"translation": [3.75, 5, -0.75],
			"scale": [1.2, 1.2, 1.2]
		}
	},
	"groups": [
		{
			"name": "aug",
			"origin": [0, 0, 0],
			"color": 0,
			"nbt": "{}",
			"armAnimationEnabled": false,
			"children": [
				{
					"name": "frame1",
					"origin": [0, 0, 0],
					"color": 0,
					"nbt": "{}",
					"armAnimationEnabled": false,
					"children": []
				},
				{
					"name": "frame2",
					"origin": [0, 0, 0],
					"color": 0,
					"nbt": "{}",
					"armAnimationEnabled": false,
					"children": [0, 1, 2, 3, 4, 5]
				},
				{
					"name": "frame3",
					"origin": [8, 11.45, 5],
					"color": 0,
					"nbt": "{}",
					"armAnimationEnabled": false,
					"children": []
				}
			]
		}
	]
}