{
	"credit": "Made with Blockbench",
	"textures": {
		"1": "block/medkitopenframe2texture",
		"2": "block/medkitopenframe3texture",
		"3": "block/medkitopenframe1texture",
		"particle": "block/medkitopenframe1texture"
	},
	"elements": [
		{
			"from": [1, 14, 4.5],
			"to": [15, 15, 6.5],
			"faces": {
				"north": {"uv": [0, 4, 14, 5], "texture": "#3"},
				"east": {"uv": [0, 8, 2, 9], "texture": "#3"},
				"south": {"uv": [0, 5, 14, 6], "texture": "#3"},
				"west": {"uv": [2, 8, 4, 9], "texture": "#3"},
				"up": {"uv": [14, 2, 0, 0], "texture": "#3"},
				"down": {"uv": [14, 2, 0, 4], "texture": "#3"}
			}
		},
		{
			"from": [1, 12, 4.5],
			"to": [2, 14, 6.5],
			"faces": {
				"north": {"uv": [4, 8, 5, 10], "texture": "#3"},
				"east": {"uv": [0, 6, 2, 8], "texture": "#3"},
				"south": {"uv": [5, 8, 6, 10], "texture": "#3"},
				"west": {"uv": [2, 6, 4, 8], "texture": "#3"},
				"up": {"uv": [7, 10, 6, 8], "texture": "#3"},
				"down": {"uv": [9, 6, 8, 8], "texture": "#3"}
			}
		},
		{
			"from": [14, 12, 4.5],
			"to": [15, 14, 6.5],
			"faces": {
				"north": {"uv": [7, 8, 8, 10], "texture": "#3"},
				"east": {"uv": [4, 6, 6, 8], "texture": "#3"},
				"south": {"uv": [8, 8, 9, 10], "texture": "#3"},
				"west": {"uv": [6, 6, 8, 8], "texture": "#3"},
				"up": {"uv": [1, 11, 0, 9], "texture": "#3"},
				"down": {"uv": [2, 9, 1, 11], "texture": "#3"}
			}
		},
		{
			"from": [0, 0, 4],
			"to": [16, 12, 6],
			"faces": {
				"north": {"uv": [0, 0, 4, 3], "texture": "#1"},
				"east": {"uv": [4, 1, 4.5, 4], "texture": "#1"},
				"south": {"uv": [0, 3, 4, 6], "texture": "#1"},
				"west": {"uv": [4, 4, 4.5, 7], "texture": "#1"},
				"up": {"uv": [8, 0.5, 4, 0], "texture": "#1"},
				"down": {"uv": [8, 0.5, 4, 1], "texture": "#1"}
			}
		},
		{
			"from": [0, 2, 6],
			"to": [1, 12, 7],
			"faces": {
				"north": {"uv": [4.5, 3, 4.75, 6], "texture": "#1"},
				"east": {"uv": [4.75, 3, 5, 6], "texture": "#1"},
				"south": {"uv": [5, 3, 5.25, 6], "texture": "#1"},
				"west": {"uv": [5.25, 3, 5.5, 6], "texture": "#1"},
				"up": {"uv": [6.25, 4, 6, 3.75], "texture": "#1"},
				"down": {"uv": [6.25, 4, 6, 4.25], "texture": "#1"}
			}
		},
		{
			"from": [15, 2, 6],
			"to": [16, 12, 7],
			"faces": {
				"north": {"uv": [5.5, 3, 5.75, 6], "texture": "#1"},
				"east": {"uv": [5.75, 3, 6, 6], "texture": "#1"},
				"south": {"uv": [0, 6, 0.25, 9], "texture": "#1"},
				"west": {"uv": [0.25, 6, 0.5, 9], "texture": "#1"},
				"up": {"uv": [6.25, 4.5, 6, 4.25], "texture": "#1"},
				"down": {"uv": [4.75, 6, 4.5, 6.25], "texture": "#1"}
			}
		},
		{
			"from": [1, 11, 6],
			"to": [15, 12, 7],
			"faces": {
				"north": {"uv": [4.5, 1, 8, 1.25], "texture": "#1"},
				"east": {"uv": [6, 4.5, 6.25, 4.75], "texture": "#1"},
				"south": {"uv": [4.5, 1.25, 8, 1.5], "texture": "#1"},
				"west": {"uv": [4.75, 6, 5, 6.25], "texture": "#1"},
				"up": {"uv": [8, 1.75, 4.5, 1.5], "texture": "#1"},
				"down": {"uv": [8, 1.75, 4.5, 2], "texture": "#1"}
			}
		},
		{
			"from": [0, 1, 6],
			"to": [1, 2, 16],
			"faces": {
				"north": {"uv": [6, 4.75, 6.25, 5], "texture": "#1"},
				"east": {"uv": [6, 3.25, 8.25, 3.5], "texture": "#1"},
				"south": {"uv": [5, 6, 5.25, 6.25], "texture": "#1"},
				"west": {"uv": [6, 3.5, 8.25, 3.75], "texture": "#1"},
				"up": {"uv": [3.75, 8.25, 3.5, 6], "texture": "#1"},
				"down": {"uv": [4, 6, 3.75, 8.25], "texture": "#1"}
			}
		},
		{
			"from": [15, 1, 6],
			"to": [16, 2, 16],
			"faces": {
				"north": {"uv": [6, 5, 6.25, 5.25], "texture": "#1"},
				"east": {"uv": [0.5, 6, 3, 6.25], "texture": "#1"},
				"south": {"uv": [5.25, 6, 5.5, 6.25], "texture": "#1"},
				"west": {"uv": [6, 3, 8.5, 3.25], "texture": "#1"},
				"up": {"uv": [3.25, 8.5, 3, 6], "texture": "#1"},
				"down": {"uv": [3.5, 6, 3.25, 8.5], "texture": "#1"}
			}
		},
		{
			"from": [1, 1, 15],
			"to": [15, 2, 16],
			"faces": {
				"north": {"uv": [4.5, 2, 8, 2.25], "texture": "#1"},
				"east": {"uv": [6, 5.25, 6.25, 5.5], "texture": "#1"},
				"south": {"uv": [4.5, 2.25, 8, 2.5], "texture": "#1"},
				"west": {"uv": [5.5, 6, 5.75, 6.25], "texture": "#1"},
				"up": {"uv": [8, 2.75, 4.5, 2.5], "texture": "#1"},
				"down": {"uv": [8, 2.75, 4.5, 3], "texture": "#1"}
			}
		},
		{
			"from": [0, 0, 6],
			"to": [16, 1, 16],
			"faces": {
				"north": {"uv": [8, 0, 16, 0.5], "texture": "#2"},
				"east": {"uv": [8, 1, 13, 1.5], "texture": "#2"},
				"south": {"uv": [8, 0.5, 16, 1], "texture": "#2"},
				"west": {"uv": [8, 1.5, 13, 2], "texture": "#2"},
				"up": {"uv": [8, 5, 0, 0], "texture": "#2"},
				"down": {"uv": [8, 5, 0, 10], "texture": "#2"}
			}
		}
	],
	"display": {
		"thirdperson_righthand": {
			"translation": [0, 4.25, 1],
			"scale": [0.55, 0.55, 0.55]
		},
		"thirdperson_lefthand": {
			"translation": [0, 4.25, 1],
			"scale": [0.55, 0.55, 0.55]
		},
		"firstperson_righthand": {
			"rotation": [0, -3, 2],
			"translation": [-4.37, 7.2, 1.13],
			"scale": [0.68, 0.68, 0.68]
		},
		"firstperson_lefthand": {
			"rotation": [0, -3, 2],
			"translation": [-4.37, 7.2, 1.13],
			"scale": [0.68, 0.68, 0.68]
		},
		"ground": {
			"translation": [0, 2, 0],
			"scale": [0.5, 0.5, 0.5]
		},
		"gui": {
			"rotation": [0, 26.25, 0],
			"translation": [-0.75, -1.5, 0],
			"scale": [0.8, 0.8, 0.8]
		},
		"head": {
			"rotation": [0, 180, 0],
			"translation": [0, 13, 0.25]
		},
		"fixed": {
			"rotation": [0, 180, 0],
			"translation": [0, 0, -4]
		}
	},
	"groups": [
		{
			"name": "frame1",
			"origin": [0, 0, 0],
			"color": 0,
			"nbt": "{}",
			"armAnimationEnabled": false,
			"children": [0, 1, 2]
		},
		{
			"name": "frame2",
			"origin": [0, 0, 0],
			"color": 0,
			"nbt": "{}",
			"armAnimationEnabled": false,
			"children": [3, 4, 5, 6, 7, 8, 9]
		},
		{
			"name": "frame3",
			"origin": [8, 8, 8],
			"color": 0,
			"nbt": "{}",
			"armAnimationEnabled": false,
			"children": [10]
		}
	]
}