{
	"credit": "Made with Blockbench",
	"textures": {
		"0": "block/buckshotframe1texture",
		"1": "block/buckshotframe2texture",
		"particle": "block/buckshotframe1texture"
	},
	"elements": [
		{
			"from": [7, 0, 7],
			"to": [9, 0.3, 9],
			"faces": {
				"north": {"uv": [0, 4, 2, 5], "texture": "#1"},
				"east": {"uv": [4, 0, 6, 1], "texture": "#1"},
				"south": {"uv": [4, 1, 6, 2], "texture": "#1"},
				"west": {"uv": [2, 4, 4, 5], "texture": "#1"},
				"up": {"uv": [2, 2, 0, 0], "texture": "#1"},
				"down": {"uv": [2, 2, 0, 4], "texture": "#1"}
			}
		},
		{
			"from": [6.8, 0, 7.5],
			"to": [7, 0.3, 8.5],
			"rotation": {"angle": 0, "axis": "y", "origin": [6.875, 1.45, 8]},
			"faces": {
				"north": {"uv": [2, 5, 3, 6], "texture": "#1"},
				"east": {"uv": [3, 5, 4, 6], "texture": "#1"},
				"south": {"uv": [4, 5, 5, 6], "texture": "#1"},
				"west": {"uv": [5, 5, 6, 6], "texture": "#1"},
				"up": {"uv": [1, 7, 0, 6], "texture": "#1"},
				"down": {"uv": [7, 0, 6, 1], "texture": "#1"}
			}
		},
		{
			"from": [7.1, 0.3, 7.1],
			"to": [8.9, 0.6, 8.9],
			"faces": {
				"north": {"uv": [4, 2, 6, 3], "texture": "#1"},
				"east": {"uv": [4, 3, 6, 4], "texture": "#1"},
				"south": {"uv": [4, 4, 6, 5], "texture": "#1"},
				"west": {"uv": [0, 5, 2, 6], "texture": "#1"},
				"up": {"uv": [4, 2, 2, 0], "texture": "#1"},
				"down": {"uv": [4, 2, 2, 4], "texture": "#1"}
			}
		},
		{
			"from": [6.9, 0.3, 7.5],
			"to": [7.1, 0.6, 8.5],
			"rotation": {"angle": 0, "axis": "y", "origin": [6.875, 1.45, 8]},
			"faces": {
				"north": {"uv": [1, 6, 2, 7], "texture": "#1"},
				"east": {"uv": [6, 1, 7, 2], "texture": "#1"},
				"south": {"uv": [2, 6, 3, 7], "texture": "#1"},
				"west": {"uv": [6, 2, 7, 3], "texture": "#1"},
				"up": {"uv": [4, 7, 3, 6], "texture": "#1"},
				"down": {"uv": [7, 3, 6, 4], "texture": "#1"}
			}
		},
		{
			"from": [7.525, 0.3, 8.9],
			"to": [8.525, 0.6, 9.1],
			"rotation": {"angle": 0, "axis": "y", "origin": [7.025, 1.45, 8]},
			"faces": {
				"north": {"uv": [4, 6, 5, 7], "texture": "#1"},
				"east": {"uv": [6, 4, 7, 5], "texture": "#1"},
				"south": {"uv": [5, 6, 6, 7], "texture": "#1"},
				"west": {"uv": [6, 5, 7, 6], "texture": "#1"},
				"up": {"uv": [7, 7, 6, 6], "texture": "#1"},
				"down": {"uv": [1, 7, 0, 8], "texture": "#1"}
			}
		},
		{
			"from": [7.525, 0, 9],
			"to": [8.525, 0.3, 9.2],
			"rotation": {"angle": 0, "axis": "y", "origin": [7.025, 1.45, 8]},
			"faces": {
				"north": {"uv": [7, 0, 8, 1], "texture": "#1"},
				"east": {"uv": [1, 7, 2, 8], "texture": "#1"},
				"south": {"uv": [7, 1, 8, 2], "texture": "#1"},
				"west": {"uv": [2, 7, 3, 8], "texture": "#1"},
				"up": {"uv": [8, 3, 7, 2], "texture": "#1"},
				"down": {"uv": [4, 7, 3, 8], "texture": "#1"}
			}
		},
		{
			"from": [7.525, 0, 6.8],
			"to": [8.525, 0.3, 7],
			"rotation": {"angle": 0, "axis": "y", "origin": [8.025, 1.45, 8.975]},
			"faces": {
				"north": {"uv": [7, 3, 8, 4], "texture": "#1"},
				"east": {"uv": [4, 7, 5, 8], "texture": "#1"},
				"south": {"uv": [7, 4, 8, 5], "texture": "#1"},
				"west": {"uv": [5, 7, 6, 8], "texture": "#1"},
				"up": {"uv": [8, 6, 7, 5], "texture": "#1"},
				"down": {"uv": [7, 7, 6, 8], "texture": "#1"}
			}
		},
		{
			"from": [7.525, 0.3, 6.9],
			"to": [8.525, 0.6, 7.1],
			"rotation": {"angle": 0, "axis": "y", "origin": [8.025, 1.45, 8.975]},
			"faces": {
				"north": {"uv": [7, 6, 8, 7], "texture": "#1"},
				"east": {"uv": [7, 7, 8, 8], "texture": "#1"},
				"south": {"uv": [0, 8, 1, 9], "texture": "#1"},
				"west": {"uv": [8, 0, 9, 1], "texture": "#1"},
				"up": {"uv": [2, 9, 1, 8], "texture": "#1"},
				"down": {"uv": [9, 1, 8, 2], "texture": "#1"}
			}
		},
		{
			"from": [8.95, 0, 7.5],
			"to": [9.15, 0.3, 8.5],
			"rotation": {"angle": 0, "axis": "y", "origin": [7.025, 1.45, 8]},
			"faces": {
				"north": {"uv": [2, 8, 3, 9], "texture": "#1"},
				"east": {"uv": [8, 2, 9, 3], "texture": "#1"},
				"south": {"uv": [3, 8, 4, 9], "texture": "#1"},
				"west": {"uv": [8, 3, 9, 4], "texture": "#1"},
				"up": {"uv": [5, 9, 4, 8], "texture": "#1"},
				"down": {"uv": [9, 4, 8, 5], "texture": "#1"}
			}
		},
		{
			"from": [8.85, 0.3, 7.5],
			"to": [9.05, 0.6, 8.5],
			"rotation": {"angle": 0, "axis": "y", "origin": [7.025, 1.45, 8]},
			"faces": {
				"north": {"uv": [5, 8, 6, 9], "texture": "#1"},
				"east": {"uv": [8, 5, 9, 6], "texture": "#1"},
				"south": {"uv": [6, 8, 7, 9], "texture": "#1"},
				"west": {"uv": [8, 6, 9, 7], "texture": "#1"},
				"up": {"uv": [8, 9, 7, 8], "texture": "#1"},
				"down": {"uv": [9, 7, 8, 8], "texture": "#1"}
			}
		},
		{
			"from": [7.525, 0.6, 7.05],
			"to": [8.525, 4.9, 7.25],
			"rotation": {"angle": 0, "axis": "y", "origin": [8.025, 1.45, 8.975]},
			"faces": {
				"north": {"uv": [2, 4, 3, 8], "texture": "#0"},
				"east": {"uv": [3, 4, 4, 8], "texture": "#0"},
				"south": {"uv": [4, 4, 5, 8], "texture": "#0"},
				"west": {"uv": [5, 4, 6, 8], "texture": "#0"},
				"up": {"uv": [9, 9, 8, 8], "texture": "#0"},
				"down": {"uv": [10, 0, 9, 1], "texture": "#0"}
			}
		},
		{
			"from": [7.25, 0.6, 7.25],
			"to": [8.75, 4.9, 8.75],
			"faces": {
				"north": {"uv": [0, 0, 2, 4], "texture": "#0"},
				"east": {"uv": [2, 0, 4, 4], "texture": "#0"},
				"south": {"uv": [0, 4, 2, 8], "texture": "#0"},
				"west": {"uv": [4, 0, 6, 4], "texture": "#0"},
				"up": {"uv": [8, 2, 6, 0], "texture": "#0"},
				"down": {"uv": [8, 2, 6, 4], "texture": "#0"}
			}
		},
		{
			"from": [8.75, 0.6, 7.5],
			"to": [8.95, 4.9, 8.5],
			"rotation": {"angle": 0, "axis": "y", "origin": [7.025, 1.45, 8]},
			"faces": {
				"north": {"uv": [6, 4, 7, 8], "texture": "#0"},
				"east": {"uv": [7, 4, 8, 8], "texture": "#0"},
				"south": {"uv": [0, 8, 1, 12], "texture": "#0"},
				"west": {"uv": [8, 0, 9, 4], "texture": "#0"},
				"up": {"uv": [10, 2, 9, 1], "texture": "#0"},
				"down": {"uv": [10, 2, 9, 3], "texture": "#0"}
			}
		},
		{
			"from": [7.05, 0.6, 7.5],
			"to": [7.25, 4.9, 8.5],
			"rotation": {"angle": 0, "axis": "y", "origin": [6.875, 1.45, 8]},
			"faces": {
				"north": {"uv": [1, 8, 2, 12], "texture": "#0"},
				"east": {"uv": [2, 8, 3, 12], "texture": "#0"},
				"south": {"uv": [3, 8, 4, 12], "texture": "#0"},
				"west": {"uv": [4, 8, 5, 12], "texture": "#0"},
				"up": {"uv": [10, 4, 9, 3], "texture": "#0"},
				"down": {"uv": [10, 4, 9, 5], "texture": "#0"}
			}
		},
		{
			"from": [7.35, 4.9, 7.35],
			"to": [8.65, 5, 8.65],
			"faces": {
				"north": {"uv": [9, 5, 10, 6], "texture": "#0"},
				"east": {"uv": [9, 6, 10, 7], "texture": "#0"},
				"south": {"uv": [9, 7, 10, 8], "texture": "#0"},
				"west": {"uv": [8, 9, 9, 10], "texture": "#0"},
				"up": {"uv": [10, 9, 9, 8], "texture": "#0"},
				"down": {"uv": [10, 9, 9, 10], "texture": "#0"}
			}
		},
		{
			"from": [7.25, 4.9, 7.6],
			"to": [7.35, 5, 8.4],
			"rotation": {"angle": 0, "axis": "y", "origin": [8.025, 5, 7.3]},
			"faces": {
				"north": {"uv": [10, 0, 11, 1], "texture": "#0"},
				"east": {"uv": [10, 1, 11, 2], "texture": "#0"},
				"south": {"uv": [10, 2, 11, 3], "texture": "#0"},
				"west": {"uv": [10, 3, 11, 4], "texture": "#0"},
				"up": {"uv": [11, 5, 10, 4], "texture": "#0"},
				"down": {"uv": [11, 5, 10, 6], "texture": "#0"}
			}
		},
		{
			"from": [7.625, 4.9, 8.65],
			"to": [8.425, 5, 8.75],
			"rotation": {"angle": 0, "axis": "y", "origin": [7.025, 1.45, 8]},
			"faces": {
				"north": {"uv": [10, 6, 11, 7], "texture": "#0"},
				"east": {"uv": [10, 7, 11, 8], "texture": "#0"},
				"south": {"uv": [8, 10, 9, 11], "texture": "#0"},
				"west": {"uv": [10, 8, 11, 9], "texture": "#0"},
				"up": {"uv": [10, 11, 9, 10], "texture": "#0"},
				"down": {"uv": [11, 9, 10, 10], "texture": "#0"}
			}
		},
		{
			"from": [8.65, 4.9, 7.6],
			"to": [8.75, 5, 8.4],
			"rotation": {"angle": 0, "axis": "y", "origin": [8.025, 5, 7.3]},
			"faces": {
				"north": {"uv": [10, 10, 11, 11], "texture": "#0"},
				"east": {"uv": [11, 0, 12, 1], "texture": "#0"},
				"south": {"uv": [11, 1, 12, 2], "texture": "#0"},
				"west": {"uv": [11, 2, 12, 3], "texture": "#0"},
				"up": {"uv": [12, 4, 11, 3], "texture": "#0"},
				"down": {"uv": [12, 4, 11, 5], "texture": "#0"}
			}
		},
		{
			"from": [7.625, 4.9, 7.25],
			"to": [8.425, 5, 7.35],
			"rotation": {"angle": 0, "axis": "y", "origin": [7.025, 1.45, 8]},
			"faces": {
				"north": {"uv": [11, 5, 12, 6], "texture": "#0"},
				"east": {"uv": [11, 6, 12, 7], "texture": "#0"},
				"south": {"uv": [11, 7, 12, 8], "texture": "#0"},
				"west": {"uv": [8, 11, 9, 12], "texture": "#0"},
				"up": {"uv": [12, 9, 11, 8], "texture": "#0"},
				"down": {"uv": [10, 11, 9, 12], "texture": "#0"}
			}
		},
		{
			"from": [7.525, 0.6, 8.75],
			"to": [8.525, 4.9, 8.95],
			"rotation": {"angle": 0, "axis": "y", "origin": [7.025, 1.45, 8]},
			"faces": {
				"north": {"uv": [8, 4, 9, 8], "texture": "#0"},
				"east": {"uv": [5, 8, 6, 12], "texture": "#0"},
				"south": {"uv": [6, 8, 7, 12], "texture": "#0"},
				"west": {"uv": [7, 8, 8, 12], "texture": "#0"},
				"up": {"uv": [12, 10, 11, 9], "texture": "#0"},
				"down": {"uv": [11, 11, 10, 12], "texture": "#0"}
			}
		}
	],
	"display": {
		"thirdperson_righthand": {
			"translation": [0.5, 4, 1.75],
			"scale": [0.5, 0.5, 0.5]
		},
		"thirdperson_lefthand": {
			"translation": [0.5, 4, 1.75],
			"scale": [0.5, 0.5, 0.5]
		},
		"firstperson_righthand": {
			"rotation": [-7, 0, 0],
			"translation": [1.75, 5.5, -1.25]
		},
		"firstperson_lefthand": {
			"rotation": [-7, 0, 0],
			"translation": [1.75, 5.5, -1.25]
		},
		"ground": {
			"translation": [0, 5.5, 0]
		},
		"gui": {
			"rotation": [0, -7.5, 0],
			"translation": [0, 8.25, 0],
			"scale": [1.6, 1.6, 1.6]
		},
		"head": {
			"rotation": [-60.5, 0, 0],
			"translation": [0, 1.25, -11.25]
		},
		"fixed": {
			"translation": [0, 7.75, -1.25],
			"scale": [1.5, 1.5, 1.5]
		}
	},
	"groups": [
		{
			"name": "buckshot",
			"origin": [0, 0, 0],
			"color": 0,
			"nbt": "{}",
			"armAnimationEnabled": false,
			"children": [
				{
					"name": "frame2",
					"origin": [6.875, 1.45, 8],
					"color": 0,
					"nbt": "{}",
					"armAnimationEnabled": false,
					"children": [0, 1, 2, 3, 4, 5, 6, 7, 8, 9]
				},
				{
					"name": "frame1",
					"origin": [7.025, 1.45, 8],
					"color": 0,
					"nbt": "{}",
					"armAnimationEnabled": false,
					"children": [10, 11, 12, 13, 14, 15, 16, 17, 18, 19]
				}
			]
		}
	]
}