{
	"credit": "Made with Blockbench",
	"texture_size": [32, 32],
	"textures": {
		"0": "block/carbineframe1texture",
		"1": "block/carbineframe2texture",
		"particle": "block/carbineframe1texture"
	},
	"elements": [
		{
			"from": [7, 7, -8],
			"to": [9, 9, 2],
			"faces": {
				"north": {"uv": [9, 1, 10, 2], "texture": "#0"},
				"east": {"uv": [2, 2, 7, 3], "texture": "#0"},
				"south": {"uv": [11, 4.5, 12, 5.5], "texture": "#0"},
				"west": {"uv": [2, 3, 7, 4], "texture": "#0"},
				"up": {"uv": [3, 9, 2, 4], "texture": "#0"},
				"down": {"uv": [4, 4, 3, 9], "texture": "#0"}
			}
		},
		{
			"from": [7, 9, 1],
			"to": [9, 10, 2],
			"faces": {
				"north": {"uv": [6.5, 12, 7.5, 12.5], "texture": "#0"},
				"east": {"uv": [1.5, 11, 2, 11.5], "texture": "#0"},
				"south": {"uv": [12, 6.5, 13, 7], "texture": "#0"},
				"west": {"uv": [1.5, 11.5, 2, 12], "texture": "#0"},
				"up": {"uv": [13, 7.5, 12, 7], "texture": "#0"},
				"down": {"uv": [8.5, 12, 7.5, 12.5], "texture": "#0"}
			}
		},
		{
			"from": [7, 9, -1],
			"to": [9, 10, 0],
			"faces": {
				"north": {"uv": [12, 7.5, 13, 8], "texture": "#0"},
				"east": {"uv": [10.5, 12, 11, 12.5], "texture": "#0"},
				"south": {"uv": [12, 8, 13, 8.5], "texture": "#0"},
				"west": {"uv": [3, 12.5, 3.5, 13], "texture": "#0"},
				"up": {"uv": [9.5, 12.5, 8.5, 12], "texture": "#0"},
				"down": {"uv": [10.5, 12, 9.5, 12.5], "texture": "#0"}
			}
		},
		{
			"from": [7, 9, -3],
			"to": [9, 10, -2],
			"faces": {
				"north": {"uv": [12, 9.5, 13, 10], "texture": "#0"},
				"east": {"uv": [13, 0, 13.5, 0.5], "texture": "#0"},
				"south": {"uv": [12, 10, 13, 10.5], "texture": "#0"},
				"west": {"uv": [13, 0.5, 13.5, 1], "texture": "#0"},
				"up": {"uv": [13, 11, 12, 10.5], "texture": "#0"},
				"down": {"uv": [13, 11, 12, 11.5], "texture": "#0"}
			}
		},
		{
			"from": [7, 9, -5],
			"to": [9, 10, -4],
			"faces": {
				"north": {"uv": [12, 11.5, 13, 12], "texture": "#0"},
				"east": {"uv": [1, 13, 1.5, 13.5], "texture": "#0"},
				"south": {"uv": [12, 12, 13, 12.5], "texture": "#0"},
				"west": {"uv": [1.5, 13, 2, 13.5], "texture": "#0"},
				"up": {"uv": [13.5, 1.5, 12.5, 1], "texture": "#0"},
				"down": {"uv": [13.5, 1.5, 12.5, 2], "texture": "#0"}
			}
		},
		{
			"from": [7, 9, -7],
			"to": [9, 10, -6],
			"faces": {
				"north": {"uv": [2, 12.5, 3, 13], "texture": "#0"},
				"east": {"uv": [2, 13, 2.5, 13.5], "texture": "#0"},
				"south": {"uv": [12.5, 3.5, 13.5, 4], "texture": "#0"},
				"west": {"uv": [2.5, 13, 3, 13.5], "texture": "#0"},
				"up": {"uv": [5, 13, 4, 12.5], "texture": "#0"},
				"down": {"uv": [13.5, 4, 12.5, 4.5], "texture": "#0"}
			}
		},
		{
			"from": [7.25, 1, 3],
			"to": [8.75, 2, 6],
			"rotation": {"angle": 0, "axis": "y", "origin": [0, 0, 2]},
			"faces": {
				"north": {"uv": [12.5, 4.5, 13.5, 5], "texture": "#0"},
				"east": {"uv": [2, 12, 3.5, 12.5], "texture": "#0"},
				"south": {"uv": [5, 12.5, 6, 13], "texture": "#0"},
				"west": {"uv": [12, 3, 13.5, 3.5], "texture": "#0"},
				"up": {"uv": [10, 10.5, 9, 9], "texture": "#0"},
				"down": {"uv": [1, 9.5, 0, 11], "texture": "#0"}
			}
		},
		{
			"from": [7.25, 2, 3],
			"to": [8.75, 3, 7],
			"rotation": {"angle": 0, "axis": "y", "origin": [0, 0, 2]},
			"faces": {
				"north": {"uv": [6, 12.5, 7, 13], "texture": "#0"},
				"east": {"uv": [11, 5.5, 13, 6], "texture": "#0"},
				"south": {"uv": [7, 12.5, 8, 13], "texture": "#0"},
				"west": {"uv": [11, 6, 13, 6.5], "texture": "#0"},
				"up": {"uv": [10, 9, 9, 7], "texture": "#0"},
				"down": {"uv": [9, 9, 8, 11], "texture": "#0"}
			}
		},
		{
			"from": [7.25, 3, 3],
			"to": [8.75, 5, 9],
			"rotation": {"angle": 0, "axis": "y", "origin": [0, 0, 2]},
			"faces": {
				"north": {"uv": [5, 11, 6, 12], "texture": "#0"},
				"east": {"uv": [7, 2, 10, 3], "texture": "#0"},
				"south": {"uv": [11, 6.5, 12, 7.5], "texture": "#0"},
				"west": {"uv": [7, 3, 10, 4], "texture": "#0"},
				"up": {"uv": [9, 9, 8, 6], "texture": "#0"},
				"down": {"uv": [3, 9, 2, 12], "texture": "#0"}
			}
		},
		{
			"from": [7, 0, 16],
			"to": [9, 3, 18],
			"rotation": {"angle": 0, "axis": "y", "origin": [0, 0, 2]},
			"faces": {
				"north": {"uv": [1, 9.5, 2, 11], "texture": "#0"},
				"east": {"uv": [10, 1, 11, 2.5], "texture": "#0"},
				"south": {"uv": [10, 2.5, 11, 4], "texture": "#0"},
				"west": {"uv": [10, 4, 11, 5.5], "texture": "#0"},
				"up": {"uv": [12, 8.5, 11, 7.5], "texture": "#0"},
				"down": {"uv": [9, 11, 8, 12], "texture": "#0"}
			}
		},
		{
			"from": [7, 0.5, 18],
			"to": [9, 3, 18.5],
			"rotation": {"angle": 0, "axis": "y", "origin": [0, 0, 2]},
			"faces": {
				"north": {"uv": [10, 5.5, 11, 7], "texture": "#0"},
				"east": {"uv": [3.5, 12, 4, 13.5], "texture": "#0"},
				"south": {"uv": [10, 7, 11, 8.5], "texture": "#0"},
				"west": {"uv": [12, 3.5, 12.5, 5], "texture": "#0"},
				"up": {"uv": [9, 13, 8, 12.5], "texture": "#0"},
				"down": {"uv": [13.5, 8.5, 12.5, 9], "texture": "#0"}
			}
		},
		{
			"from": [7, 3, 15],
			"to": [9, 5, 18],
			"rotation": {"angle": 0, "axis": "y", "origin": [0, 0, 2]},
			"faces": {
				"north": {"uv": [11, 9.5, 12, 10.5], "texture": "#0"},
				"east": {"uv": [7.5, 1, 9, 2], "texture": "#0"},
				"south": {"uv": [10, 11, 11, 12], "texture": "#0"},
				"west": {"uv": [10, 8.5, 11.5, 9.5], "texture": "#0"},
				"up": {"uv": [11, 11, 10, 9.5], "texture": "#0"},
				"down": {"uv": [7, 10.5, 6, 12], "texture": "#0"}
			}
		},
		{
			"from": [7, 5, 14],
			"to": [9, 7, 17],
			"rotation": {"angle": 0, "axis": "y", "origin": [0, 0, 2]},
			"faces": {
				"north": {"uv": [11, 10.5, 12, 11.5], "texture": "#0"},
				"east": {"uv": [0, 11, 1.5, 12], "texture": "#0"},
				"south": {"uv": [11.5, 8.5, 12.5, 9.5], "texture": "#0"},
				"west": {"uv": [11, 1, 12.5, 2], "texture": "#0"},
				"up": {"uv": [8, 12, 7, 10.5], "texture": "#0"},
				"down": {"uv": [10, 10.5, 9, 12], "texture": "#0"}
			}
		},
		{
			"from": [7, 5, 22],
			"to": [9, 7, 32],
			"faces": {
				"north": {"uv": [11, 11.5, 12, 12.5], "texture": "#0"},
				"east": {"uv": [4, 4, 9, 5], "texture": "#0"},
				"south": {"uv": [0, 12, 1, 13], "texture": "#0"},
				"west": {"uv": [4, 5, 9, 6], "texture": "#0"},
				"up": {"uv": [5, 11, 4, 6], "texture": "#0"},
				"down": {"uv": [6, 6, 5, 11], "texture": "#0"}
			}
		},
		{
			"from": [7, 4, 23],
			"to": [9, 5, 32],
			"faces": {
				"north": {"uv": [9, 12.5, 10, 13], "texture": "#0"},
				"east": {"uv": [7.5, 0, 12, 0.5], "texture": "#0"},
				"south": {"uv": [12.5, 9, 13.5, 9.5], "texture": "#0"},
				"west": {"uv": [7.5, 0.5, 12, 1], "texture": "#0"},
				"up": {"uv": [7, 10.5, 6, 6], "texture": "#0"},
				"down": {"uv": [8, 6, 7, 10.5], "texture": "#0"}
			}
		},
		{
			"from": [7, 3, 26],
			"to": [9, 4, 32],
			"faces": {
				"north": {"uv": [10, 12.5, 11, 13], "texture": "#0"},
				"east": {"uv": [11, 2, 14, 2.5], "texture": "#0"},
				"south": {"uv": [11, 12.5, 12, 13], "texture": "#0"},
				"west": {"uv": [11, 2.5, 14, 3], "texture": "#0"},
				"up": {"uv": [4, 12, 3, 9], "texture": "#0"},
				"down": {"uv": [10, 4, 9, 7], "texture": "#0"}
			}
		},
		{
			"from": [7, 2, 29],
			"to": [9, 3, 32],
			"faces": {
				"north": {"uv": [12, 12.5, 13, 13], "texture": "#0"},
				"east": {"uv": [5, 12, 6.5, 12.5], "texture": "#0"},
				"south": {"uv": [0, 13, 1, 13.5], "texture": "#0"},
				"west": {"uv": [12, 5, 13.5, 5.5], "texture": "#0"},
				"up": {"uv": [12, 4.5, 11, 3], "texture": "#0"},
				"down": {"uv": [5, 11, 4, 12.5], "texture": "#0"}
			}
		},
		{
			"from": [7, 7, 18],
			"to": [9, 9, 31],
			"faces": {
				"north": {"uv": [12, 0, 13, 1], "texture": "#0"},
				"east": {"uv": [0, 0, 7.5, 1], "texture": "#0"},
				"south": {"uv": [1, 12, 2, 13], "texture": "#0"},
				"west": {"uv": [0, 1, 7.5, 2], "texture": "#0"},
				"up": {"uv": [1, 9.5, 0, 2], "texture": "#0"},
				"down": {"uv": [2, 2, 1, 9.5], "texture": "#0"}
			}
		},
		{
			"from": [7, 7, 2],
			"to": [9, 9, 18],
			"faces": {
				"north": {"uv": [0, 0, 1, 1], "texture": "#1"},
				"east": {"uv": [0, 0, 8, 1], "texture": "#1"},
				"south": {"uv": [0, 0, 1, 1], "texture": "#1"},
				"west": {"uv": [0, 0, 8, 1], "texture": "#1"},
				"up": {"uv": [0, 0, 1, 8], "texture": "#1"},
				"down": {"uv": [0, 0, 1, 8], "texture": "#1"}
			}
		},
		{
			"from": [8, 3, 11],
			"to": [8, 4, 15],
			"rotation": {"angle": 0, "axis": "y", "origin": [0, 0, 2]},
			"faces": {
				"north": {"uv": [0, 0, 0, 0.5], "texture": "#1"},
				"east": {"uv": [0, 0, 2, 0.5], "texture": "#1"},
				"south": {"uv": [0, 0, 0, 0.5], "texture": "#1"},
				"west": {"uv": [0, 0, 2, 0.5], "texture": "#1"},
				"up": {"uv": [0, 0, 0, 2], "texture": "#1"},
				"down": {"uv": [0, 0, 0, 2], "texture": "#1"}
			}
		},
		{
			"from": [8, 5, 12],
			"to": [8, 7, 13],
			"rotation": {"angle": 0, "axis": "y", "origin": [8, 5.75, 12]},
			"faces": {
				"north": {"uv": [0, 0, 0, 1], "texture": "#1"},
				"east": {"uv": [0, 0, 0.5, 1], "texture": "#1"},
				"south": {"uv": [0, 0, 0, 1], "texture": "#1"},
				"west": {"uv": [0, 0, 0.5, 1], "texture": "#1"},
				"up": {"uv": [0, 0, 0, 0.5], "texture": "#1"},
				"down": {"uv": [0, 0, 0, 0.5], "texture": "#1"}
			}
		},
		{
			"from": [8, 5, 11],
			"to": [8, 6, 12],
			"rotation": {"angle": 0, "axis": "y", "origin": [8, 5.75, 12]},
			"faces": {
				"north": {"uv": [0, 0, 0, 0.5], "texture": "#1"},
				"east": {"uv": [0, 0, 0.5, 0.5], "texture": "#1"},
				"south": {"uv": [0, 0, 0, 0.5], "texture": "#1"},
				"west": {"uv": [0, 0, 0.5, 0.5], "texture": "#1"},
				"up": {"uv": [0, 0, 0, 0.5], "texture": "#1"},
				"down": {"uv": [0, 0, 0, 0.5], "texture": "#1"}
			}
		},
		{
			"from": [8, 3.6, 8.1],
			"to": [8, 4.6, 11.1],
			"rotation": {"angle": 22.5, "axis": "x", "origin": [8, 3.5, 9.5]},
			"faces": {
				"north": {"uv": [0, 0, 0, 0.5], "texture": "#1"},
				"east": {"uv": [0, 0, 1.5, 0.5], "texture": "#1"},
				"south": {"uv": [0, 0, 0, 0.5], "texture": "#1"},
				"west": {"uv": [0, 0, 1.5, 0.5], "texture": "#1"},
				"up": {"uv": [0, 0, 0, 1.5], "texture": "#1"},
				"down": {"uv": [0, 0, 0, 1.5], "texture": "#1"}
			}
		},
		{
			"from": [7.5, 7.5, -16],
			"to": [8.5, 8.5, -8],
			"faces": {
				"north": {"uv": [0, 0, 0.5, 0.5], "texture": "#1"},
				"east": {"uv": [0, 0, 4, 0.5], "texture": "#1"},
				"south": {"uv": [0, 0, 0.5, 0.5], "texture": "#1"},
				"west": {"uv": [0, 0, 4, 0.5], "texture": "#1"},
				"up": {"uv": [0, 0, 0.5, 4], "texture": "#1"},
				"down": {"uv": [0, 0, 0.5, 4], "texture": "#1"}
			}
		},
		{
			"from": [7.63, 8.5, -12],
			"to": [8.38, 9.5, -8],
			"faces": {
				"north": {"uv": [0, 0, 0.375, 0.5], "texture": "#1"},
				"east": {"uv": [0, 0, 2, 0.5], "texture": "#1"},
				"south": {"uv": [0, 0, 0.375, 0.5], "texture": "#1"},
				"west": {"uv": [0, 0, 2, 0.5], "texture": "#1"},
				"up": {"uv": [0, 0, 0.375, 2], "texture": "#1"},
				"down": {"uv": [0, 0, 0.375, 2], "texture": "#1"}
			}
		},
		{
			"from": [7.63, 9.5, -11],
			"to": [8.38, 10.5, -8],
			"faces": {
				"north": {"uv": [0, 0, 0.375, 0.5], "texture": "#1"},
				"east": {"uv": [0, 0, 1.5, 0.5], "texture": "#1"},
				"south": {"uv": [0, 0, 0.375, 0.5], "texture": "#1"},
				"west": {"uv": [0, 0, 1.5, 0.5], "texture": "#1"},
				"up": {"uv": [0, 0, 0.375, 1.5], "texture": "#1"},
				"down": {"uv": [0, 0, 0.375, 1.5], "texture": "#1"}
			}
		},
		{
			"from": [7.63, 10.5, -10],
			"to": [8.38, 11.5, -8],
			"faces": {
				"north": {"uv": [0, 0, 0.375, 0.5], "texture": "#1"},
				"east": {"uv": [0, 0, 1, 0.5], "texture": "#1"},
				"south": {"uv": [0, 0, 0.375, 0.5], "texture": "#1"},
				"west": {"uv": [0, 0, 1, 0.5], "texture": "#1"},
				"up": {"uv": [0, 0, 0.375, 1], "texture": "#1"},
				"down": {"uv": [0, 0, 0.375, 1], "texture": "#1"}
			}
		},
		{
			"from": [7, 5, 3],
			"to": [9, 7, 10],
			"rotation": {"angle": 0, "axis": "y", "origin": [0, 0, 2]},
			"faces": {
				"north": {"uv": [0, 0, 1, 1], "texture": "#1"},
				"east": {"uv": [0, 0, 3.5, 1], "texture": "#1"},
				"south": {"uv": [0, 0, 1, 1], "texture": "#1"},
				"west": {"uv": [0, 0, 3.5, 1], "texture": "#1"},
				"up": {"uv": [0, 0, 1, 3.5], "texture": "#1"},
				"down": {"uv": [0, 0, 1, 3.5], "texture": "#1"}
			}
		},
		{
			"from": [7, 9, 3],
			"to": [9, 10, 15],
			"faces": {
				"north": {"uv": [0, 0, 1, 0.5], "texture": "#1"},
				"east": {"uv": [0, 0, 6, 0.5], "texture": "#1"},
				"south": {"uv": [0, 0, 1, 0.5], "texture": "#1"},
				"west": {"uv": [0, 0, 6, 0.5], "texture": "#1"},
				"up": {"uv": [0, 0, 1, 6], "texture": "#1"},
				"down": {"uv": [0, 0, 1, 6], "texture": "#1"}
			}
		},
		{
			"from": [7, 10, 4],
			"to": [9, 11, 12],
			"faces": {
				"north": {"uv": [0, 0, 1, 0.5], "texture": "#1"},
				"east": {"uv": [0, 0, 4, 0.5], "texture": "#1"},
				"south": {"uv": [0, 0, 1, 0.5], "texture": "#1"},
				"west": {"uv": [0, 0, 4, 0.5], "texture": "#1"},
				"up": {"uv": [0, 0, 1, 4], "texture": "#1"},
				"down": {"uv": [0, 0, 1, 4], "texture": "#1"}
			}
		}
	],
	"display": {
		"thirdperson_righthand": {
			"rotation": [70, 0, 0],
			"translation": [0.75, 6, 4.25],
			"scale": [0.7, 0.7, 0.7]
		},
		"thirdperson_lefthand": {
			"rotation": [70, 0, 0],
			"translation": [0.75, 6, 4.25],
			"scale": [0.7, 0.7, 0.7]
		},
		"firstperson_righthand": {
			"translation": [0.5, 1, -0.25]
		},
		"firstperson_lefthand": {
			"translation": [0.5, 1, -4]
		},
		"ground": {
			"translation": [0, 0.5, 0],
			"scale": [0.5, 0.5, 0.5]
		},
		"gui": {
			"rotation": [0, 90, 0],
			"translation": [0, 0, -0.25],
			"scale": [0.3, 0.4, 0.3]
		},
		"head": {
			"rotation": [10.5, 0, 0],
			"translation": [0, -0.25, 12]
		},
		"fixed": {
			"rotation": [0, -90, 0],
			"scale": [0.4, 0.4, 0.4]
		}
	},
	"groups": [
		{
			"name": "m4 carbine",
			"origin": [0, 0, 0],
			"color": 0,
			"nbt": "{}",
			"armAnimationEnabled": false,
			"children": [
				{
					"name": "frame1",
					"origin": [0, 0, 0],
					"color": 0,
					"nbt": "{}",
					"armAnimationEnabled": false,
					"children": [0, 1, 2, 3, 4, 5, 6, 7, 8, 9, 10, 11, 12, 13, 14, 15, 16, 17]
				},
				{
					"name": "frame2",
					"origin": [0, 0, 0],
					"color": 0,
					"nbt": "{}",
					"armAnimationEnabled": false,
					"children": [18, 19, 20, 21, 22, 23, 24, 25, 26, 27, 28, 29]
				}
			]
		}
	]
}