{
	"credit": "Made with Blockbench",
	"textures": {
		"0": "block/knifeframe2texture",
		"1": "block/knifeframe1texture",
		"particle": "block/knifeframe2texture"
	},
	"elements": [
		{
			"from": [7.25, 8, 9.25],
			"to": [9.25, 9, 10.25],
			"faces": {
				"north": {"uv": [4, 4, 6, 5], "texture": "#1"},
				"east": {"uv": [8, 8, 9, 9], "texture": "#1"},
				"south": {"uv": [4, 5, 6, 6], "texture": "#1"},
				"west": {"uv": [0, 9, 1, 10], "texture": "#1"},
				"up": {"uv": [2, 7, 0, 6], "texture": "#1"},
				"down": {"uv": [8, 0, 6, 1], "texture": "#1"}
			}
		},
		{
			"from": [7.38, 7, 9.38],
			"to": [9.13, 8, 10.13],
			"faces": {
				"north": {"uv": [6, 1, 8, 2], "texture": "#1"},
				"east": {"uv": [1, 9, 2, 10], "texture": "#1"},
				"south": {"uv": [2, 6, 4, 7], "texture": "#1"},
				"west": {"uv": [2, 9, 3, 10], "texture": "#1"},
				"up": {"uv": [8, 3, 6, 2], "texture": "#1"},
				"down": {"uv": [8, 3, 6, 4], "texture": "#1"}
			}
		},
		{
			"from": [7.25, 6, 9.25],
			"to": [9.25, 7, 10.25],
			"faces": {
				"north": {"uv": [4, 6, 6, 7], "texture": "#1"},
				"east": {"uv": [3, 9, 4, 10], "texture": "#1"},
				"south": {"uv": [6, 4, 8, 5], "texture": "#1"},
				"west": {"uv": [4, 9, 5, 10], "texture": "#1"},
				"up": {"uv": [8, 6, 6, 5], "texture": "#1"},
				"down": {"uv": [8, 6, 6, 7], "texture": "#1"}
			}
		},
		{
			"from": [7.38, 5, 9.38],
			"to": [9.13, 6, 10.13],
			"faces": {
				"north": {"uv": [0, 7, 2, 8], "texture": "#1"},
				"east": {"uv": [5, 9, 6, 10], "texture": "#1"},
				"south": {"uv": [2, 7, 4, 8], "texture": "#1"},
				"west": {"uv": [6, 9, 7, 10], "texture": "#1"},
				"up": {"uv": [6, 8, 4, 7], "texture": "#1"},
				"down": {"uv": [8, 7, 6, 8], "texture": "#1"}
			}
		},
		{
			"from": [7.25, 4, 9.25],
			"to": [9.25, 5, 10.25],
			"faces": {
				"north": {"uv": [0, 8, 2, 9], "texture": "#1"},
				"east": {"uv": [7, 9, 8, 10], "texture": "#1"},
				"south": {"uv": [8, 0, 10, 1], "texture": "#1"},
				"west": {"uv": [8, 9, 9, 10], "texture": "#1"},
				"up": {"uv": [10, 2, 8, 1], "texture": "#1"},
				"down": {"uv": [4, 8, 2, 9], "texture": "#1"}
			}
		},
		{
			"from": [7.38, 3, 9.38],
			"to": [9.13, 4, 10.13],
			"faces": {
				"north": {"uv": [8, 2, 10, 3], "texture": "#1"},
				"east": {"uv": [9, 8, 10, 9], "texture": "#1"},
				"south": {"uv": [8, 3, 10, 4], "texture": "#1"},
				"west": {"uv": [9, 9, 10, 10], "texture": "#1"},
				"up": {"uv": [6, 9, 4, 8], "texture": "#1"},
				"down": {"uv": [10, 4, 8, 5], "texture": "#1"}
			}
		},
		{
			"from": [7.25, 2, 9.25],
			"to": [9.25, 3, 10.25],
			"faces": {
				"north": {"uv": [8, 5, 10, 6], "texture": "#1"},
				"east": {"uv": [0, 10, 1, 11], "texture": "#1"},
				"south": {"uv": [6, 8, 8, 9], "texture": "#1"},
				"west": {"uv": [10, 0, 11, 1], "texture": "#1"},
				"up": {"uv": [10, 7, 8, 6], "texture": "#1"},
				"down": {"uv": [10, 7, 8, 8], "texture": "#1"}
			}
		},
		{
			"from": [7, 0, 9],
			"to": [9.5, 2, 10.5],
			"faces": {
				"north": {"uv": [0, 0, 3, 2], "texture": "#1"},
				"east": {"uv": [0, 4, 2, 6], "texture": "#1"},
				"south": {"uv": [0, 2, 3, 4], "texture": "#1"},
				"west": {"uv": [2, 4, 4, 6], "texture": "#1"},
				"up": {"uv": [6, 2, 3, 0], "texture": "#1"},
				"down": {"uv": [6, 2, 3, 4], "texture": "#1"}
			}
		},
		{
			"from": [6.5, 9.69, 9.5],
			"to": [10.1, 11.09, 10.1],
			"faces": {
				"north": {"uv": [0, 0, 4, 1], "texture": "#0"},
				"east": {"uv": [11, 1, 12, 2], "texture": "#0"},
				"south": {"uv": [0, 1, 4, 2], "texture": "#0"},
				"west": {"uv": [2, 11, 3, 12], "texture": "#0"},
				"up": {"uv": [4, 3, 0, 2], "texture": "#0"},
				"down": {"uv": [4, 3, 0, 4], "texture": "#0"}
			}
		},
		{
			"from": [6.5, 11.1, 9.5],
			"to": [9.9, 12.5, 10.1],
			"faces": {
				"north": {"uv": [0, 8, 3, 9], "texture": "#0"},
				"east": {"uv": [11, 2, 12, 3], "texture": "#0"},
				"south": {"uv": [8, 0, 11, 1], "texture": "#0"},
				"west": {"uv": [3, 11, 4, 12], "texture": "#0"},
				"up": {"uv": [11, 2, 8, 1], "texture": "#0"},
				"down": {"uv": [11, 2, 8, 3], "texture": "#0"}
			}
		},
		{
			"from": [6.5, 12.5, 9.5],
			"to": [10.1, 13.9, 10.1],
			"faces": {
				"north": {"uv": [0, 4, 4, 5], "texture": "#0"},
				"east": {"uv": [11, 3, 12, 4], "texture": "#0"},
				"south": {"uv": [4, 0, 8, 1], "texture": "#0"},
				"west": {"uv": [4, 11, 5, 12], "texture": "#0"},
				"up": {"uv": [8, 2, 4, 1], "texture": "#0"},
				"down": {"uv": [8, 2, 4, 3], "texture": "#0"}
			}
		},
		{
			"from": [6.5, 13.9, 9.5],
			"to": [9.9, 15.3, 10.1],
			"faces": {
				"north": {"uv": [3, 8, 6, 9], "texture": "#0"},
				"east": {"uv": [11, 4, 12, 5], "texture": "#0"},
				"south": {"uv": [8, 3, 11, 4], "texture": "#0"},
				"west": {"uv": [5, 11, 6, 12], "texture": "#0"},
				"up": {"uv": [11, 5, 8, 4], "texture": "#0"},
				"down": {"uv": [11, 5, 8, 6], "texture": "#0"}
			}
		},
		{
			"from": [6.5, 15.3, 9.5],
			"to": [10.1, 16.7, 10.1],
			"faces": {
				"north": {"uv": [4, 3, 8, 4], "texture": "#0"},
				"east": {"uv": [11, 5, 12, 6], "texture": "#0"},
				"south": {"uv": [4, 4, 8, 5], "texture": "#0"},
				"west": {"uv": [6, 11, 7, 12], "texture": "#0"},
				"up": {"uv": [4, 6, 0, 5], "texture": "#0"},
				"down": {"uv": [8, 5, 4, 6], "texture": "#0"}
			}
		},
		{
			"from": [6.9, 16.7, 9.5],
			"to": [10.1, 17.7, 10.1],
			"faces": {
				"north": {"uv": [6, 8, 9, 9], "texture": "#0"},
				"east": {"uv": [11, 6, 12, 7], "texture": "#0"},
				"south": {"uv": [8, 6, 11, 7], "texture": "#0"},
				"west": {"uv": [7, 11, 8, 12], "texture": "#0"},
				"up": {"uv": [11, 8, 8, 7], "texture": "#0"},
				"down": {"uv": [3, 9, 0, 10], "texture": "#0"}
			}
		},
		{
			"from": [7.3, 17.7, 9.5],
			"to": [10.1, 18.7, 10.1],
			"faces": {
				"north": {"uv": [3, 9, 6, 10], "texture": "#0"},
				"east": {"uv": [11, 7, 12, 8], "texture": "#0"},
				"south": {"uv": [6, 9, 9, 10], "texture": "#0"},
				"west": {"uv": [8, 11, 9, 12], "texture": "#0"},
				"up": {"uv": [12, 9, 9, 8], "texture": "#0"},
				"down": {"uv": [12, 9, 9, 10], "texture": "#0"}
			}
		},
		{
			"from": [7.7, 18.7, 9.5],
			"to": [10, 19.7, 10.1],
			"faces": {
				"north": {"uv": [0, 10, 2, 11], "texture": "#0"},
				"east": {"uv": [9, 11, 10, 12], "texture": "#0"},
				"south": {"uv": [2, 10, 4, 11], "texture": "#0"},
				"west": {"uv": [10, 11, 11, 12], "texture": "#0"},
				"up": {"uv": [6, 11, 4, 10], "texture": "#0"},
				"down": {"uv": [8, 10, 6, 11], "texture": "#0"}
			}
		},
		{
			"from": [8.1, 19.7, 9.5],
			"to": [9.9, 20.7, 10.1],
			"faces": {
				"north": {"uv": [8, 10, 10, 11], "texture": "#0"},
				"east": {"uv": [11, 11, 12, 12], "texture": "#0"},
				"south": {"uv": [10, 10, 12, 11], "texture": "#0"},
				"west": {"uv": [0, 12, 1, 13], "texture": "#0"},
				"up": {"uv": [2, 12, 0, 11], "texture": "#0"},
				"down": {"uv": [13, 0, 11, 1], "texture": "#0"}
			}
		},
		{
			"from": [8.5, 20.7, 9.5],
			"to": [9.8, 21.7, 10.1],
			"faces": {
				"north": {"uv": [1, 12, 2, 13], "texture": "#0"},
				"east": {"uv": [12, 1, 13, 2], "texture": "#0"},
				"south": {"uv": [2, 12, 3, 13], "texture": "#0"},
				"west": {"uv": [12, 2, 13, 3], "texture": "#0"},
				"up": {"uv": [4, 13, 3, 12], "texture": "#0"},
				"down": {"uv": [13, 3, 12, 4], "texture": "#0"}
			}
		},
		{
			"from": [10.25, 9, 9.25],
			"to": [10.85, 9.7, 10.25],
			"faces": {
				"north": {"uv": [4, 12, 5, 13], "texture": "#0"},
				"east": {"uv": [12, 4, 13, 5], "texture": "#0"},
				"south": {"uv": [5, 12, 6, 13], "texture": "#0"},
				"west": {"uv": [12, 5, 13, 6], "texture": "#0"},
				"up": {"uv": [7, 13, 6, 12], "texture": "#0"},
				"down": {"uv": [13, 6, 12, 7], "texture": "#0"}
			}
		},
		{
			"from": [6.25, 9, 9.25],
			"to": [10.25, 9.7, 10.25],
			"faces": {
				"north": {"uv": [0, 6, 4, 7], "texture": "#0"},
				"east": {"uv": [7, 12, 8, 13], "texture": "#0"},
				"south": {"uv": [4, 6, 8, 7], "texture": "#0"},
				"west": {"uv": [12, 7, 13, 8], "texture": "#0"},
				"up": {"uv": [4, 8, 0, 7], "texture": "#0"},
				"down": {"uv": [8, 7, 4, 8], "texture": "#0"}
			}
		}
	],
	"display": {
		"thirdperson_righthand": {
			"rotation": [0, -90, 0],
			"translation": [2, 1, 0],
			"scale": [0.6, 0.6, 0.6]
		},
		"thirdperson_lefthand": {
			"rotation": [0, 90, 0],
			"translation": [0.25, 1, 0],
			"scale": [0.6, 0.6, 0.6]
		},
		"firstperson_righthand": {
			"rotation": [8, -90, 0],
			"translation": [-2.25, 3.25, 5],
			"scale": [0.5, 0.5, 0.5]
		},
		"firstperson_lefthand": {
			"rotation": [8, 90, 0],
			"translation": [-4, 3.25, 5],
			"scale": [0.5, 0.5, 0.5]
		},
		"ground": {
			"rotation": [0, 0, 50],
			"translation": [0, 1, 0],
			"scale": [0.7, 0.7, 0.7]
		},
		"gui": {
			"rotation": [0, 0, -38],
			"translation": [-0.75, -1.25, 0],
			"scale": [0.8, 0.8, 0.8]
		},
		"head": {
			"rotation": [-77, 90, 0],
			"translation": [0, 2, 0]
		},
		"fixed": {
			"translation": [0, -2, -1.75],
			"scale": [0.7, 0.7, 0.7]
		}
	},
	"groups": [
		{
			"name": "bayonet",
			"origin": [0, 0, 0],
			"color": 0,
			"children": [
				{
					"name": "frame1",
					"origin": [0, 0, 0],
					"color": 0,
					"children": [0, 1, 2, 3, 4, 5, 6, 7]
				},
				{
					"name": "frame2",
					"origin": [0, 0, 0],
					"color": 0,
					"children": [8, 9, 10, 11, 12, 13, 14, 15, 16, 17, 18, 19]
				}
			]
		}
	]
}