{
	"credit": "Made with Blockbench",
	"textures": {
		"0": "block/glockammotexture",
		"particle": "block/glockammotexture"
	},
	"elements": [
		{
			"from": [7, 0, 8],
			"to": [9, 0.2, 10],
			"faces": {
				"north": {"uv": [2, 8, 4, 9], "texture": "#0"},
				"east": {"uv": [8, 2, 10, 3], "texture": "#0"},
				"south": {"uv": [8, 3, 10, 4], "texture": "#0"},
				"west": {"uv": [4, 8, 6, 9], "texture": "#0"},
				"up": {"uv": [2, 10, 0, 8], "texture": "#0"},
				"down": {"uv": [10, 0, 8, 2], "texture": "#0"}
			}
		},
		{
			"from": [7, 0.2, 9.8],
			"to": [9, 1.4, 10],
			"faces": {
				"north": {"uv": [8, 4, 10, 5], "texture": "#0"},
				"east": {"uv": [8, 7, 9, 8], "texture": "#0"},
				"south": {"uv": [8, 5, 10, 6], "texture": "#0"},
				"west": {"uv": [8, 8, 9, 9], "texture": "#0"},
				"up": {"uv": [8, 9, 6, 8], "texture": "#0"},
				"down": {"uv": [10, 6, 8, 7], "texture": "#0"}
			}
		},
		{
			"from": [7.15, 0.2, 8.15],
			"to": [8.85, 6.4, 9.85],
			"faces": {
				"north": {"uv": [0, 0, 2, 4], "texture": "#0"},
				"east": {"uv": [2, 0, 4, 4], "texture": "#0"},
				"south": {"uv": [0, 4, 2, 8], "texture": "#0"},
				"west": {"uv": [4, 0, 6, 4], "texture": "#0"},
				"up": {"uv": [8, 6, 6, 4], "texture": "#0"},
				"down": {"uv": [8, 6, 6, 8], "texture": "#0"}
			}
		},
		{
			"from": [7.25, 6.4, 8.25],
			"to": [8.75, 6.6, 9.75],
			"faces": {
				"north": {"uv": [2, 4, 4, 6], "texture": "#0"},
				"east": {"uv": [4, 4, 6, 6], "texture": "#0"},
				"south": {"uv": [6, 0, 8, 2], "texture": "#0"},
				"west": {"uv": [2, 6, 4, 8], "texture": "#0"},
				"up": {"uv": [8, 4, 6, 2], "texture": "#0"},
				"down": {"uv": [6, 6, 4, 8], "texture": "#0"}
			}
		}
	],
	"display": {
		"thirdperson_righthand": {
			"translation": [0.75, 4, 0.5],
			"scale": [0.5, 0.5, 0.5]
		},
		"thirdperson_lefthand": {
			"translation": [0.75, 4, 0.5],
			"scale": [0.5, 0.5, 0.5]
		},
		"firstperson_righthand": {
			"rotation": [-28, 90, 0],
			"translation": [-3.5, 6.35, 4.3],
			"scale": [0.68, 0.68, 0.68]
		},
		"firstperson_lefthand": {
			"rotation": [-28, 90, 0],
			"translation": [-3.5, 6.35, 4.3],
			"scale": [0.68, 0.68, 0.68]
		},
		"ground": {
			"rotation": [-5.18, 0.92, -20.01],
			"translation": [0, 5.5, 0]
		},
		"gui": {
			"rotation": [-180, 74.75, -162.75],
			"translation": [-1, 7.25, 0],
			"scale": [1.5, 1.5, 1.5]
		},
		"head": {
			"rotation": [-46.75, 0, 0],
			"translation": [0, 0, -10]
		},
		"fixed": {
			"rotation": [1.97, -61.48, 3.31],
			"translation": [1.25, 9.75, -1.25],
			"scale": [2, 2, 2]
		}
	}
}