{
	"credit": "Made with Blockbench",
	"textures": {
		"0": "block/rpgframe3texture",
		"1": "block/rpgframe1texture",
		"2": "block/rpgframe2texture",
		"particle": "block/rpgframe3texture"
	},
	"elements": [
		{
			"from": [7, 7, -4],
			"to": [9, 9, -2],
			"faces": {
				"north": {"uv": [11, 0, 13, 2], "texture": "#2"},
				"east": {"uv": [5, 11, 7, 13], "texture": "#2"},
				"south": {"uv": [11, 5, 13, 7], "texture": "#2"},
				"west": {"uv": [0, 12, 2, 14], "texture": "#2"},
				"up": {"uv": [4, 14, 2, 12], "texture": "#2"},
				"down": {"uv": [14, 2, 12, 4], "texture": "#2"}
			}
		},
		{
			"from": [6.75, 6.75, -6],
			"to": [9.25, 9.25, -4],
			"faces": {
				"north": {"uv": [0, 0, 3, 3], "texture": "#2"},
				"east": {"uv": [9, 0, 11, 3], "texture": "#2"},
				"south": {"uv": [0, 3, 3, 6], "texture": "#2"},
				"west": {"uv": [3, 9, 5, 12], "texture": "#2"},
				"up": {"uv": [12, 5, 9, 3], "texture": "#2"},
				"down": {"uv": [8, 9, 5, 11], "texture": "#2"}
			}
		},
		{
			"from": [6.5, 6.5, -9],
			"to": [9.5, 9.5, -6],
			"faces": {
				"north": {"uv": [3, 0, 6, 3], "texture": "#2"},
				"east": {"uv": [3, 3, 6, 6], "texture": "#2"},
				"south": {"uv": [0, 6, 3, 9], "texture": "#2"},
				"west": {"uv": [6, 0, 9, 3], "texture": "#2"},
				"up": {"uv": [6, 9, 3, 6], "texture": "#2"},
				"down": {"uv": [9, 3, 6, 6], "texture": "#2"}
			}
		},
		{
			"from": [6.75, 6.75, -11],
			"to": [9.25, 9.25, -9],
			"faces": {
				"north": {"uv": [6, 6, 9, 9], "texture": "#2"},
				"east": {"uv": [9, 5, 11, 8], "texture": "#2"},
				"south": {"uv": [0, 9, 3, 12], "texture": "#2"},
				"west": {"uv": [8, 9, 10, 12], "texture": "#2"},
				"up": {"uv": [13, 10, 10, 8], "texture": "#2"},
				"down": {"uv": [13, 10, 10, 12], "texture": "#2"}
			}
		},
		{
			"from": [7, 7, -13],
			"to": [9, 9, -11],
			"faces": {
				"north": {"uv": [7, 12, 9, 14], "texture": "#2"},
				"east": {"uv": [9, 12, 11, 14], "texture": "#2"},
				"south": {"uv": [11, 12, 13, 14], "texture": "#2"},
				"west": {"uv": [13, 0, 15, 2], "texture": "#2"},
				"up": {"uv": [6, 15, 4, 13], "texture": "#2"},
				"down": {"uv": [15, 4, 13, 6], "texture": "#2"}
			}
		},
		{
			"from": [7.25, 7.25, -14],
			"to": [8.75, 8.75, -13],
			"faces": {
				"north": {"uv": [13, 6, 15, 8], "texture": "#2"},
				"east": {"uv": [6, 13, 7, 15], "texture": "#2"},
				"south": {"uv": [13, 8, 15, 10], "texture": "#2"},
				"west": {"uv": [13, 10, 14, 12], "texture": "#2"},
				"up": {"uv": [13, 8, 11, 7], "texture": "#2"},
				"down": {"uv": [15, 12, 13, 13], "texture": "#2"}
			}
		},
		{
			"from": [6.85, -0.1, 15],
			"to": [9.15, 2.2, 16],
			"faces": {
				"north": {"uv": [7, 11, 9, 13], "texture": "#1"},
				"east": {"uv": [4, 13, 5, 15], "texture": "#1"},
				"south": {"uv": [11, 7, 13, 9], "texture": "#1"},
				"west": {"uv": [13, 10, 14, 12], "texture": "#1"},
				"up": {"uv": [11, 9, 9, 8], "texture": "#1"},
				"down": {"uv": [13, 13, 11, 14], "texture": "#1"}
			}
		},
		{
			"from": [6.85, 2.2, 14],
			"to": [9.15, 4.5, 16],
			"faces": {
				"north": {"uv": [6, 10, 8, 12], "texture": "#1"},
				"east": {"uv": [6, 10, 8, 12], "texture": "#1"},
				"south": {"uv": [6, 10, 8, 12], "texture": "#1"},
				"west": {"uv": [6, 10, 8, 12], "texture": "#1"},
				"up": {"uv": [6, 10, 8, 12], "texture": "#1"},
				"down": {"uv": [6, 10, 8, 12], "texture": "#1"}
			}
		},
		{
			"from": [6.85, 4.5, 13],
			"to": [9.15, 6.8, 17],
			"faces": {
				"north": {"uv": [0, 0, 2, 2], "texture": "#1"},
				"east": {"uv": [0, 0, 2, 2], "texture": "#1"},
				"south": {"uv": [0, 0, 2, 2], "texture": "#1"},
				"west": {"uv": [0, 0, 2, 2], "texture": "#1"},
				"up": {"uv": [0, 0, 2, 2], "texture": "#1"},
				"down": {"uv": [0, 0, 2, 2], "texture": "#1"}
			}
		},
		{
			"from": [6.9, 6.9, 23],
			"to": [9.1, 9.1, 26],
			"faces": {
				"north": {"uv": [13, 6, 15, 8], "texture": "#1"},
				"east": {"uv": [5, 9, 8, 11], "texture": "#1"},
				"south": {"uv": [7, 13, 9, 15], "texture": "#1"},
				"west": {"uv": [8, 9, 11, 11], "texture": "#1"},
				"up": {"uv": [13, 7, 11, 4], "texture": "#1"},
				"down": {"uv": [7, 11, 5, 14], "texture": "#1"}
			}
		},
		{
			"from": [6.75, 6.75, 16],
			"to": [9.25, 9.25, 22],
			"faces": {
				"north": {"uv": [3, 6, 6, 9], "texture": "#1"},
				"east": {"uv": [0, 0, 6, 3], "texture": "#1"},
				"south": {"uv": [6, 6, 9, 9], "texture": "#1"},
				"west": {"uv": [0, 3, 6, 6], "texture": "#1"},
				"up": {"uv": [3, 12, 0, 6], "texture": "#1"},
				"down": {"uv": [9, 0, 6, 6], "texture": "#1"}
			}
		},
		{
			"from": [6.85, 6.85, 22],
			"to": [9.15, 9.15, 23],
			"faces": {
				"north": {"uv": [13, 8, 15, 10], "texture": "#1"},
				"east": {"uv": [13, 12, 14, 14], "texture": "#1"},
				"south": {"uv": [9, 13, 11, 15], "texture": "#1"},
				"west": {"uv": [0, 14, 1, 16], "texture": "#1"},
				"up": {"uv": [7, 15, 5, 14], "texture": "#1"},
				"down": {"uv": [16, 10, 14, 11], "texture": "#1"}
			}
		},
		{
			"from": [6.85, 6.85, 11],
			"to": [9.15, 9.15, 16],
			"faces": {
				"north": {"uv": [4, 3.5, 0, 0], "texture": "#1"},
				"east": {"uv": [4, 3.5, 0, 0], "texture": "#1"},
				"south": {"uv": [4, 3.5, 0, 0], "texture": "#1"},
				"west": {"uv": [4, 3.5, 0, 0], "texture": "#1"},
				"up": {"uv": [4, 3.5, 0, 0], "texture": "#1"},
				"down": {"uv": [4, 3.5, 0, 0], "texture": "#1"}
			}
		},
		{
			"from": [7, 0, 7],
			"to": [9, 2, 9],
			"faces": {
				"north": {"uv": [6.5, 3, 7.5, 4], "texture": "#0"},
				"east": {"uv": [7.5, 3, 8.5, 4], "texture": "#0"},
				"south": {"uv": [8.5, 3, 9.5, 4], "texture": "#0"},
				"west": {"uv": [8.5, 4, 9.5, 5], "texture": "#0"},
				"up": {"uv": [9.5, 6, 8.5, 5], "texture": "#0"},
				"down": {"uv": [9.5, 7.5, 8.5, 8.5], "texture": "#0"}
			}
		},
		{
			"from": [7, 2, 6],
			"to": [9, 5, 9],
			"faces": {
				"north": {"uv": [8, 1.5, 9, 3], "texture": "#0"},
				"east": {"uv": [6, 6, 7.5, 7.5], "texture": "#0"},
				"south": {"uv": [4, 8, 5, 9.5], "texture": "#0"},
				"west": {"uv": [6.5, 0, 8, 1.5], "texture": "#0"},
				"up": {"uv": [1, 10, 0, 8.5], "texture": "#0"},
				"down": {"uv": [2, 8.5, 1, 10], "texture": "#0"}
			}
		},
		{
			"from": [8, 3.5, 5],
			"to": [8, 5, 5.75],
			"faces": {
				"north": {"uv": [0, 0, 0, 1], "texture": "#0"},
				"east": {"uv": [5.5, 6.5, 6, 7.5], "texture": "#0"},
				"south": {"uv": [0, 0, 0, 1], "texture": "#0"},
				"west": {"uv": [1.5, 10.5, 2, 11.5], "texture": "#0"},
				"up": {"uv": [0, 0.5, 0, 0], "texture": "#0"},
				"down": {"uv": [0, 0, 0, 0.5], "texture": "#0"}
			}
		},
		{
			"from": [8, 3.5, 4.25],
			"to": [8, 4.25, 5],
			"faces": {
				"north": {"uv": [0, 0, 0, 0.5], "texture": "#0"},
				"east": {"uv": [9, 2.5, 9.5, 3], "texture": "#0"},
				"south": {"uv": [0, 0, 0, 0.5], "texture": "#0"},
				"west": {"uv": [8.5, 10.5, 9, 11], "texture": "#0"},
				"up": {"uv": [0, 0.5, 0, 0], "texture": "#0"},
				"down": {"uv": [0, 0, 0, 0.5], "texture": "#0"}
			}
		},
		{
			"from": [8, 2.3, 4],
			"to": [8, 2.8, 6],
			"faces": {
				"north": {"uv": [0, 0, 0, 0.5], "texture": "#0"},
				"east": {"uv": [10.5, 2.5, 11.5, 3], "texture": "#0"},
				"south": {"uv": [0, 0, 0, 0.5], "texture": "#0"},
				"west": {"uv": [10.5, 3, 11.5, 3.5], "texture": "#0"},
				"up": {"uv": [0, 1, 0, 0], "texture": "#0"},
				"down": {"uv": [0, 0, 0, 1], "texture": "#0"}
			}
		},
		{
			"from": [8, 2.7, 3.01],
			"to": [8, 3.2, 4.01],
			"rotation": {"angle": 22.5, "axis": "x", "origin": [8, 2.25, 3]},
			"faces": {
				"north": {"uv": [0, 0, 0, 0.5], "texture": "#0"},
				"east": {"uv": [10, 10.5, 10.5, 11], "texture": "#0"},
				"south": {"uv": [0, 0, 0, 0.5], "texture": "#0"},
				"west": {"uv": [10.5, 10.5, 11, 11], "texture": "#0"},
				"up": {"uv": [0, 0.5, 0, 0], "texture": "#0"},
				"down": {"uv": [0, 0, 0, 0.5], "texture": "#0"}
			}
		},
		{
			"from": [8, 2.8, 3.2],
			"to": [8, 6.8, 3.7],
			"rotation": {"angle": 0, "axis": "x", "origin": [8, 2.80707, 2.70037]},
			"faces": {
				"north": {"uv": [0, 0, 0, 2], "texture": "#0"},
				"east": {"uv": [5, 8, 5.5, 10], "texture": "#0"},
				"south": {"uv": [0, 0, 0, 2], "texture": "#0"},
				"west": {"uv": [8.5, 8.5, 9, 10.5], "texture": "#0"},
				"up": {"uv": [0, 0.5, 0, 0], "texture": "#0"},
				"down": {"uv": [0, 0, 0, 0.5], "texture": "#0"}
			}
		},
		{
			"from": [7, 5, 5],
			"to": [9, 7, 10],
			"faces": {
				"north": {"uv": [9, 1.5, 10, 2.5], "texture": "#0"},
				"east": {"uv": [4, 2, 6.5, 3], "texture": "#0"},
				"south": {"uv": [5.5, 9, 6.5, 10], "texture": "#0"},
				"west": {"uv": [4, 3, 6.5, 4], "texture": "#0"},
				"up": {"uv": [5, 6.5, 4, 4], "texture": "#0"},
				"down": {"uv": [6, 4, 5, 6.5], "texture": "#0"}
			}
		},
		{
			"from": [7, 6, 2],
			"to": [9, 7, 5],
			"faces": {
				"north": {"uv": [6.5, 10.5, 7.5, 11], "texture": "#0"},
				"east": {"uv": [10, 4.5, 11.5, 5], "texture": "#0"},
				"south": {"uv": [10.5, 8.5, 11.5, 9], "texture": "#0"},
				"west": {"uv": [10, 5, 11.5, 5.5], "texture": "#0"},
				"up": {"uv": [3, 10, 2, 8.5], "texture": "#0"},
				"down": {"uv": [4, 8.5, 3, 10], "texture": "#0"}
			}
		},
		{
			"from": [7, 7, -2],
			"to": [9, 9, 11],
			"faces": {
				"north": {"uv": [9, 6, 10, 7], "texture": "#0"},
				"east": {"uv": [0, 0, 6.5, 1], "texture": "#0"},
				"south": {"uv": [6.5, 9, 7.5, 10], "texture": "#0"},
				"west": {"uv": [0, 1, 6.5, 2], "texture": "#0"},
				"up": {"uv": [1, 8.5, 0, 2], "texture": "#0"},
				"down": {"uv": [2, 2, 1, 8.5], "texture": "#0"}
			}
		},
		{
			"from": [6.85, 6.85, 26],
			"to": [9.15, 9.15, 27],
			"faces": {
				"north": {"uv": [9.5, 0, 10.5, 1], "texture": "#0"},
				"east": {"uv": [2, 10.5, 2.5, 11.5], "texture": "#0"},
				"south": {"uv": [9.5, 2.5, 10.5, 3.5], "texture": "#0"},
				"west": {"uv": [7.5, 10.5, 8, 11.5], "texture": "#0"},
				"up": {"uv": [11.5, 9.5, 10.5, 9], "texture": "#0"},
				"down": {"uv": [11.5, 9.5, 10.5, 10], "texture": "#0"}
			}
		},
		{
			"from": [6.75, 6.75, 27],
			"to": [9.25, 9.25, 28],
			"faces": {
				"north": {"uv": [6.5, 1.5, 8, 3], "texture": "#0"},
				"east": {"uv": [5.5, 10, 6, 11.5], "texture": "#0"},
				"south": {"uv": [4, 6.5, 5.5, 8], "texture": "#0"},
				"west": {"uv": [6, 10, 6.5, 11.5], "texture": "#0"},
				"up": {"uv": [11.5, 6.5, 10, 6], "texture": "#0"},
				"down": {"uv": [8, 10, 6.5, 10.5], "texture": "#0"}
			}
		},
		{
			"from": [6.65, 6.65, 28],
			"to": [9.35, 9.35, 29],
			"faces": {
				"north": {"uv": [5.5, 7.5, 7, 9], "texture": "#0"},
				"east": {"uv": [8, 10, 8.5, 11.5], "texture": "#0"},
				"south": {"uv": [7.5, 6, 9, 7.5], "texture": "#0"},
				"west": {"uv": [10, 8.5, 10.5, 10], "texture": "#0"},
				"up": {"uv": [11.5, 7, 10, 6.5], "texture": "#0"},
				"down": {"uv": [11.5, 10, 10, 10.5], "texture": "#0"}
			}
		},
		{
			"from": [6.5, 6.5, 29],
			"to": [9.5, 9.5, 30],
			"faces": {
				"north": {"uv": [7, 7.5, 8.5, 9], "texture": "#0"},
				"east": {"uv": [0.5, 10.5, 1, 12], "texture": "#0"},
				"south": {"uv": [8, 0, 9.5, 1.5], "texture": "#0"},
				"west": {"uv": [1, 10.5, 1.5, 12], "texture": "#0"},
				"up": {"uv": [12, 0.5, 10.5, 0], "texture": "#0"},
				"down": {"uv": [12, 0.5, 10.5, 1], "texture": "#0"}
			}
		},
		{
			"from": [6, 6, 30],
			"to": [10, 10, 31],
			"faces": {
				"north": {"uv": [2, 2, 4, 4], "texture": "#0"},
				"east": {"uv": [9.5, 3.5, 10, 5.5], "texture": "#0"},
				"south": {"uv": [2, 4, 4, 6], "texture": "#0"},
				"west": {"uv": [4, 9.5, 4.5, 11.5], "texture": "#0"},
				"up": {"uv": [11, 7.5, 9, 7], "texture": "#0"},
				"down": {"uv": [11.5, 1, 9.5, 1.5], "texture": "#0"}
			}
		},
		{
			"from": [9.6, 6, 31],
			"to": [10, 10, 32],
			"faces": {
				"north": {"uv": [4.5, 9.5, 5, 11.5], "texture": "#0"},
				"east": {"uv": [9, 9.5, 9.5, 11.5], "texture": "#0"},
				"south": {"uv": [9.5, 9.5, 10, 11.5], "texture": "#0"},
				"west": {"uv": [0, 10, 0.5, 12], "texture": "#0"},
				"up": {"uv": [7, 11.5, 6.5, 11], "texture": "#0"},
				"down": {"uv": [7.5, 11, 7, 11.5], "texture": "#0"}
			}
		},
		{
			"from": [6, 6, 31],
			"to": [10, 6.4, 32],
			"rotation": {"angle": 0, "axis": "z", "origin": [9.8, 8, 31.5]},
			"faces": {
				"north": {"uv": [9.5, 5.5, 11.5, 6], "texture": "#0"},
				"east": {"uv": [11, 7, 11.5, 7.5], "texture": "#0"},
				"south": {"uv": [9.5, 7.5, 11.5, 8], "texture": "#0"},
				"west": {"uv": [8.5, 11, 9, 11.5], "texture": "#0"},
				"up": {"uv": [11.5, 8.5, 9.5, 8], "texture": "#0"},
				"down": {"uv": [2.5, 10, 0.5, 10.5], "texture": "#0"}
			}
		},
		{
			"from": [6, 9.6, 31],
			"to": [10, 10, 32],
			"rotation": {"angle": 0, "axis": "z", "origin": [9.7, 8, 31.5]},
			"faces": {
				"north": {"uv": [10, 1.5, 12, 2], "texture": "#0"},
				"east": {"uv": [10, 11, 10.5, 11.5], "texture": "#0"},
				"south": {"uv": [10, 2, 12, 2.5], "texture": "#0"},
				"west": {"uv": [10.5, 11, 11, 11.5], "texture": "#0"},
				"up": {"uv": [12, 4, 10, 3.5], "texture": "#0"},
				"down": {"uv": [12, 4, 10, 4.5], "texture": "#0"}
			}
		},
		{
			"from": [6, 6, 31],
			"to": [6.4, 10, 32],
			"rotation": {"angle": 0, "axis": "z", "origin": [8, 9.7, 31.5]},
			"faces": {
				"north": {"uv": [2.5, 10, 3, 12], "texture": "#0"},
				"east": {"uv": [3, 10, 3.5, 12], "texture": "#0"},
				"south": {"uv": [3.5, 10, 4, 12], "texture": "#0"},
				"west": {"uv": [5, 10, 5.5, 12], "texture": "#0"},
				"up": {"uv": [11.5, 11, 11, 10.5], "texture": "#0"},
				"down": {"uv": [11.5, 11, 11, 11.5], "texture": "#0"}
			}
		}
	],
	"display": {
		"thirdperson_righthand": {
			"rotation": [66, 0, 0],
			"translation": [0, 2.25, 9]
		},
		"thirdperson_lefthand": {
			"rotation": [66, 0, 0],
			"translation": [0, 2.25, 9]
		},
		"firstperson_righthand": {
			"translation": [-9, 5.5, 5.5]
		},
		"firstperson_lefthand": {
			"translation": [-9, 5.5, 5.5]
		},
		"ground": {
			"scale": [0.5, 0.5, 0.5]
		},
		"gui": {
			"rotation": [0, -90, 0],
			"translation": [0.25, 0, 0],
			"scale": [0.4, 0.35, 0.33]
		},
		"head": {
			"rotation": [14, 0, 0],
			"translation": [0, 0, 6.25]
		},
		"fixed": {
			"rotation": [0, 90, 0],
			"translation": [-1, 0, -0.5],
			"scale": [0.4, 0.4, 0.4]
		}
	},
	"groups": [
		{
			"name": "rpg",
			"origin": [8, 9.7, 31.5],
			"color": 0,
			"nbt": "{}",
			"armAnimationEnabled": false,
			"children": [
				{
					"name": "frame2",
					"origin": [0, 0, 0],
					"color": 0,
					"nbt": "{}",
					"armAnimationEnabled": false,
					"children": [0, 1, 2, 3, 4, 5]
				},
				{
					"name": "frame1",
					"origin": [0, 0, 0],
					"color": 0,
					"nbt": "{}",
					"armAnimationEnabled": false,
					"children": [6, 7, 8, 9, 10, 11, 12]
				},
				{
					"name": "frame3",
					"origin": [8, 9.7, 31.5],
					"color": 0,
					"nbt": "{}",
					"armAnimationEnabled": false,
					"children": [13, 14, 15, 16, 17, 18, 19, 20, 21, 22, 23, 24, 25, 26, 27, 28, 29, 30, 31]
				}
			]
		}
	]
}