{
	"credit": "Made with Blockbench",
	"texture_size": [32, 32],
	"textures": {
		"0": "block/spasframe1texture",
		"1": "block/spasframe2texture",
		"particle": "block/spasframe1texture"
	},
	"elements": [
		{
			"from": [6.5, 5.75, -3],
			"to": [9.8, 9.05, 9],
			"faces": {
				"north": {"uv": [3, 5, 4.5, 6.5], "texture": "#0"},
				"east": {"uv": [0, 0, 6, 1.5], "texture": "#0"},
				"south": {"uv": [4.5, 5, 6, 6.5], "texture": "#0"},
				"west": {"uv": [0, 1.5, 6, 3], "texture": "#0"},
				"up": {"uv": [1.5, 9, 0, 3], "texture": "#0"},
				"down": {"uv": [3, 3, 1.5, 9], "texture": "#0"}
			}
		},
		{
			"from": [6.9, 9.5, 0.45672],
			"to": [9.4, 10, 2.45672],
			"rotation": {"angle": 0, "axis": "x", "origin": [9.15, 11.6961, 6.45672]},
			"faces": {
				"north": {"uv": [6, 6, 7.5, 6.5], "texture": "#0"},
				"east": {"uv": [7.5, 0.5, 8.5, 1], "texture": "#0"},
				"south": {"uv": [3, 6.5, 4.5, 7], "texture": "#0"},
				"west": {"uv": [7.5, 1, 8.5, 1.5], "texture": "#0"},
				"up": {"uv": [7.5, 4, 6, 3], "texture": "#0"},
				"down": {"uv": [7.5, 4, 6, 5], "texture": "#0"}
			}
		},
		{
			"from": [6.9, 9, 0.45672],
			"to": [9.4, 9.5, 4.45672],
			"rotation": {"angle": 0, "axis": "x", "origin": [9.15, 11.6961, 6.45672]},
			"faces": {
				"north": {"uv": [6, 7, 7.5, 7.5], "texture": "#0"},
				"east": {"uv": [6, 5, 8, 5.5], "texture": "#0"},
				"south": {"uv": [7.5, 0, 9, 0.5], "texture": "#0"},
				"west": {"uv": [6, 5.5, 8, 6], "texture": "#0"},
				"up": {"uv": [4.5, 5, 3, 3], "texture": "#0"},
				"down": {"uv": [6, 3, 4.5, 5], "texture": "#0"}
			}
		},
		{
			"from": [6.9, 10, 0.45672],
			"to": [9.4, 11, 3.45672],
			"rotation": {"angle": 0, "axis": "x", "origin": [9.15, 11.6961, 6.45672]},
			"faces": {
				"north": {"uv": [4.5, 6.5, 6, 7], "texture": "#0"},
				"east": {"uv": [6, 6.5, 7.5, 7], "texture": "#0"},
				"south": {"uv": [3, 7, 4.5, 7.5], "texture": "#0"},
				"west": {"uv": [4.5, 7, 6, 7.5], "texture": "#0"},
				"up": {"uv": [7.5, 1.5, 6, 0], "texture": "#0"},
				"down": {"uv": [7.5, 1.5, 6, 3], "texture": "#0"}
			}
		},
		{
			"from": [6.9, 9, 0],
			"to": [9.4, 10, 0.5],
			"rotation": {"angle": 0, "axis": "x", "origin": [9.15, 11.6961, 6.45672]},
			"faces": {
				"north": {"uv": [4.5, 6.5, 6, 7], "texture": "#0"},
				"east": {"uv": [6, 6.5, 7.5, 7], "texture": "#0"},
				"south": {"uv": [3, 7, 4.5, 7.5], "texture": "#0"},
				"west": {"uv": [4.5, 7, 6, 7.5], "texture": "#0"},
				"up": {"uv": [7.5, 1.5, 6, 0], "texture": "#0"},
				"down": {"uv": [7.5, 1.5, 6, 3], "texture": "#0"}
			}
		},
		{
			"from": [7.1, 0, 13],
			"to": [9.1, 2, 15],
			"faces": {
				"north": {"uv": [2.5, 12, 3.5, 13], "texture": "#1"},
				"east": {"uv": [12, 5, 13, 6], "texture": "#1"},
				"south": {"uv": [12, 6, 13, 7], "texture": "#1"},
				"west": {"uv": [10.5, 12, 11.5, 13], "texture": "#1"},
				"up": {"uv": [12.5, 13, 11.5, 12], "texture": "#1"},
				"down": {"uv": [13.5, 0, 12.5, 1], "texture": "#1"}
			}
		},
		{
			"from": [7.1, 0.5, 15],
			"to": [9.1, 2, 15.5],
			"faces": {
				"north": {"uv": [12.5, 1, 13.5, 2], "texture": "#1"},
				"east": {"uv": [6, 13, 6.5, 14], "texture": "#1"},
				"south": {"uv": [12.5, 2, 13.5, 3], "texture": "#1"},
				"west": {"uv": [13, 6, 13.5, 7], "texture": "#1"},
				"up": {"uv": [14, 7.5, 13, 7], "texture": "#1"},
				"down": {"uv": [11.5, 13, 10.5, 13.5], "texture": "#1"}
			}
		},
		{
			"from": [7.1, 2, 12],
			"to": [9.1, 4, 15],
			"faces": {
				"north": {"uv": [5, 12.5, 6, 13.5], "texture": "#1"},
				"east": {"uv": [10.5, 0, 12, 1], "texture": "#1"},
				"south": {"uv": [12.5, 12, 13.5, 13], "texture": "#1"},
				"west": {"uv": [10.5, 1, 12, 2], "texture": "#1"},
				"up": {"uv": [2.5, 11.5, 1.5, 10], "texture": "#1"},
				"down": {"uv": [3.5, 10.5, 2.5, 12], "texture": "#1"}
			}
		},
		{
			"from": [7.1, 3.9, 11],
			"to": [9.1, 5.9, 14],
			"faces": {
				"north": {"uv": [1.5, 13, 2.5, 14], "texture": "#1"},
				"east": {"uv": [10.5, 2, 12, 3], "texture": "#1"},
				"south": {"uv": [2.5, 13, 3.5, 14], "texture": "#1"},
				"west": {"uv": [3.5, 10.5, 5, 11.5], "texture": "#1"},
				"up": {"uv": [6, 12.5, 5, 11], "texture": "#1"},
				"down": {"uv": [2.5, 11.5, 1.5, 13], "texture": "#1"}
			}
		},
		{
			"from": [8.1, 5.04, 5.73],
			"to": [8.1, 5.54, 8.73],
			"rotation": {"angle": 45, "axis": "x", "origin": [8.1, 4.15, 7.5]},
			"faces": {
				"north": {"uv": [0, 0, 0, 0.5], "texture": "#1"},
				"east": {"uv": [13, 5, 14.5, 5.5], "texture": "#1"},
				"south": {"uv": [0, 0, 0, 0.5], "texture": "#1"},
				"west": {"uv": [13, 5.5, 14.5, 6], "texture": "#1"},
				"up": {"uv": [0, 1.5, 0, 0], "texture": "#1"},
				"down": {"uv": [0, 0, 0, 1.5], "texture": "#1"}
			}
		},
		{
			"from": [8.1, 3.9, 9],
			"to": [8.1, 4.4, 11],
			"faces": {
				"north": {"uv": [0, 0, 0, 0.5], "texture": "#1"},
				"east": {"uv": [11.5, 13, 12.5, 13.5], "texture": "#1"},
				"south": {"uv": [0, 0, 0, 0.5], "texture": "#1"},
				"west": {"uv": [12.5, 13, 13.5, 13.5], "texture": "#1"},
				"up": {"uv": [0, 1, 0, 0], "texture": "#1"},
				"down": {"uv": [0, 0, 0, 1], "texture": "#1"}
			}
		},
		{
			"from": [8.1, 5.15, 10.3],
			"to": [8.1, 6.15, 10.8],
			"rotation": {"angle": 0, "axis": "x", "origin": [8.1, 5.15, 10]},
			"faces": {
				"north": {"uv": [0, 0, 0, 0.5], "texture": "#1"},
				"east": {"uv": [5, 10.5, 5.5, 11], "texture": "#1"},
				"south": {"uv": [0, 0, 0, 0.5], "texture": "#1"},
				"west": {"uv": [13.5, 2, 14, 2.5], "texture": "#1"},
				"up": {"uv": [0, 0.5, 0, 0], "texture": "#1"},
				"down": {"uv": [0, 0, 0, 0.5], "texture": "#1"}
			}
		},
		{
			"from": [8.1, 5.15, 9.8],
			"to": [8.1, 5.55, 10.3],
			"rotation": {"angle": 0, "axis": "x", "origin": [8.1, 5.15, 10]},
			"faces": {
				"north": {"uv": [0, 0, 0, 0.5], "texture": "#1"},
				"east": {"uv": [13.5, 2.5, 14, 3], "texture": "#1"},
				"south": {"uv": [0, 0, 0, 0.5], "texture": "#1"},
				"west": {"uv": [13.5, 3, 14, 3.5], "texture": "#1"},
				"up": {"uv": [0, 0.5, 0, 0], "texture": "#1"},
				"down": {"uv": [0, 0, 0, 0.5], "texture": "#1"}
			}
		},
		{
			"from": [6.65, 5.9, 9],
			"to": [9.65, 8.9, 15],
			"faces": {
				"north": {"uv": [10, 8.5, 11.5, 10], "texture": "#1"},
				"east": {"uv": [0, 0, 3, 1.5], "texture": "#1"},
				"south": {"uv": [10, 10, 11.5, 11.5], "texture": "#1"},
				"west": {"uv": [0, 1.5, 3, 3], "texture": "#1"},
				"up": {"uv": [1.5, 6, 0, 3], "texture": "#1"},
				"down": {"uv": [4.5, 0, 3, 3], "texture": "#1"}
			}
		},
		{
			"from": [8.9, 8.9, 9],
			"to": [9.4, 9.9, 15],
			"rotation": {"angle": 22.5, "axis": "x", "origin": [9.15, 9.4, 12]},
			"faces": {
				"north": {"uv": [13.5, 3.5, 14, 4], "texture": "#1"},
				"east": {"uv": [11.5, 4.5, 14.5, 5], "texture": "#1"},
				"south": {"uv": [5, 13.5, 5.5, 14], "texture": "#1"},
				"west": {"uv": [11.5, 8.5, 14.5, 9], "texture": "#1"},
				"up": {"uv": [4, 14.5, 3.5, 11.5], "texture": "#1"},
				"down": {"uv": [4.5, 11.5, 4, 14.5], "texture": "#1"}
			}
		},
		{
			"from": [8.9, 10, 3.45672],
			"to": [9.4, 11, 9.45672],
			"rotation": {"angle": 0, "axis": "x", "origin": [9.15, 11.6961, 6.45672]},
			"faces": {
				"north": {"uv": [5.5, 13.5, 6, 14], "texture": "#1"},
				"east": {"uv": [11.5, 9, 14.5, 9.5], "texture": "#1"},
				"south": {"uv": [13.5, 6, 14, 6.5], "texture": "#1"},
				"west": {"uv": [11.5, 9.5, 14.5, 10], "texture": "#1"},
				"up": {"uv": [5, 14.5, 4.5, 11.5], "texture": "#1"},
				"down": {"uv": [10.5, 11.5, 10, 14.5], "texture": "#1"}
			}
		},
		{
			"from": [6.9, 10, 3.45672],
			"to": [7.4, 11, 9.45672],
			"rotation": {"angle": 0, "axis": "x", "origin": [9.15, 11.6961, 6.45672]},
			"faces": {
				"north": {"uv": [13.5, 6.5, 14, 7], "texture": "#1"},
				"east": {"uv": [11.5, 10, 14.5, 10.5], "texture": "#1"},
				"south": {"uv": [7, 13.5, 7.5, 14], "texture": "#1"},
				"west": {"uv": [10.5, 11.5, 13.5, 12], "texture": "#1"},
				"up": {"uv": [0.5, 15, 0, 12], "texture": "#1"},
				"down": {"uv": [12.5, 0, 12, 3], "texture": "#1"}
			}
		},
		{
			"from": [6.9, 8.9, 9],
			"to": [7.4, 9.9, 15],
			"rotation": {"angle": 22.5, "axis": "x", "origin": [9.15, 9.4, 12]},
			"faces": {
				"north": {"uv": [7.5, 13.5, 8, 14], "texture": "#1"},
				"east": {"uv": [11.5, 10.5, 14.5, 11], "texture": "#1"},
				"south": {"uv": [10.5, 13.5, 11, 14], "texture": "#1"},
				"west": {"uv": [11.5, 11, 14.5, 11.5], "texture": "#1"},
				"up": {"uv": [1, 15, 0.5, 12], "texture": "#1"},
				"down": {"uv": [1.5, 12, 1, 15], "texture": "#1"}
			}
		},
		{
			"from": [7.85, 7.9, -15],
			"to": [8.55, 8.6, -3],
			"faces": {
				"north": {"uv": [11, 13.5, 11.5, 14], "texture": "#1"},
				"east": {"uv": [1.5, 3, 7.5, 3.5], "texture": "#1"},
				"south": {"uv": [11.5, 13.5, 12, 14], "texture": "#1"},
				"west": {"uv": [1.5, 3.5, 7.5, 4], "texture": "#1"},
				"up": {"uv": [2, 10, 1.5, 4], "texture": "#1"},
				"down": {"uv": [2.5, 4, 2, 10], "texture": "#1"}
			}
		},
		{
			"from": [7.85, 8.6, -15],
			"to": [8.55, 8.9, -3],
			"faces": {
				"north": {"uv": [13.5, 11.5, 14, 12], "texture": "#1"},
				"east": {"uv": [2.5, 4, 8.5, 4.5], "texture": "#1"},
				"south": {"uv": [12, 13.5, 12.5, 14], "texture": "#1"},
				"west": {"uv": [4.5, 0, 10.5, 0.5], "texture": "#1"},
				"up": {"uv": [3, 10.5, 2.5, 4.5], "texture": "#1"},
				"down": {"uv": [3.5, 4.5, 3, 10.5], "texture": "#1"}
			}
		},
		{
			"from": [7.85, 8.9, -13],
			"to": [8.55, 9.2, -11],
			"faces": {
				"north": {"uv": [13.5, 12, 14, 12.5], "texture": "#1"},
				"east": {"uv": [13.5, 0, 14.5, 0.5], "texture": "#1"},
				"south": {"uv": [12.5, 13.5, 13, 14], "texture": "#1"},
				"west": {"uv": [13.5, 0.5, 14.5, 1], "texture": "#1"},
				"up": {"uv": [7, 14, 6.5, 13], "texture": "#1"},
				"down": {"uv": [14, 1, 13.5, 2], "texture": "#1"}
			}
		},
		{
			"from": [7.85, 9.2, -13],
			"to": [8.55, 9.5, -12],
			"faces": {
				"north": {"uv": [13.5, 12.5, 14, 13], "texture": "#1"},
				"east": {"uv": [13, 13.5, 13.5, 14], "texture": "#1"},
				"south": {"uv": [13.5, 13, 14, 13.5], "texture": "#1"},
				"west": {"uv": [13.5, 13.5, 14, 14], "texture": "#1"},
				"up": {"uv": [14.5, 1.5, 14, 1], "texture": "#1"},
				"down": {"uv": [2, 14, 1.5, 14.5], "texture": "#1"}
			}
		},
		{
			"from": [7.85, 9.4, -13],
			"to": [8.55, 9.7, -12.5],
			"faces": {
				"north": {"uv": [14, 1.5, 14.5, 2], "texture": "#1"},
				"east": {"uv": [2, 14, 2.5, 14.5], "texture": "#1"},
				"south": {"uv": [14, 2, 14.5, 2.5], "texture": "#1"},
				"west": {"uv": [2.5, 14, 3, 14.5], "texture": "#1"},
				"up": {"uv": [14.5, 3, 14, 2.5], "texture": "#1"},
				"down": {"uv": [3.5, 14, 3, 14.5], "texture": "#1"}
			}
		},
		{
			"from": [7.85, 7.6, -15],
			"to": [8.55, 7.9, -3],
			"faces": {
				"north": {"uv": [14, 3, 14.5, 3.5], "texture": "#1"},
				"east": {"uv": [4.5, 0.5, 10.5, 1], "texture": "#1"},
				"south": {"uv": [14, 3.5, 14.5, 4], "texture": "#1"},
				"west": {"uv": [4.5, 1, 10.5, 1.5], "texture": "#1"},
				"up": {"uv": [4, 10.5, 3.5, 4.5], "texture": "#1"},
				"down": {"uv": [4.5, 4.5, 4, 10.5], "texture": "#1"}
			}
		},
		{
			"from": [8.55, 7.9, -15],
			"to": [8.85, 8.6, -3],
			"rotation": {"angle": 0, "axis": "z", "origin": [10.2, 10.75, -9]},
			"faces": {
				"north": {"uv": [5, 14, 5.5, 14.5], "texture": "#1"},
				"east": {"uv": [4.5, 1.5, 10.5, 2], "texture": "#1"},
				"south": {"uv": [5.5, 14, 6, 14.5], "texture": "#1"},
				"west": {"uv": [4.5, 2, 10.5, 2.5], "texture": "#1"},
				"up": {"uv": [5, 10.5, 4.5, 4.5], "texture": "#1"},
				"down": {"uv": [5.5, 4.5, 5, 10.5], "texture": "#1"}
			}
		},
		{
			"from": [7.55, 7.9, -15],
			"to": [7.85, 8.6, -3],
			"rotation": {"angle": 0, "axis": "z", "origin": [10.2, 10.75, -9]},
			"faces": {
				"north": {"uv": [6, 14, 6.5, 14.5], "texture": "#1"},
				"east": {"uv": [4.5, 2.5, 10.5, 3], "texture": "#1"},
				"south": {"uv": [14, 6, 14.5, 6.5], "texture": "#1"},
				"west": {"uv": [5.5, 4.5, 11.5, 5], "texture": "#1"},
				"up": {"uv": [6, 11, 5.5, 5], "texture": "#1"},
				"down": {"uv": [0.5, 6, 0, 12], "texture": "#1"}
			}
		},
		{
			"from": [7.85, 6.2, -15],
			"to": [8.55, 6.9, -3],
			"faces": {
				"north": {"uv": [6.5, 14, 7, 14.5], "texture": "#1"},
				"east": {"uv": [6, 5, 12, 5.5], "texture": "#1"},
				"south": {"uv": [14, 6.5, 14.5, 7], "texture": "#1"},
				"west": {"uv": [6, 5.5, 12, 6], "texture": "#1"},
				"up": {"uv": [1, 12, 0.5, 6], "texture": "#1"},
				"down": {"uv": [1.5, 6, 1, 12], "texture": "#1"}
			}
		},
		{
			"from": [8.55, 6.2, -15],
			"to": [8.85, 6.9, -3],
			"rotation": {"angle": 0, "axis": "z", "origin": [10.2, 10.75, -9]},
			"faces": {
				"north": {"uv": [7, 14, 7.5, 14.5], "texture": "#1"},
				"east": {"uv": [6, 6, 12, 6.5], "texture": "#1"},
				"south": {"uv": [14, 7, 14.5, 7.5], "texture": "#1"},
				"west": {"uv": [6, 6.5, 12, 7], "texture": "#1"},
				"up": {"uv": [6.5, 13, 6, 7], "texture": "#1"},
				"down": {"uv": [7, 7, 6.5, 13], "texture": "#1"}
			}
		},
		{
			"from": [7.85, 6.9, -15],
			"to": [8.55, 7.2, -3],
			"faces": {
				"north": {"uv": [7.5, 14, 8, 14.5], "texture": "#1"},
				"east": {"uv": [7, 7, 13, 7.5], "texture": "#1"},
				"south": {"uv": [14, 7.5, 14.5, 8], "texture": "#1"},
				"west": {"uv": [7.5, 3, 13.5, 3.5], "texture": "#1"},
				"up": {"uv": [7.5, 13.5, 7, 7.5], "texture": "#1"},
				"down": {"uv": [8, 7.5, 7.5, 13.5], "texture": "#1"}
			}
		},
		{
			"from": [7.85, 5.9, -15],
			"to": [8.55, 6.2, -3],
			"faces": {
				"north": {"uv": [8, 14, 8.5, 14.5], "texture": "#1"},
				"east": {"uv": [7.5, 3.5, 13.5, 4], "texture": "#1"},
				"south": {"uv": [8.5, 14, 9, 14.5], "texture": "#1"},
				"west": {"uv": [8, 7.5, 14, 8], "texture": "#1"},
				"up": {"uv": [8.5, 14, 8, 8], "texture": "#1"},
				"down": {"uv": [9, 8, 8.5, 14], "texture": "#1"}
			}
		},
		{
			"from": [7.55, 6.2, -15],
			"to": [7.85, 6.9, -3],
			"rotation": {"angle": 0, "axis": "z", "origin": [10.2, 10.75, -9]},
			"faces": {
				"north": {"uv": [10.5, 14, 11, 14.5], "texture": "#1"},
				"east": {"uv": [8.5, 4, 14.5, 4.5], "texture": "#1"},
				"south": {"uv": [11, 14, 11.5, 14.5], "texture": "#1"},
				"west": {"uv": [9, 8, 15, 8.5], "texture": "#1"},
				"up": {"uv": [9.5, 14.5, 9, 8.5], "texture": "#1"},
				"down": {"uv": [10, 8.5, 9.5, 14.5], "texture": "#1"}
			}
		}
	],
	"display": {
		"thirdperson_righthand": {
			"rotation": [70, 0, 0],
			"translation": [0.75, 5.25, 5.25],
			"scale": [0.7, 0.7, 0.7]
		},
		"thirdperson_lefthand": {
			"rotation": [70, 0, 0],
			"translation": [0.75, 5.25, 5.25],
			"scale": [0.7, 0.7, 0.7]
		},
		"firstperson_righthand": {
			"translation": [-9, 4.75, 7]
		},
		"firstperson_lefthand": {
			"translation": [-9, 4.75, 7]
		},
		"ground": {
			"translation": [0, 2, 0],
			"scale": [0.6, 0.6, 0.6]
		},
		"gui": {
			"rotation": [0, 90, 0],
			"translation": [4, 0, 0],
			"scale": [0.5, 0.5, 0.5]
		},
		"head": {
			"rotation": [13, 0, 0],
			"translation": [0, 0, 8.75]
		},
		"fixed": {
			"rotation": [0, -90, 0],
			"translation": [-4.5, 0, 0],
			"scale": [0.6, 0.6, 0.6]
		}
	},
	"groups": [
		{
			"name": "spas",
			"origin": [10.2, 10.75, -9],
			"color": 0,
			"nbt": "{}",
			"armAnimationEnabled": false,
			"children": [
				{
					"name": "frame1",
					"origin": [9.15, 11.6961, 6.45672],
					"color": 0,
					"nbt": "{}",
					"armAnimationEnabled": false,
					"children": [0, 1, 2, 3, 4]
				},
				{
					"name": "frame2",
					"origin": [10.2, 10.75, -9],
					"color": 0,
					"nbt": "{}",
					"armAnimationEnabled": false,
					"children": [5, 6, 7, 8, 9, 10, 11, 12, 13, 14, 15, 16, 17, 18, 19, 20, 21, 22, 23, 24, 25, 26, 27, 28, 29, 30]
				}
			]
		}
	]
}