{
	"credit": "Made with Blockbench",
	"texture_size": [32, 32],
	"textures": {
		"0": "block/carbineframe1texture",
		"particle": "block/carbineframe1texture"
	},
	"elements": [
		{
			"from": [7.25, 1, 6],
			"to": [8.75, 2, 9],
			"rotation": {"angle": 0, "axis": "y", "origin": [0, 0, 2]},
			"faces": {
				"north": {"uv": [12.5, 4.5, 13.5, 5], "texture": "#0"},
				"east": {"uv": [2, 12, 3.5, 12.5], "texture": "#0"},
				"south": {"uv": [5, 12.5, 6, 13], "texture": "#0"},
				"west": {"uv": [12, 3, 13.5, 3.5], "texture": "#0"},
				"up": {"uv": [10, 10.5, 9, 9], "texture": "#0"},
				"down": {"uv": [1, 9.5, 0, 11], "texture": "#0"}
			}
		},
		{
			"from": [7.25, 2, 6],
			"to": [8.75, 3, 10],
			"rotation": {"angle": 0, "axis": "y", "origin": [0, 0, 2]},
			"faces": {
				"north": {"uv": [6, 12.5, 7, 13], "texture": "#0"},
				"east": {"uv": [11, 5.5, 13, 6], "texture": "#0"},
				"south": {"uv": [7, 12.5, 8, 13], "texture": "#0"},
				"west": {"uv": [11, 6, 13, 6.5], "texture": "#0"},
				"up": {"uv": [10, 9, 9, 7], "texture": "#0"},
				"down": {"uv": [9, 9, 8, 11], "texture": "#0"}
			}
		},
		{
			"from": [7.25, 3, 6],
			"to": [8.75, 5, 12],
			"rotation": {"angle": 0, "axis": "y", "origin": [0, 0, 2]},
			"faces": {
				"north": {"uv": [5, 11, 6, 12], "texture": "#0"},
				"east": {"uv": [7, 2, 10, 3], "texture": "#0"},
				"south": {"uv": [11, 6.5, 12, 7.5], "texture": "#0"},
				"west": {"uv": [7, 3, 10, 4], "texture": "#0"},
				"up": {"uv": [9, 9, 8, 6], "texture": "#0"},
				"down": {"uv": [3, 9, 2, 12], "texture": "#0"}
			}
		},
		{
			"from": [7.25, 5, 6],
			"to": [8.75, 7, 13],
			"rotation": {"angle": 0, "axis": "y", "origin": [0, 0, 2]},
			"faces": {
				"north": {"uv": [5, 11, 6, 12], "texture": "#0"},
				"east": {"uv": [7, 2, 10, 3], "texture": "#0"},
				"south": {"uv": [11, 6.5, 12, 7.5], "texture": "#0"},
				"west": {"uv": [7, 3, 10, 4], "texture": "#0"},
				"up": {"uv": [9, 9, 8, 6], "texture": "#0"},
				"down": {"uv": [3, 9, 2, 12], "texture": "#0"}
			}
		}
	],
	"display": {
		"thirdperson_righthand": {
			"rotation": [177, 0, 180],
			"translation": [0.75, 4.5, 2],
			"scale": [0.7, 0.7, 0.7]
		},
		"thirdperson_lefthand": {
			"rotation": [177, 0, -180],
			"translation": [0.75, 4.5, 2],
			"scale": [0.7, 0.7, 0.7]
		},
		"firstperson_righthand": {
			"translation": [-1.25, 3.5, -0.25]
		},
		"firstperson_lefthand": {
			"translation": [-1.25, 3.5, -0.25]
		},
		"ground": {
			"translation": [0, 2.75, 0],
			"scale": [0.7, 0.7, 0.7]
		},
		"gui": {
			"rotation": [-8.51, 77.4, -0.57],
			"translation": [-0.5, 4, -0.25]
		},
		"head": {
			"rotation": [139.25, 0, 0],
			"translation": [0, -0.25, -3]
		},
		"fixed": {
			"rotation": [0, -90, 0],
			"translation": [0.75, 3.75, -0.25]
		}
	},
	"groups": [
		{
			"name": "m4 carbine",
			"origin": [0, 0, 0],
			"color": 0,
			"nbt": "{}",
			"armAnimationEnabled": false,
			"children": [
				{
					"name": "frame1",
					"origin": [0, 0, 0],
					"color": 0,
					"nbt": "{}",
					"armAnimationEnabled": false,
					"children": [0, 1, 2, 3]
				}
			]
		}
	]
}