{
	"credit": "Made with Blockbench",
	"textures": {
		"0": "block/bobaframe1texture",
		"1": "block/bobaframe2texture",
		"particle": "block/bobaframe1texture"
	},
	"elements": [
		{
			"from": [6, 1, 6],
			"to": [10, 9, 10],
			"faces": {
				"north": {"uv": [0, 0, 4, 8], "texture": "#1"},
				"east": {"uv": [4, 0, 8, 8], "texture": "#1"},
				"south": {"uv": [0, 8, 4, 16], "texture": "#1"},
				"west": {"uv": [8, 0, 12, 8], "texture": "#1"},
				"up": {"uv": [8, 12, 4, 8], "texture": "#1"},
				"down": {"uv": [12, 8, 8, 12], "texture": "#1"}
			}
		},
		{
			"from": [6, 0, 6],
			"to": [10, 1, 10],
			"faces": {
				"north": {"uv": [8, 0, 10, 4.5], "texture": "#0"},
				"east": {"uv": [8, 4.5, 10, 9], "texture": "#0"},
				"south": {"uv": [8, 9, 10, 13.5], "texture": "#0"},
				"west": {"uv": [0, 10, 2, 14.5], "texture": "#0"},
				"up": {"uv": [12, 2, 10, 0], "texture": "#0"},
				"down": {"uv": [4, 10, 2, 12], "texture": "#0"}
			}
		},
		{
			"from": [5, 0, 6],
			"to": [6, 10, 10],
			"faces": {
				"north": {"uv": [5.5, 10, 6, 15], "texture": "#0"},
				"east": {"uv": [2, 5, 4, 10], "texture": "#0"},
				"south": {"uv": [6, 10, 6.5, 15], "texture": "#0"},
				"west": {"uv": [4, 5, 6, 10], "texture": "#0"},
				"up": {"uv": [11, 11, 10.5, 9], "texture": "#0"},
				"down": {"uv": [11.5, 2, 11, 4], "texture": "#0"}
			}
		},
		{
			"from": [6, 0, 10],
			"to": [10, 10, 11],
			"faces": {
				"north": {"uv": [0, 0, 2, 5], "texture": "#0"},
				"east": {"uv": [10, 2, 10.5, 7], "texture": "#0"},
				"south": {"uv": [2, 0, 4, 5], "texture": "#0"},
				"west": {"uv": [4, 10, 4.5, 15], "texture": "#0"},
				"up": {"uv": [12, 7.5, 10, 7], "texture": "#0"},
				"down": {"uv": [12, 7.5, 10, 8], "texture": "#0"}
			}
		},
		{
			"from": [10, 0, 6],
			"to": [11, 10, 10],
			"faces": {
				"north": {"uv": [6.5, 10, 7, 15], "texture": "#0"},
				"east": {"uv": [6, 0, 8, 5], "texture": "#0"},
				"south": {"uv": [7, 10, 7.5, 15], "texture": "#0"},
				"west": {"uv": [6, 5, 8, 10], "texture": "#0"},
				"up": {"uv": [11.5, 6, 11, 4], "texture": "#0"},
				"down": {"uv": [11.5, 9, 11, 11], "texture": "#0"}
			}
		},
		{
			"from": [6, 0, 5],
			"to": [10, 10, 6],
			"faces": {
				"north": {"uv": [4, 0, 6, 5], "texture": "#0"},
				"east": {"uv": [4.5, 10, 5, 15], "texture": "#0"},
				"south": {"uv": [0, 5, 2, 10], "texture": "#0"},
				"west": {"uv": [5, 10, 5.5, 15], "texture": "#0"},
				"up": {"uv": [12, 8.5, 10, 8], "texture": "#0"},
				"down": {"uv": [12, 8.5, 10, 9], "texture": "#0"}
			}
		},
		{
			"from": [6, 8, 7],
			"to": [6.5, 12, 7.5],
			"faces": {
				"north": {"uv": [7.5, 10, 8, 12], "texture": "#0"},
				"east": {"uv": [10, 9, 10.5, 11], "texture": "#0"},
				"south": {"uv": [10.5, 2, 11, 4], "texture": "#0"},
				"west": {"uv": [10.5, 4, 11, 6], "texture": "#0"},
				"up": {"uv": [11, 6.5, 10.5, 6], "texture": "#0"},
				"down": {"uv": [11, 6.5, 10.5, 7], "texture": "#0"}
			}
		},
		{
			"from": [5.5, 12, 7],
			"to": [6, 13, 7.5],
			"faces": {
				"north": {"uv": [11, 6, 11.5, 6.5], "texture": "#0"},
				"east": {"uv": [11, 6.5, 11.5, 7], "texture": "#0"},
				"south": {"uv": [10, 11, 10.5, 11.5], "texture": "#0"},
				"west": {"uv": [10.5, 11, 11, 11.5], "texture": "#0"},
				"up": {"uv": [11.5, 11.5, 11, 11], "texture": "#0"},
				"down": {"uv": [12, 2, 11.5, 2.5], "texture": "#0"}
			}
		}
	],
	"display": {
		"thirdperson_righthand": {
			"rotation": [75, 45, 0],
			"translation": [1, 0.75, 1],
			"scale": [0.375, 0.375, 0.375]
		},
		"thirdperson_lefthand": {
			"rotation": [75, 45, 0],
			"translation": [1, 0.75, 1],
			"scale": [0.375, 0.375, 0.375]
		},
		"firstperson_righthand": {
			"rotation": [10.35, -10.75, 12.99],
			"translation": [-2.25, 4.5, 3.5],
			"scale": [0.4, 0.4, 0.4]
		},
		"firstperson_lefthand": {
			"rotation": [10.35, -10.75, 12.99],
			"translation": [-2.25, 4.5, 3.5],
			"scale": [0.4, 0.4, 0.4]
		},
		"ground": {
			"translation": [0, 3.5, 0],
			"scale": [0.6, 0.7, 0.6]
		},
		"gui": {
			"rotation": [27.89, -29.4, 6.3],
			"translation": [0, 1.5, 0],
			"scale": [0.8, 0.9, 0.8]
		},
		"head": {
			"translation": [0, 0, -4.5]
		},
		"fixed": {
			"translation": [0, 0, -3.5]
		}
	},
	"groups": [
		{
			"name": "boba",
			"origin": [0, 0, 0],
			"color": 0,
			"nbt": "{}",
			"armAnimationEnabled": false,
			"children": [
				{
					"name": "bobaframe2",
					"origin": [0, 0, 0],
					"color": 0,
					"nbt": "{}",
					"armAnimationEnabled": false,
					"children": [0]
				},
				{
					"name": "bobaframe1",
					"origin": [0, 0, 0],
					"color": 0,
					"nbt": "{}",
					"armAnimationEnabled": false,
					"children": [1, 2, 3, 4, 5, 6, 7]
				}
			]
		}
	]
}