{
	"credit": "Made with Blockbench",
	"texture_size": [32, 32],
	"textures": {
		"1": "block/thompsonframe2texture",
		"particle": "block/thompsonframe1texture"
	},
	"elements": [
		{
			"from": [7, 0, 9],
			"to": [9, 6, 11],
			"rotation": {"angle": 0, "axis": "y", "origin": [0, 0, 5]},
			"faces": {
				"north": {"uv": [4, 2, 5, 5], "texture": "#1"},
				"east": {"uv": [5, 2, 6, 5], "texture": "#1"},
				"south": {"uv": [4, 5, 5, 8], "texture": "#1"},
				"west": {"uv": [5, 5, 6, 8], "texture": "#1"},
				"up": {"uv": [8, 5, 7, 4], "texture": "#1"},
				"down": {"uv": [7, 7, 6, 8], "texture": "#1"}
			}
		}
	],
	"display": {
		"thirdperson_righthand": {
			"rotation": [76, 0, 0],
			"translation": [0.75, 2.75, 10.75],
			"scale": [0.5, 1.3, 0.5]
		},
		"thirdperson_lefthand": {
			"rotation": [76, 0, 0],
			"translation": [0.75, 2.75, 10.75],
			"scale": [0.5, 1.3, 0.5]
		},
		"firstperson_righthand": {
			"translation": [3, 6.75, -3.75],
			"scale": [0.5, 1.3, 0.5]
		},
		"firstperson_lefthand": {
			"translation": [3, 6.75, -3.75],
			"scale": [0.5, 1.3, 0.5]
		},
		"ground": {
			"translation": [0, 1.25, 0],
			"scale": [0.5, 1.3, 0.5]
		},
		"gui": {
			"rotation": [0, -21.25, 0],
			"translation": [0.5, 8.25, 0],
			"scale": [0.7, 1.7, 0.7]
		},
		"head": {
			"rotation": [28.5, 0, 0],
			"translation": [0, 2, -6.75]
		},
		"fixed": {
			"rotation": [-90, -85.5, -90],
			"translation": [1.75, 6.25, -0.5],
			"scale": [0.5, 1.3, 0.5]
		}
	},
	"groups": [
		{
			"name": "thompson",
			"origin": [8, 1.53424, 23.90007],
			"color": 0,
			"nbt": "{}",
			"armAnimationEnabled": false,
			"children": [
				{
					"name": "frame1",
					"origin": [0, 0, 5],
					"color": 0,
					"nbt": "{}",
					"armAnimationEnabled": false,
					"children": []
				},
				{
					"name": "frame2",
					"origin": [8, 1.53424, 23.90007],
					"color": 0,
					"nbt": "{}",
					"armAnimationEnabled": false,
					"children": [0]
				}
			]
		}
	]
}