{
	"credit": "Made with Blockbench",
	"textures": {
		"0": "block/frame1grenadetexture",
		"1": "block/frame2grenadetexture",
		"particle": "block/frame1grenadetexture"
	},
	"elements": [
		{
			"from": [6, 7, 7.5],
			"to": [9, 7.5, 8.5],
			"faces": {
				"north": {"uv": [7, 2, 8.5, 2.5], "texture": "#0"},
				"east": {"uv": [5.5, 8.5, 6, 9], "texture": "#0"},
				"south": {"uv": [7, 2.5, 8.5, 3], "texture": "#0"},
				"west": {"uv": [8.5, 7, 9, 7.5], "texture": "#0"},
				"up": {"uv": [5.5, 7.5, 4, 7], "texture": "#0"},
				"down": {"uv": [8.5, 5, 7, 5.5], "texture": "#0"}
			}
		},
		{
			"from": [8, 1, 7],
			"to": [10, 2, 9],
			"faces": {
				"north": {"uv": [5.5, 7, 6.5, 7.5], "texture": "#0"},
				"east": {"uv": [7, 5.5, 8, 6], "texture": "#0"},
				"south": {"uv": [7, 6, 8, 6.5], "texture": "#0"},
				"west": {"uv": [6.5, 7, 7.5, 7.5], "texture": "#0"},
				"up": {"uv": [5, 1, 4, 0], "texture": "#0"},
				"down": {"uv": [2.5, 4, 1.5, 5], "texture": "#0"}
			}
		},
		{
			"from": [6, 1, 7],
			"to": [8, 2, 9],
			"faces": {
				"north": {"uv": [7, 6.5, 8, 7], "texture": "#0"},
				"east": {"uv": [0, 7.5, 1, 8], "texture": "#0"},
				"south": {"uv": [1, 7.5, 2, 8], "texture": "#0"},
				"west": {"uv": [2, 7.5, 3, 8], "texture": "#0"},
				"up": {"uv": [3.5, 5, 2.5, 4], "texture": "#0"},
				"down": {"uv": [4.5, 4, 3.5, 5], "texture": "#0"}
			}
		},
		{
			"from": [5.5, 2, 7],
			"to": [8, 4, 9],
			"faces": {
				"north": {"uv": [2, 1, 3.5, 2], "texture": "#0"},
				"east": {"uv": [4.5, 3, 5.5, 4], "texture": "#0"},
				"south": {"uv": [2, 2, 3.5, 3], "texture": "#0"},
				"west": {"uv": [4.5, 4, 5.5, 5], "texture": "#0"},
				"up": {"uv": [1.5, 4, 0, 3], "texture": "#0"},
				"down": {"uv": [3, 3, 1.5, 4], "texture": "#0"}
			}
		},
		{
			"from": [6, 2, 9],
			"to": [10, 4, 10],
			"faces": {
				"north": {"uv": [0, 0, 2, 1], "texture": "#0"},
				"east": {"uv": [3, 7.5, 3.5, 8.5], "texture": "#0"},
				"south": {"uv": [0, 1, 2, 2], "texture": "#0"},
				"west": {"uv": [7.5, 3, 8, 4], "texture": "#0"},
				"up": {"uv": [2, 5.5, 0, 5], "texture": "#0"},
				"down": {"uv": [7, 0, 5, 0.5], "texture": "#0"}
			}
		},
		{
			"from": [7, 4, 9],
			"to": [9, 6, 10],
			"faces": {
				"north": {"uv": [5, 0.5, 6, 1.5], "texture": "#0"},
				"east": {"uv": [3.5, 7.5, 4, 8.5], "texture": "#0"},
				"south": {"uv": [5, 1.5, 6, 2.5], "texture": "#0"},
				"west": {"uv": [4, 7.5, 4.5, 8.5], "texture": "#0"},
				"up": {"uv": [8.5, 4.5, 7.5, 4], "texture": "#0"},
				"down": {"uv": [5.5, 7.5, 4.5, 8], "texture": "#0"}
			}
		},
		{
			"from": [7, 1, 9],
			"to": [9, 2, 10],
			"faces": {
				"north": {"uv": [7.5, 4.5, 8.5, 5], "texture": "#0"},
				"east": {"uv": [7.5, 8.5, 8, 9], "texture": "#0"},
				"south": {"uv": [5.5, 7.5, 6.5, 8], "texture": "#0"},
				"west": {"uv": [8.5, 7.5, 9, 8], "texture": "#0"},
				"up": {"uv": [7.5, 8, 6.5, 7.5], "texture": "#0"},
				"down": {"uv": [8.5, 7, 7.5, 7.5], "texture": "#0"}
			}
		},
		{
			"from": [7, 1, 6],
			"to": [9, 2, 7],
			"faces": {
				"north": {"uv": [7.5, 7.5, 8.5, 8], "texture": "#0"},
				"east": {"uv": [8, 8.5, 8.5, 9], "texture": "#0"},
				"south": {"uv": [0, 8, 1, 8.5], "texture": "#0"},
				"west": {"uv": [8.5, 8, 9, 8.5], "texture": "#0"},
				"up": {"uv": [9, 0.5, 8, 0], "texture": "#0"},
				"down": {"uv": [9, 0.5, 8, 1], "texture": "#0"}
			}
		},
		{
			"from": [6, 2, 6],
			"to": [10, 4, 7],
			"faces": {
				"north": {"uv": [0, 2, 2, 3], "texture": "#0"},
				"east": {"uv": [1, 8, 1.5, 9], "texture": "#0"},
				"south": {"uv": [2, 0, 4, 1], "texture": "#0"},
				"west": {"uv": [8, 1, 8.5, 2], "texture": "#0"},
				"up": {"uv": [4, 5.5, 2, 5], "texture": "#0"},
				"down": {"uv": [7, 2.5, 5, 3], "texture": "#0"}
			}
		},
		{
			"from": [7, 2, 5.5],
			"to": [9, 4, 6],
			"faces": {
				"north": {"uv": [4, 5, 5, 6], "texture": "#0"},
				"east": {"uv": [1.5, 8, 2, 9], "texture": "#0"},
				"south": {"uv": [5, 5, 6, 6], "texture": "#0"},
				"west": {"uv": [2, 8, 2.5, 9], "texture": "#0"},
				"up": {"uv": [9, 3.5, 8, 3], "texture": "#0"},
				"down": {"uv": [9, 3.5, 8, 4], "texture": "#0"}
			}
		},
		{
			"from": [7, 2, 10],
			"to": [9, 4, 10.5],
			"faces": {
				"north": {"uv": [0, 5.5, 1, 6.5], "texture": "#0"},
				"east": {"uv": [2.5, 8, 3, 9], "texture": "#0"},
				"south": {"uv": [1, 5.5, 2, 6.5], "texture": "#0"},
				"west": {"uv": [4.5, 8, 5, 9], "texture": "#0"},
				"up": {"uv": [6, 8.5, 5, 8], "texture": "#0"},
				"down": {"uv": [9, 5.5, 8, 6], "texture": "#0"}
			}
		},
		{
			"from": [7, 4, 6],
			"to": [9, 6, 7],
			"faces": {
				"north": {"uv": [2, 5.5, 3, 6.5], "texture": "#0"},
				"east": {"uv": [6, 8, 6.5, 9], "texture": "#0"},
				"south": {"uv": [3, 5.5, 4, 6.5], "texture": "#0"},
				"west": {"uv": [8, 6, 8.5, 7], "texture": "#0"},
				"up": {"uv": [7.5, 8.5, 6.5, 8], "texture": "#0"},
				"down": {"uv": [8.5, 8, 7.5, 8.5], "texture": "#0"}
			}
		},
		{
			"from": [8, 2, 7],
			"to": [10.5, 4, 9],
			"faces": {
				"north": {"uv": [3, 3, 4.5, 4], "texture": "#0"},
				"east": {"uv": [5.5, 3, 6.5, 4], "texture": "#0"},
				"south": {"uv": [3.5, 1, 5, 2], "texture": "#0"},
				"west": {"uv": [5.5, 4, 6.5, 5], "texture": "#0"},
				"up": {"uv": [5, 3, 3.5, 2], "texture": "#0"},
				"down": {"uv": [1.5, 4, 0, 5], "texture": "#0"}
			}
		},
		{
			"from": [8, 4, 7],
			"to": [10, 6, 9],
			"faces": {
				"north": {"uv": [6, 0.5, 7, 1.5], "texture": "#0"},
				"east": {"uv": [6, 1.5, 7, 2.5], "texture": "#0"},
				"south": {"uv": [4, 6, 5, 7], "texture": "#0"},
				"west": {"uv": [5, 6, 6, 7], "texture": "#0"},
				"up": {"uv": [7, 6, 6, 5], "texture": "#0"},
				"down": {"uv": [7, 6, 6, 7], "texture": "#0"}
			}
		},
		{
			"from": [6, 4, 7],
			"to": [8, 6, 9],
			"faces": {
				"north": {"uv": [0, 6.5, 1, 7.5], "texture": "#0"},
				"east": {"uv": [1, 6.5, 2, 7.5], "texture": "#0"},
				"south": {"uv": [2, 6.5, 3, 7.5], "texture": "#0"},
				"west": {"uv": [3, 6.5, 4, 7.5], "texture": "#0"},
				"up": {"uv": [7.5, 4, 6.5, 3], "texture": "#0"},
				"down": {"uv": [7.5, 4, 6.5, 5], "texture": "#0"}
			}
		},
		{
			"from": [8, 6, 7],
			"to": [8.5, 7, 9],
			"faces": {
				"north": {"uv": [8.5, 8.5, 9, 9], "texture": "#0"},
				"east": {"uv": [0, 8.5, 1, 9], "texture": "#0"},
				"south": {"uv": [0, 9, 0.5, 9.5], "texture": "#0"},
				"west": {"uv": [8.5, 1, 9.5, 1.5], "texture": "#0"},
				"up": {"uv": [9, 2.5, 8.5, 1.5], "texture": "#0"},
				"down": {"uv": [3.5, 8.5, 3, 9.5], "texture": "#0"}
			}
		},
		{
			"from": [7, 6, 7],
			"to": [8, 7, 9],
			"faces": {
				"north": {"uv": [9, 0, 9.5, 0.5], "texture": "#0"},
				"east": {"uv": [8.5, 2.5, 9.5, 3], "texture": "#0"},
				"south": {"uv": [0.5, 9, 1, 9.5], "texture": "#0"},
				"west": {"uv": [3.5, 8.5, 4.5, 9], "texture": "#0"},
				"up": {"uv": [9, 5, 8.5, 4], "texture": "#0"},
				"down": {"uv": [5.5, 8.5, 5, 9.5], "texture": "#0"}
			}
		},
		{
			"from": [7, 0, 7],
			"to": [9, 1, 9],
			"faces": {
				"north": {"uv": [8.5, 5, 9.5, 5.5], "texture": "#0"},
				"east": {"uv": [8.5, 6, 9.5, 6.5], "texture": "#0"},
				"south": {"uv": [6.5, 8.5, 7.5, 9], "texture": "#0"},
				"west": {"uv": [8.5, 6.5, 9.5, 7], "texture": "#0"},
				"up": {"uv": [8, 1, 7, 0], "texture": "#0"},
				"down": {"uv": [8, 1, 7, 2], "texture": "#0"}
			}
		},
		{
			"from": [11, 4.5, 7.5],
			"to": [11.5, 6, 8.5],
			"faces": {
				"north": {"uv": [0, 0, 1, 2], "texture": "#1"},
				"east": {"uv": [1, 0, 2, 2], "texture": "#1"},
				"south": {"uv": [0, 2, 1, 4], "texture": "#1"},
				"west": {"uv": [2, 0, 3, 2], "texture": "#1"},
				"up": {"uv": [2, 3, 1, 2], "texture": "#1"},
				"down": {"uv": [3, 2, 2, 3], "texture": "#1"}
			}
		},
		{
			"from": [10, 6, 7.5],
			"to": [11, 6.5, 8.5],
			"faces": {
				"north": {"uv": [3, 0, 4, 1], "texture": "#1"},
				"east": {"uv": [1, 3, 2, 4], "texture": "#1"},
				"south": {"uv": [3, 1, 4, 2], "texture": "#1"},
				"west": {"uv": [2, 3, 3, 4], "texture": "#1"},
				"up": {"uv": [4, 3, 3, 2], "texture": "#1"},
				"down": {"uv": [4, 3, 3, 4], "texture": "#1"}
			}
		},
		{
			"from": [9, 6.5, 7.5],
			"to": [10, 7, 8.5],
			"faces": {
				"north": {"uv": [0, 4, 1, 5], "texture": "#1"},
				"east": {"uv": [4, 0, 5, 1], "texture": "#1"},
				"south": {"uv": [1, 4, 2, 5], "texture": "#1"},
				"west": {"uv": [4, 1, 5, 2], "texture": "#1"},
				"up": {"uv": [3, 5, 2, 4], "texture": "#1"},
				"down": {"uv": [5, 2, 4, 3], "texture": "#1"}
			}
		},
		{
			"from": [8.5, 6, 7.5],
			"to": [9, 7, 8.5],
			"faces": {
				"north": {"uv": [3, 4, 4, 5], "texture": "#1"},
				"east": {"uv": [4, 3, 5, 4], "texture": "#1"},
				"south": {"uv": [4, 4, 5, 5], "texture": "#1"},
				"west": {"uv": [0, 5, 1, 6], "texture": "#1"},
				"up": {"uv": [6, 1, 5, 0], "texture": "#1"},
				"down": {"uv": [2, 5, 1, 6], "texture": "#1"}
			}
		}
	],
	"display": {
		"thirdperson_righthand": {
			"rotation": [0, 0, -1],
			"translation": [0, 3.75, 0.75],
			"scale": [0.5, 0.5, 0.5]
		},
		"thirdperson_lefthand": {
			"rotation": [0, 0, -1],
			"translation": [0, 3.75, 0.75],
			"scale": [0.5, 0.5, 0.5]
		},
		"firstperson_righthand": {
			"rotation": [-15, 0, 0],
			"translation": [4.5, 1.75, -7.5]
		},
		"firstperson_lefthand": {
			"rotation": [-15, 0, 0],
			"translation": [4.5, 1.75, -7.5]
		},
		"ground": {
			"translation": [0, 2.25, 0],
			"scale": [0.75, 0.75, 0.75]
		},
		"gui": {
			"translation": [0, 4, 0]
		},
		"head": {
			"translation": [0, 14.5, 0]
		}
	},
	"groups": [
		{
			"name": "Grenade",
			"origin": [0, 0, 0],
			"color": 0,
			"nbt": "{}",
			"armAnimationEnabled": false,
			"children": [
				{
					"name": "frame1",
					"origin": [0, 0, 0],
					"color": 0,
					"nbt": "{}",
					"armAnimationEnabled": false,
					"children": [0, 1, 2, 3, 4, 5, 6, 7, 8, 9, 10, 11, 12, 13, 14, 15, 16, 17]
				},
				{
					"name": "frame2",
					"origin": [0, 0, 0],
					"color": 0,
					"nbt": "{}",
					"armAnimationEnabled": false,
					"children": [18, 19, 20, 21]
				}
			]
		}
	]
}