{
	"credit": "Made with Blockbench",
	"texture_size": [32, 32],
	"textures": {
		"0": "block/thompsonframe1texture",
		"1": "block/thompsonframe2texture",
		"particle": "block/thompsonframe1texture"
	},
	"elements": [
		{
			"from": [7.05, 1.57, 21.2],
			"to": [8.95, 3.57, 31.2],
			"rotation": {"angle": 22.5, "axis": "x", "origin": [8, 1.53424, 23.90007]},
			"faces": {
				"north": {"uv": [5.5, 4, 6.5, 5], "texture": "#0"},
				"east": {"uv": [0, 0, 5, 1], "texture": "#0"},
				"south": {"uv": [3, 6, 4, 7], "texture": "#0"},
				"west": {"uv": [0, 1, 5, 2], "texture": "#0"},
				"up": {"uv": [1, 7, 0, 2], "texture": "#0"},
				"down": {"uv": [2, 2, 1, 7], "texture": "#0"}
			}
		},
		{
			"from": [7.05, 2.1, 20.38],
			"to": [8.95, 4.1, 22.38],
			"rotation": {"angle": 45, "axis": "x", "origin": [8, 3.5, 22.5]},
			"faces": {
				"north": {"uv": [5, 6, 6, 7], "texture": "#0"},
				"east": {"uv": [6, 6, 7, 7], "texture": "#0"},
				"south": {"uv": [4, 6.5, 5, 7.5], "texture": "#0"},
				"west": {"uv": [6.5, 4, 7.5, 5], "texture": "#0"},
				"up": {"uv": [7.5, 6, 6.5, 5], "texture": "#0"},
				"down": {"uv": [1, 7, 0, 8], "texture": "#0"}
			}
		},
		{
			"from": [7.05, 4, 20],
			"to": [8.95, 5, 22],
			"rotation": {"angle": 0, "axis": "y", "origin": [0, 0, 5]},
			"faces": {
				"north": {"uv": [5, 1.5, 6, 2], "texture": "#0"},
				"east": {"uv": [6, 1.5, 7, 2], "texture": "#0"},
				"south": {"uv": [8, 0, 9, 0.5], "texture": "#0"},
				"west": {"uv": [8, 0.5, 9, 1], "texture": "#0"},
				"up": {"uv": [8, 1, 7, 0], "texture": "#0"},
				"down": {"uv": [2, 7, 1, 8], "texture": "#0"}
			}
		},
		{
			"from": [7, 0, 16],
			"to": [9, 1.5, 18],
			"rotation": {"angle": 0, "axis": "y", "origin": [0, 0, 5]},
			"faces": {
				"north": {"uv": [7, 1, 8, 2], "texture": "#0"},
				"east": {"uv": [3, 7, 4, 8], "texture": "#0"},
				"south": {"uv": [7, 3, 8, 4], "texture": "#0"},
				"west": {"uv": [5, 7, 6, 8], "texture": "#0"},
				"up": {"uv": [7, 8, 6, 7], "texture": "#0"},
				"down": {"uv": [8, 6, 7, 7], "texture": "#0"}
			}
		},
		{
			"from": [7, 0.3, 18],
			"to": [9, 1.8, 18.4],
			"rotation": {"angle": 0, "axis": "y", "origin": [0, 0, 5]},
			"faces": {
				"north": {"uv": [7, 7, 8, 8], "texture": "#0"},
				"east": {"uv": [1, 8, 1.5, 9], "texture": "#0"},
				"south": {"uv": [2, 7.5, 3, 8.5], "texture": "#0"},
				"west": {"uv": [8, 1, 8.5, 2], "texture": "#0"},
				"up": {"uv": [9, 2.5, 8, 2], "texture": "#0"},
				"down": {"uv": [9, 2.5, 8, 3], "texture": "#0"}
			}
		},
		{
			"from": [7, 1.5, 15],
			"to": [9, 3, 18],
			"rotation": {"angle": 0, "axis": "y", "origin": [0, 0, 5]},
			"faces": {
				"north": {"uv": [4, 7.5, 5, 8.5], "texture": "#0"},
				"east": {"uv": [4, 3, 5.5, 4], "texture": "#0"},
				"south": {"uv": [7.5, 4, 8.5, 5], "texture": "#0"},
				"west": {"uv": [4, 4, 5.5, 5], "texture": "#0"},
				"up": {"uv": [6, 1.5, 5, 0], "texture": "#0"},
				"down": {"uv": [5, 5, 4, 6.5], "texture": "#0"}
			}
		},
		{
			"from": [7, 3, 14],
			"to": [9, 5, 17],
			"rotation": {"angle": 0, "axis": "y", "origin": [0, 0, 5]},
			"faces": {
				"north": {"uv": [7.5, 5, 8.5, 6], "texture": "#0"},
				"east": {"uv": [5, 5, 6.5, 6], "texture": "#0"},
				"south": {"uv": [0, 8, 1, 9], "texture": "#0"},
				"west": {"uv": [5.5, 3, 7, 4], "texture": "#0"},
				"up": {"uv": [7, 1.5, 6, 0], "texture": "#0"},
				"down": {"uv": [3, 6, 2, 7.5], "texture": "#0"}
			}
		},
		{
			"from": [7.25, 5, -4],
			"to": [8.75, 6, 4],
			"rotation": {"angle": 0, "axis": "y", "origin": [0, 0, 5]},
			"faces": {
				"north": {"uv": [3, 8, 4, 8.5], "texture": "#0"},
				"east": {"uv": [4, 2, 8, 2.5], "texture": "#0"},
				"south": {"uv": [8, 3, 9, 3.5], "texture": "#0"},
				"west": {"uv": [4, 2.5, 8, 3], "texture": "#0"},
				"up": {"uv": [3, 6, 2, 2], "texture": "#0"},
				"down": {"uv": [4, 2, 3, 6], "texture": "#0"}
			}
		},
		{
			"from": [7.05, 3.57, 24.2],
			"to": [8.95, 3.77, 31.2],
			"rotation": {"angle": 22.5, "axis": "x", "origin": [8, 1.53424, 23.90007]},
			"faces": {
				"north": {"uv": [8.5, 4.5, 9.5, 5], "texture": "#0"},
				"east": {"uv": [6, 5, 9.5, 5.5], "texture": "#0"},
				"south": {"uv": [7, 8.5, 8, 9], "texture": "#0"},
				"west": {"uv": [6, 5.5, 9.5, 6], "texture": "#0"},
				"up": {"uv": [3, 5.5, 2, 2], "texture": "#0"},
				"down": {"uv": [4, 2, 3, 5.5], "texture": "#0"}
			}
		},
		{
			"from": [7.05, 1.37, 27.2],
			"to": [8.95, 1.57, 31.2],
			"rotation": {"angle": 22.5, "axis": "x", "origin": [8, 1.53424, 23.90007]},
			"faces": {
				"north": {"uv": [8.5, 7, 9.5, 7.5], "texture": "#0"},
				"east": {"uv": [7, 6, 9, 6.5], "texture": "#0"},
				"south": {"uv": [8.5, 7.5, 9.5, 8], "texture": "#0"},
				"west": {"uv": [7, 6.5, 9, 7], "texture": "#0"},
				"up": {"uv": [4, 7.5, 3, 5.5], "texture": "#0"},
				"down": {"uv": [7, 3, 6, 5], "texture": "#0"}
			}
		},
		{
			"from": [8, 4, 12.5],
			"to": [8, 4.5, 13],
			"rotation": {"angle": 0, "axis": "y", "origin": [0, 0, 5]},
			"faces": {
				"north": {"uv": [0, 0, 0, 0.5], "texture": "#1"},
				"east": {"uv": [5.5, 8.5, 6, 9], "texture": "#1"},
				"south": {"uv": [0, 0, 0, 0.5], "texture": "#1"},
				"west": {"uv": [8, 8.5, 8.5, 9], "texture": "#1"},
				"up": {"uv": [0, 0.5, 0, 0], "texture": "#1"},
				"down": {"uv": [0, 0, 0, 0.5], "texture": "#1"}
			}
		},
		{
			"from": [8, 4, 13],
			"to": [8, 5, 13.5],
			"rotation": {"angle": 0, "axis": "y", "origin": [0, 0, 5]},
			"faces": {
				"north": {"uv": [0, 0, 0, 0.5], "texture": "#1"},
				"east": {"uv": [8.5, 8.5, 9, 9], "texture": "#1"},
				"south": {"uv": [0, 0, 0, 0.5], "texture": "#1"},
				"west": {"uv": [5.5, 9, 6, 9.5], "texture": "#1"},
				"up": {"uv": [0, 0.5, 0, 0], "texture": "#1"},
				"down": {"uv": [0, 0, 0, 0.5], "texture": "#1"}
			}
		},
		{
			"from": [8, 3, 11],
			"to": [8, 3.4, 14],
			"rotation": {"angle": 0, "axis": "y", "origin": [0, 0, 5]},
			"faces": {
				"north": {"uv": [0, 0, 0, 0.5], "texture": "#1"},
				"east": {"uv": [7, 7, 8.5, 7.5], "texture": "#1"},
				"south": {"uv": [0, 0, 0, 0.5], "texture": "#1"},
				"west": {"uv": [7, 7.5, 8.5, 8], "texture": "#1"},
				"up": {"uv": [0, 1.5, 0, 0], "texture": "#1"},
				"down": {"uv": [0, 0, 0, 1.5], "texture": "#1"}
			}
		},
		{
			"from": [7, 5, 4],
			"to": [9, 7, 23],
			"rotation": {"angle": 0, "axis": "y", "origin": [0, 0, 5]},
			"faces": {
				"north": {"uv": [6, 6, 7, 7], "texture": "#1"},
				"east": {"uv": [0, 0, 9.5, 1], "texture": "#1"},
				"south": {"uv": [7, 3, 8, 4], "texture": "#1"},
				"west": {"uv": [0, 1, 9.5, 2], "texture": "#1"},
				"up": {"uv": [1, 11.5, 0, 2], "texture": "#1"},
				"down": {"uv": [2, 2, 1, 11.5], "texture": "#1"}
			}
		},
		{
			"from": [7.5, 5.5, -6],
			"to": [8.5, 6.5, 4],
			"rotation": {"angle": 0, "axis": "y", "origin": [0, 0, 5]},
			"faces": {
				"north": {"uv": [6, 9, 6.5, 9.5], "texture": "#1"},
				"east": {"uv": [6, 2, 11, 2.5], "texture": "#1"},
				"south": {"uv": [9, 6, 9.5, 6.5], "texture": "#1"},
				"west": {"uv": [6, 2.5, 11, 3], "texture": "#1"},
				"up": {"uv": [2.5, 10.5, 2, 5.5], "texture": "#1"},
				"down": {"uv": [3, 5.5, 2.5, 10.5], "texture": "#1"}
			}
		},
		{
			"from": [7.4, 5.4, -9],
			"to": [8.6, 6.6, -6],
			"rotation": {"angle": 0, "axis": "y", "origin": [0, 0, 5]},
			"faces": {
				"north": {"uv": [6.5, 9, 7, 9.5], "texture": "#1"},
				"east": {"uv": [3, 8, 4.5, 8.5], "texture": "#1"},
				"south": {"uv": [9, 6.5, 9.5, 7], "texture": "#1"},
				"west": {"uv": [8, 3, 9.5, 3.5], "texture": "#1"},
				"up": {"uv": [8.5, 5, 8, 3.5], "texture": "#1"},
				"down": {"uv": [5, 8, 4.5, 9.5], "texture": "#1"}
			}
		},
		{
			"from": [7.8, 6.6, -7],
			"to": [8.2, 6.8, -6],
			"rotation": {"angle": 0, "axis": "y", "origin": [0, 0, 5]},
			"faces": {
				"north": {"uv": [7, 9, 7.5, 9.5], "texture": "#1"},
				"east": {"uv": [7.5, 9, 8, 9.5], "texture": "#1"},
				"south": {"uv": [8, 9, 8.5, 9.5], "texture": "#1"},
				"west": {"uv": [9, 8, 9.5, 8.5], "texture": "#1"},
				"up": {"uv": [9, 9.5, 8.5, 9], "texture": "#1"},
				"down": {"uv": [9.5, 8.5, 9, 9], "texture": "#1"}
			}
		},
		{
			"from": [7.8, 6.8, -7],
			"to": [8.2, 7, -6.6],
			"rotation": {"angle": 0, "axis": "y", "origin": [0, 0, 5]},
			"faces": {
				"north": {"uv": [9, 9, 9.5, 9.5], "texture": "#1"},
				"east": {"uv": [9.5, 0, 10, 0.5], "texture": "#1"},
				"south": {"uv": [9.5, 0.5, 10, 1], "texture": "#1"},
				"west": {"uv": [9.5, 1, 10, 1.5], "texture": "#1"},
				"up": {"uv": [10, 2, 9.5, 1.5], "texture": "#1"},
				"down": {"uv": [3.5, 9.5, 3, 10], "texture": "#1"}
			}
		},
		{
			"from": [8.65, 7, 20.5],
			"to": [8.85, 8, 22.5],
			"rotation": {"angle": 0, "axis": "x", "origin": [8.9, 7.5, 21.5]},
			"faces": {
				"north": {"uv": [9.5, 3, 10, 3.5], "texture": "#1"},
				"east": {"uv": [3, 7.5, 4, 8], "texture": "#1"},
				"south": {"uv": [3.5, 9.5, 4, 10], "texture": "#1"},
				"west": {"uv": [5, 8, 6, 8.5], "texture": "#1"},
				"up": {"uv": [6.5, 9, 6, 8], "texture": "#1"},
				"down": {"uv": [7, 8, 6.5, 9], "texture": "#1"}
			}
		},
		{
			"from": [7.15, 7, 20.5],
			"to": [7.35, 8, 22.5],
			"rotation": {"angle": 0, "axis": "y", "origin": [0, 0, 5]},
			"faces": {
				"north": {"uv": [9.5, 3.5, 10, 4], "texture": "#1"},
				"east": {"uv": [7, 8, 8, 8.5], "texture": "#1"},
				"south": {"uv": [4, 9.5, 4.5, 10], "texture": "#1"},
				"west": {"uv": [8, 8, 9, 8.5], "texture": "#1"},
				"up": {"uv": [3.5, 9.5, 3, 8.5], "texture": "#1"},
				"down": {"uv": [4, 8.5, 3.5, 9.5], "texture": "#1"}
			}
		},
		{
			"from": [7.35, 7, 20.5],
			"to": [8.65, 7.2, 22.5],
			"rotation": {"angle": 0, "axis": "z", "origin": [8.1, 8, 13.5]},
			"faces": {
				"north": {"uv": [9.5, 4, 10, 4.5], "texture": "#1"},
				"east": {"uv": [8.5, 3.5, 9.5, 4], "texture": "#1"},
				"south": {"uv": [4.5, 9.5, 5, 10], "texture": "#1"},
				"west": {"uv": [8.5, 4, 9.5, 4.5], "texture": "#1"},
				"up": {"uv": [4.5, 9.5, 4, 8.5], "texture": "#1"},
				"down": {"uv": [5.5, 8.5, 5, 9.5], "texture": "#1"}
			}
		},
		{
			"from": [7, -1, 9],
			"to": [9, 5, 11],
			"rotation": {"angle": 0, "axis": "y", "origin": [0, 0, 5]},
			"faces": {
				"north": {"uv": [4, 2, 5, 5], "texture": "#1"},
				"east": {"uv": [5, 2, 6, 5], "texture": "#1"},
				"south": {"uv": [4, 5, 5, 8], "texture": "#1"},
				"west": {"uv": [5, 5, 6, 8], "texture": "#1"},
				"up": {"uv": [8, 5, 7, 4], "texture": "#1"},
				"down": {"uv": [7, 7, 6, 8], "texture": "#1"}
			}
		}
	],
	"display": {
		"thirdperson_righthand": {
			"rotation": [73, 0, 0],
			"translation": [0.75, 8.25, 4.5],
			"scale": [0.8, 0.8, 0.8]
		},
		"thirdperson_lefthand": {
			"rotation": [73, 0, 0],
			"translation": [0.75, 0.25, 4.5],
			"scale": [0.8, 0.8, 0.8]
		},
		"firstperson_righthand": {
			"translation": [-3.25, 6.75, -8.5]
		},
		"firstperson_lefthand": {
			"translation": [-3.25, 6.75, -8.5]
		},
		"ground": {
			"translation": [0, 1.25, 0],
			"scale": [0.5, 0.5, 0.5]
		},
		"gui": {
			"rotation": [0, 90, 0],
			"translation": [-1, 0, 0],
			"scale": [0.4, 0.45, 0.35]
		},
		"head": {
			"rotation": [17.75, 0, 0],
			"translation": [0, 1.75, 6.75]
		},
		"fixed": {
			"rotation": [0, -90, 0],
			"translation": [1.25, 0, -1.5],
			"scale": [0.5, 0.5, 0.46]
		}
	},
	"groups": [
		{
			"name": "thompson",
			"origin": [8, 1.53424, 23.90007],
			"color": 0,
			"children": [
				{
					"name": "frame1",
					"origin": [0, 0, 5],
					"color": 0,
					"children": [0, 1, 2, 3, 4, 5, 6, 7, 8, 9]
				},
				{
					"name": "frame2",
					"origin": [8, 1.53424, 23.90007],
					"color": 0,
					"children": [10, 11, 12, 13, 14, 15, 16, 17, 18, 19, 20, 21]
				}
			]
		}
	]
}