{
	"credit": "Made with Blockbench",
	"texture_size": [128, 128],
	"textures": {
		"0": "block/sprucecrateframe1texture",
		"1": "block/sprucecrateframe2texture",
		"particle": "block/sprucecrateframe1texture"
	},
	"elements": [
		{
			"from": [-0.5, -0.25, 1],
			"to": [16.5, 16.25, 2],
			"faces": {
				"north": {"uv": [0, 0, 3.75, 3.25], "texture": "#0"},
				"east": {"uv": [7.5, 8.5, 7.75, 11.75], "texture": "#0"},
				"south": {"uv": [0, 3.25, 3.75, 6.5], "texture": "#0"},
				"west": {"uv": [7.75, 8.5, 8, 11.75], "texture": "#0"},
				"up": {"uv": [11.25, 6.75, 7.5, 6.5], "texture": "#0"},
				"down": {"uv": [11.25, 6.75, 7.5, 7], "texture": "#0"}
			}
		},
		{
			"from": [-0.5, -0.25, 3],
			"to": [16.5, 16.25, 4],
			"faces": {
				"north": {"uv": [3.75, 0, 7.5, 3.25], "texture": "#0"},
				"east": {"uv": [8, 8.5, 8.25, 11.75], "texture": "#0"},
				"south": {"uv": [3.75, 3.25, 7.5, 6.5], "texture": "#0"},
				"west": {"uv": [8.25, 8.5, 8.5, 11.75], "texture": "#0"},
				"up": {"uv": [11.25, 7.25, 7.5, 7], "texture": "#0"},
				"down": {"uv": [11.25, 7.25, 7.5, 7.5], "texture": "#0"}
			}
		},
		{
			"from": [-0.5, -0.25, 13],
			"to": [16.5, 16.25, 14],
			"faces": {
				"north": {"uv": [0, 6.5, 3.75, 9.75], "texture": "#0"},
				"east": {"uv": [8.5, 8.5, 8.75, 11.75], "texture": "#0"},
				"south": {"uv": [3.75, 6.5, 7.5, 9.75], "texture": "#0"},
				"west": {"uv": [8.75, 8.5, 9, 11.75], "texture": "#0"},
				"up": {"uv": [11.25, 7.75, 7.5, 7.5], "texture": "#0"},
				"down": {"uv": [11.25, 7.75, 7.5, 8], "texture": "#0"}
			}
		},
		{
			"from": [-0.5, -0.25, 15],
			"to": [16.5, 16.25, 16],
			"faces": {
				"north": {"uv": [7.5, 0, 11.25, 3.25], "texture": "#0"},
				"east": {"uv": [9, 8.5, 9.25, 11.75], "texture": "#0"},
				"south": {"uv": [7.5, 3.25, 11.25, 6.5], "texture": "#0"},
				"west": {"uv": [9.25, 8.5, 9.5, 11.75], "texture": "#0"},
				"up": {"uv": [11.25, 8.25, 7.5, 8], "texture": "#0"},
				"down": {"uv": [11.25, 8.25, 7.5, 8.5], "texture": "#0"}
			}
		},
		{
			"from": [0.5, 15.75, 15],
			"to": [15.5, 17.25, 16],
			"faces": {
				"north": {"uv": [7.5, 0, 11.25, 3.25], "texture": "#0"},
				"east": {"uv": [9, 8.5, 9.25, 11.75], "texture": "#0"},
				"south": {"uv": [7.5, 3.25, 11.25, 6.5], "texture": "#0"},
				"west": {"uv": [9.25, 8.5, 9.5, 11.75], "texture": "#0"},
				"up": {"uv": [11.25, 8.25, 7.5, 8], "texture": "#0"},
				"down": {"uv": [11.25, 8.25, 7.5, 8.5], "texture": "#0"}
			}
		},
		{
			"from": [0.5, 15.75, 13],
			"to": [15.5, 17.25, 14],
			"faces": {
				"north": {"uv": [7.5, 0, 11.25, 3.25], "texture": "#0"},
				"east": {"uv": [9, 8.5, 9.25, 11.75], "texture": "#0"},
				"south": {"uv": [7.5, 3.25, 11.25, 6.5], "texture": "#0"},
				"west": {"uv": [9.25, 8.5, 9.5, 11.75], "texture": "#0"},
				"up": {"uv": [11.25, 8.25, 7.5, 8], "texture": "#0"},
				"down": {"uv": [11.25, 8.25, 7.5, 8.5], "texture": "#0"}
			}
		},
		{
			"from": [0.5, 15.75, 3],
			"to": [15.5, 17.25, 4],
			"faces": {
				"north": {"uv": [7.5, 0, 11.25, 3.25], "texture": "#0"},
				"east": {"uv": [9, 8.5, 9.25, 11.75], "texture": "#0"},
				"south": {"uv": [7.5, 3.25, 11.25, 6.5], "texture": "#0"},
				"west": {"uv": [9.25, 8.5, 9.5, 11.75], "texture": "#0"},
				"up": {"uv": [11.25, 8.25, 7.5, 8], "texture": "#0"},
				"down": {"uv": [11.25, 8.25, 7.5, 8.5], "texture": "#0"}
			}
		},
		{
			"from": [0.5, 15.75, 1],
			"to": [15.5, 17.25, 2],
			"faces": {
				"north": {"uv": [7.5, 0, 11.25, 3.25], "texture": "#0"},
				"east": {"uv": [9, 8.5, 9.25, 11.75], "texture": "#0"},
				"south": {"uv": [7.5, 3.25, 11.25, 6.5], "texture": "#0"},
				"west": {"uv": [9.25, 8.5, 9.5, 11.75], "texture": "#0"},
				"up": {"uv": [11.25, 8.25, 7.5, 8], "texture": "#0"},
				"down": {"uv": [11.25, 8.25, 7.5, 8.5], "texture": "#0"}
			}
		},
		{
			"from": [2, 0, 0],
			"to": [16, 16, 17],
			"faces": {
				"north": {"uv": [2.625, 5.375, 4.25, 6.75], "texture": "#1"},
				"east": {"uv": [3, 2.625, 5.625, 4], "texture": "#1"},
				"south": {"uv": [4.25, 5.375, 5.875, 6.75], "texture": "#1"},
				"west": {"uv": [3.25, 0, 5.875, 1.375], "texture": "#1"},
				"up": {"uv": [1.625, 2.625, 0, 0], "texture": "#1"},
				"down": {"uv": [3.25, 0, 1.625, 2.625], "texture": "#1"}
			}
		},
		{
			"from": [0, 0, 0],
			"to": [2, 16, 17],
			"faces": {
				"north": {"uv": [5.875, 0, 6, 1.375], "texture": "#1"},
				"east": {"uv": [3, 4, 5.625, 5.375], "texture": "#1"},
				"south": {"uv": [5.875, 1.375, 6, 2.75], "texture": "#1"},
				"west": {"uv": [0, 5.125, 2.625, 6.5], "texture": "#1"},
				"up": {"uv": [5.75, 4, 5.625, 1.375], "texture": "#1"},
				"down": {"uv": [5.875, 1.375, 5.75, 4], "texture": "#1"}
			}
		},
		{
			"from": [1, 16, 0.5],
			"to": [15, 17, 16.5],
			"faces": {
				"north": {"uv": [3.25, 1.375, 4.75, 1.5], "texture": "#1"},
				"east": {"uv": [5.625, 4, 8.125, 4.125], "texture": "#1"},
				"south": {"uv": [3.25, 1.5, 4.75, 1.625], "texture": "#1"},
				"west": {"uv": [5.625, 4.125, 8.125, 4.25], "texture": "#1"},
				"up": {"uv": [1.5, 5.125, 0, 2.625], "texture": "#1"},
				"down": {"uv": [3, 2.625, 1.5, 5.125], "texture": "#1"}
			}
		}
	],
	"display": {
		"thirdperson_righthand": {
			"rotation": [75, 45, 0],
			"translation": [0, 2.5, 0],
			"scale": [0.375, 0.375, 0.375]
		},
		"thirdperson_lefthand": {
			"rotation": [75, 45, 0],
			"translation": [0, 2.5, 0],
			"scale": [0.375, 0.375, 0.375]
		},
		"firstperson_righthand": {
			"rotation": [0, 45, 0],
			"scale": [0.4, 0.4, 0.4]
		},
		"firstperson_lefthand": {
			"rotation": [0, 225, 0],
			"scale": [0.4, 0.4, 0.4]
		},
		"ground": {
			"translation": [0, 3, 0],
			"scale": [0.25, 0.25, 0.25]
		},
		"gui": {
			"rotation": [30, 225, 0],
			"scale": [0.5, 0.5, 0.5]
		},
		"fixed": {
			"scale": [0.5, 0.5, 0.5]
		}
	},
	"groups": [
		{
			"name": "spruce crate",
			"origin": [0, 0, 0],
			"color": 0,
			"nbt": "{}",
			"armAnimationEnabled": false,
			"children": [
				{
					"name": "frame1",
					"origin": [0, 0, 0],
					"color": 0,
					"nbt": "{}",
					"armAnimationEnabled": false,
					"children": [0, 1, 2, 3, 4, 5, 6, 7]
				},
				{
					"name": "frame2",
					"origin": [0, 0, 0],
					"color": 0,
					"nbt": "{}",
					"armAnimationEnabled": false,
					"children": [8, 9, 10]
				}
			]
		}
	]
}