{
	"credit": "Made with Blockbench",
	"textures": {
		"0": "block/chestframe1texture",
		"1": "block/chestframe2texture",
		"2": "block/chestframe3texture",
		"particle": "block/chestframe1texture"
	},
	"elements": [
		{
			"from": [7, 6, 0],
			"to": [9, 10, 1],
			"faces": {
				"north": {"uv": [0, 0, 2, 4], "texture": "#2"},
				"east": {"uv": [0, 4, 1, 8], "texture": "#2"},
				"south": {"uv": [2, 0, 4, 4], "texture": "#2"},
				"west": {"uv": [4, 0, 5, 4], "texture": "#2"},
				"up": {"uv": [3, 5, 1, 4], "texture": "#2"},
				"down": {"uv": [5, 4, 3, 5], "texture": "#2"}
			}
		},
		{
			"from": [14, 0, 2],
			"to": [14, 13, 14],
			"faces": {
				"north": {"uv": [0, 0, 0, 3.25], "texture": "#1"},
				"east": {"uv": [0, 0, 3, 3.25], "texture": "#1"},
				"south": {"uv": [0, 0, 0, 3.25], "texture": "#1"},
				"west": {"uv": [3, 0, 6, 3.25], "texture": "#1"},
				"up": {"uv": [0, 3, 0, 0], "texture": "#1"},
				"down": {"uv": [0, 0, 0, 3], "texture": "#1"}
			}
		},
		{
			"from": [2, 0, 2],
			"to": [14, 1, 14],
			"faces": {
				"north": {"uv": [9, 12, 12, 12.25], "texture": "#1"},
				"east": {"uv": [12, 9, 15, 9.25], "texture": "#1"},
				"south": {"uv": [12, 9.25, 15, 9.5], "texture": "#1"},
				"west": {"uv": [12, 9.5, 15, 9.75], "texture": "#1"},
				"up": {"uv": [3, 6.25, 0, 3.25], "texture": "#1"},
				"down": {"uv": [6, 3.25, 3, 6.25], "texture": "#1"}
			}
		},
		{
			"from": [2, 1, 2],
			"to": [14, 13, 14],
			"faces": {
				"north": {"uv": [6, 0, 9, 3], "texture": "#1"},
				"east": {"uv": [6, 3, 9, 6], "texture": "#1"},
				"south": {"uv": [6, 6, 9, 9], "texture": "#1"},
				"west": {"uv": [0, 6.25, 3, 9.25], "texture": "#1"},
				"up": {"uv": [6, 9.25, 3, 6.25], "texture": "#1"},
				"down": {"uv": [12, 0, 9, 3], "texture": "#1"}
			}
		},
		{
			"from": [2, 13, 2],
			"to": [14, 14, 14],
			"faces": {
				"north": {"uv": [12, 9.75, 15, 10], "texture": "#1"},
				"east": {"uv": [12, 10, 15, 10.25], "texture": "#1"},
				"south": {"uv": [12, 10.25, 15, 10.5], "texture": "#1"},
				"west": {"uv": [12, 10.5, 15, 10.75], "texture": "#1"},
				"up": {"uv": [12, 6, 9, 3], "texture": "#1"},
				"down": {"uv": [9, 9, 6, 12], "texture": "#1"}
			}
		},
		{
			"from": [1, 1, 2],
			"to": [2, 8, 14],
			"faces": {
				"north": {"uv": [12, 10.75, 12.25, 13.75], "texture": "#1"},
				"east": {"uv": [9, 6, 12, 9], "texture": "#1"},
				"south": {"uv": [0, 12.25, 0.25, 15.25], "texture": "#1"},
				"west": {"uv": [9, 9, 12, 11], "texture": "#1"},
				"up": {"uv": [0.5, 15.25, 0.25, 12.25], "texture": "#1"},
				"down": {"uv": [0.75, 12.25, 0.5, 15.25], "texture": "#1"}
			}
		},
		{
			"from": [1, 9, 2],
			"to": [2, 13, 14],
			"faces": {
				"north": {"uv": [12, 10.75, 12.25, 13.75], "texture": "#1"},
				"east": {"uv": [9, 6, 12, 9], "texture": "#1"},
				"south": {"uv": [0, 12.25, 0.25, 15.25], "texture": "#1"},
				"west": {"uv": [9, 9, 12, 10], "texture": "#1"},
				"up": {"uv": [0.5, 15.25, 0.25, 12.25], "texture": "#1"},
				"down": {"uv": [0.75, 12.25, 0.5, 15.25], "texture": "#1"}
			}
		},
		{
			"from": [14, 1, 2],
			"to": [15, 8, 14],
			"faces": {
				"north": {"uv": [0.75, 12.25, 1, 15.25], "texture": "#1"},
				"east": {"uv": [0, 9.25, 3, 11.25], "texture": "#1"},
				"south": {"uv": [1, 12.25, 1.25, 15.25], "texture": "#1"},
				"west": {"uv": [3, 9.25, 6, 12.25], "texture": "#1"},
				"up": {"uv": [1.5, 15.25, 1.25, 12.25], "texture": "#1"},
				"down": {"uv": [1.75, 12.25, 1.5, 15.25], "texture": "#1"}
			}
		},
		{
			"from": [14, 9, 2],
			"to": [15, 13, 14],
			"faces": {
				"north": {"uv": [0.75, 12.25, 1, 15.25], "texture": "#1"},
				"east": {"uv": [0, 9.25, 3, 10.25], "texture": "#1"},
				"south": {"uv": [1, 12.25, 1.25, 15.25], "texture": "#1"},
				"west": {"uv": [3, 9.25, 6, 12.25], "texture": "#1"},
				"up": {"uv": [1.5, 15.25, 1.25, 12.25], "texture": "#1"},
				"down": {"uv": [1.75, 12.25, 1.5, 15.25], "texture": "#1"}
			}
		},
		{
			"from": [2, 1, 1],
			"to": [14, 7, 2],
			"faces": {
				"north": {"uv": [0.75, 10.75, 4.75, 12.75], "texture": "#1"},
				"east": {"uv": [0.75, 10.75, 4.75, 12.5], "texture": "#1"},
				"south": {"uv": [0.75, 10.75, 4.75, 12.5], "texture": "#1"},
				"west": {"uv": [0.75, 10.75, 4.75, 12.5], "texture": "#1"},
				"up": {"uv": [0.75, 10.75, 4.75, 12.5], "texture": "#1"},
				"down": {"uv": [0.75, 10.75, 4.75, 12.5], "texture": "#1"}
			}
		},
		{
			"from": [10, 7, 1],
			"to": [14, 8, 2],
			"faces": {
				"north": {"uv": [0.75, 10.75, 2.25, 10.75], "texture": "#1"},
				"east": {"uv": [0, 9.25, 1, 12.25], "texture": "#1"},
				"south": {"uv": [1, 12.25, 5, 15.25], "texture": "#1"},
				"west": {"uv": [3, 9.25, 6, 12.25], "texture": "#1"},
				"up": {"uv": [1.5, 15.25, 1.25, 12.25], "texture": "#1"},
				"down": {"uv": [1.75, 12.25, 1.5, 15.25], "texture": "#1"}
			}
		},
		{
			"from": [2, 7, 1],
			"to": [6, 8, 2],
			"faces": {
				"north": {"uv": [0.75, 10.75, 2.25, 10.75], "texture": "#1"},
				"east": {"uv": [0, 9.25, 1, 12.25], "texture": "#1"},
				"south": {"uv": [1, 12.25, 5, 15.25], "texture": "#1"},
				"west": {"uv": [3, 9.25, 6, 12.25], "texture": "#1"},
				"up": {"uv": [1.5, 15.25, 1.25, 12.25], "texture": "#1"},
				"down": {"uv": [1.75, 12.25, 1.5, 15.25], "texture": "#1"}
			}
		},
		{
			"from": [2, 9, 1],
			"to": [6, 11, 2],
			"faces": {
				"north": {"uv": [0.75, 10.75, 1.75, 11.25], "texture": "#1"},
				"east": {"uv": [0.75, 10.75, 2.25, 11.5], "texture": "#1"},
				"south": {"uv": [0.75, 10.75, 2.25, 11.5], "texture": "#1"},
				"west": {"uv": [0.75, 10.75, 2.25, 11.5], "texture": "#1"},
				"up": {"uv": [0.75, 10.75, 2.25, 11.5], "texture": "#1"},
				"down": {"uv": [0.75, 10.75, 2.25, 11.5], "texture": "#1"}
			}
		},
		{
			"from": [6, 10, 1],
			"to": [7, 11, 2],
			"faces": {
				"north": {"uv": [0.75, 10.75, 0.75, 10.75], "texture": "#1"},
				"east": {"uv": [0, 9.25, 1, 12.25], "texture": "#1"},
				"south": {"uv": [1, 12.25, 5, 15.25], "texture": "#1"},
				"west": {"uv": [3, 9.25, 6, 12.25], "texture": "#1"},
				"up": {"uv": [1.5, 15.25, 1.25, 12.25], "texture": "#1"},
				"down": {"uv": [1.75, 12.25, 1.5, 15.25], "texture": "#1"}
			}
		},
		{
			"from": [9, 10, 1],
			"to": [10, 11, 2],
			"faces": {
				"north": {"uv": [0.75, 10.75, 0.75, 10.75], "texture": "#1"},
				"east": {"uv": [0, 9.25, 1, 12.25], "texture": "#1"},
				"south": {"uv": [1, 12.25, 5, 15.25], "texture": "#1"},
				"west": {"uv": [3, 9.25, 6, 12.25], "texture": "#1"},
				"up": {"uv": [1.5, 15.25, 1.25, 12.25], "texture": "#1"},
				"down": {"uv": [1.75, 12.25, 1.5, 15.25], "texture": "#1"}
			}
		},
		{
			"from": [10, 9, 1],
			"to": [14, 11, 2],
			"faces": {
				"north": {"uv": [0.75, 10.75, 2.25, 11.25], "texture": "#1"},
				"east": {"uv": [0.75, 10.75, 2.25, 11.5], "texture": "#1"},
				"south": {"uv": [0.75, 10.75, 2.25, 11.5], "texture": "#1"},
				"west": {"uv": [0.75, 10.75, 2.25, 11.5], "texture": "#1"},
				"up": {"uv": [0.75, 10.75, 2.25, 11.5], "texture": "#1"},
				"down": {"uv": [0.75, 10.75, 2.25, 11.5], "texture": "#1"}
			}
		},
		{
			"from": [2, 1, 14],
			"to": [14, 8, 15],
			"faces": {
				"north": {"uv": [12, 0, 15, 3], "texture": "#1"},
				"east": {"uv": [1.75, 12.25, 2, 15.25], "texture": "#1"},
				"south": {"uv": [12, 3, 15, 5], "texture": "#1"},
				"west": {"uv": [2, 12.25, 2.25, 15.25], "texture": "#1"},
				"up": {"uv": [5.25, 12.5, 2.25, 12.25], "texture": "#1"},
				"down": {"uv": [12, 12.25, 9, 12.5], "texture": "#1"}
			}
		},
		{
			"from": [2, 9, 14],
			"to": [14, 13, 15],
			"faces": {
				"north": {"uv": [12, 0, 15, 3], "texture": "#1"},
				"east": {"uv": [1.75, 12.25, 2, 15.25], "texture": "#1"},
				"south": {"uv": [12, 3, 15, 4], "texture": "#1"},
				"west": {"uv": [2, 12.25, 2.25, 15.25], "texture": "#1"},
				"up": {"uv": [5.25, 12.5, 2.25, 12.25], "texture": "#1"},
				"down": {"uv": [12, 12.25, 9, 12.5], "texture": "#1"}
			}
		},
		{
			"from": [2, 11, 1],
			"to": [14, 13, 2],
			"faces": {
				"north": {"uv": [6, 12, 9, 13], "texture": "#1"},
				"east": {"uv": [6, 12, 9, 13], "texture": "#1"},
				"south": {"uv": [6, 12, 9, 13], "texture": "#1"},
				"west": {"uv": [6, 12, 9, 13], "texture": "#1"},
				"up": {"uv": [6, 12, 9, 13], "texture": "#1"},
				"down": {"uv": [6, 12, 9, 13], "texture": "#1"}
			}
		},
		{
			"from": [14, 0, 2],
			"to": [15, 1, 14],
			"faces": {
				"north": {"uv": [3, 5.25, 3.25, 5.5], "texture": "#0"},
				"east": {"uv": [3.75, 0, 6.75, 0.25], "texture": "#0"},
				"south": {"uv": [3.25, 5.25, 3.5, 5.5], "texture": "#0"},
				"west": {"uv": [3.75, 0.25, 6.75, 0.5], "texture": "#0"},
				"up": {"uv": [4, 3.5, 3.75, 0.5], "texture": "#0"},
				"down": {"uv": [4, 3.5, 3.75, 6.5], "texture": "#0"}
			}
		},
		{
			"from": [14, 0, 14],
			"to": [15, 13, 15],
			"faces": {
				"north": {"uv": [0, 2, 0.25, 5.25], "texture": "#0"},
				"east": {"uv": [0.25, 2, 0.5, 5.25], "texture": "#0"},
				"south": {"uv": [0.5, 2, 0.75, 5.25], "texture": "#0"},
				"west": {"uv": [0.75, 2, 1, 5.25], "texture": "#0"},
				"up": {"uv": [5.5, 4, 5.25, 3.75], "texture": "#0"},
				"down": {"uv": [5.5, 4, 5.25, 4.25], "texture": "#0"}
			}
		},
		{
			"from": [14, 13, 2],
			"to": [15, 14, 14],
			"faces": {
				"north": {"uv": [5.25, 4.25, 5.5, 4.5], "texture": "#0"},
				"east": {"uv": [4, 0.5, 7, 0.75], "texture": "#0"},
				"south": {"uv": [5.25, 4.5, 5.5, 4.75], "texture": "#0"},
				"west": {"uv": [4, 0.75, 7, 1], "texture": "#0"},
				"up": {"uv": [4.25, 4, 4, 1], "texture": "#0"},
				"down": {"uv": [4.25, 4, 4, 7], "texture": "#0"}
			}
		},
		{
			"from": [1, 13, 1],
			"to": [15, 14, 2],
			"faces": {
				"north": {"uv": [0, 0, 3.5, 0.25], "texture": "#0"},
				"east": {"uv": [5.25, 4.75, 5.5, 5], "texture": "#0"},
				"south": {"uv": [0, 0.25, 3.5, 0.5], "texture": "#0"},
				"west": {"uv": [5.25, 5, 5.5, 5.25], "texture": "#0"},
				"up": {"uv": [3.5, 0.75, 0, 0.5], "texture": "#0"},
				"down": {"uv": [3.5, 0.75, 0, 1], "texture": "#0"}
			}
		},
		{
			"from": [1, 13, 14],
			"to": [15, 14, 15],
			"faces": {
				"north": {"uv": [0, 1, 3.5, 1.25], "texture": "#0"},
				"east": {"uv": [5.25, 5.25, 5.5, 5.5], "texture": "#0"},
				"south": {"uv": [0, 1.25, 3.5, 1.5], "texture": "#0"},
				"west": {"uv": [0, 5.5, 0.25, 5.75], "texture": "#0"},
				"up": {"uv": [3.5, 1.75, 0, 1.5], "texture": "#0"},
				"down": {"uv": [3.5, 1.75, 0, 2], "texture": "#0"}
			}
		},
		{
			"from": [14, 0, 1],
			"to": [15, 13, 2],
			"faces": {
				"north": {"uv": [1, 2, 1.25, 5.25], "texture": "#0"},
				"east": {"uv": [1.25, 2, 1.5, 5.25], "texture": "#0"},
				"south": {"uv": [1.5, 2, 1.75, 5.25], "texture": "#0"},
				"west": {"uv": [1.75, 2, 2, 5.25], "texture": "#0"},
				"up": {"uv": [0.5, 5.75, 0.25, 5.5], "texture": "#0"},
				"down": {"uv": [0.75, 5.5, 0.5, 5.75], "texture": "#0"}
			}
		},
		{
			"from": [2, 0, 1],
			"to": [14, 1, 2],
			"faces": {
				"north": {"uv": [4.25, 1, 7.25, 1.25], "texture": "#0"},
				"east": {"uv": [0.75, 5.5, 1, 5.75], "texture": "#0"},
				"south": {"uv": [4.25, 1.25, 7.25, 1.5], "texture": "#0"},
				"west": {"uv": [1, 5.5, 1.25, 5.75], "texture": "#0"},
				"up": {"uv": [7.25, 1.75, 4.25, 1.5], "texture": "#0"},
				"down": {"uv": [7.25, 1.75, 4.25, 2], "texture": "#0"}
			}
		},
		{
			"from": [1, 0, 1],
			"to": [2, 13, 2],
			"faces": {
				"north": {"uv": [2, 2, 2.25, 5.25], "texture": "#0"},
				"east": {"uv": [2.25, 2, 2.5, 5.25], "texture": "#0"},
				"south": {"uv": [2.5, 2, 2.75, 5.25], "texture": "#0"},
				"west": {"uv": [2.75, 2, 3, 5.25], "texture": "#0"},
				"up": {"uv": [1.5, 5.75, 1.25, 5.5], "texture": "#0"},
				"down": {"uv": [1.75, 5.5, 1.5, 5.75], "texture": "#0"}
			}
		},
		{
			"from": [2, 8, 1],
			"to": [14, 9, 2],
			"faces": {
				"north": {"uv": [2, 2, 3.75, 2], "texture": "#0"},
				"east": {"uv": [2.25, 2, 2.5, 5.25], "texture": "#0"},
				"south": {"uv": [2.5, 2, 2.75, 5.25], "texture": "#0"},
				"west": {"uv": [2.75, 2, 3, 5.25], "texture": "#0"},
				"up": {"uv": [1.5, 5.75, 1.25, 5.5], "texture": "#0"},
				"down": {"uv": [1.75, 5.5, 1.5, 5.75], "texture": "#0"}
			}
		},
		{
			"from": [2, 8, 14],
			"to": [14, 9, 15],
			"faces": {
				"north": {"uv": [2, 2, 3.75, 2], "texture": "#0"},
				"east": {"uv": [2.25, 2, 2.5, 5.25], "texture": "#0"},
				"south": {"uv": [2.5, 2, 2.75, 5.25], "texture": "#0"},
				"west": {"uv": [2.75, 2, 3, 5.25], "texture": "#0"},
				"up": {"uv": [1.5, 5.75, 1.25, 5.5], "texture": "#0"},
				"down": {"uv": [1.75, 5.5, 1.5, 5.75], "texture": "#0"}
			}
		},
		{
			"from": [1, 8, 2],
			"to": [2, 9, 14],
			"faces": {
				"north": {"uv": [2, 2, 3.75, 2], "texture": "#0"},
				"east": {"uv": [2.25, 2, 2.5, 5.25], "texture": "#0"},
				"south": {"uv": [2.5, 2, 2.75, 5.25], "texture": "#0"},
				"west": {"uv": [2.75, 2, 5.25, 2], "texture": "#0"},
				"up": {"uv": [1.5, 5.75, 1.25, 5.5], "texture": "#0"},
				"down": {"uv": [1.75, 5.5, 1.5, 5.75], "texture": "#0"}
			}
		},
		{
			"from": [14, 8, 2],
			"to": [15, 9, 14],
			"faces": {
				"north": {"uv": [2, 2, 3.75, 2], "texture": "#0"},
				"east": {"uv": [2.25, 2, 2.5, 5.25], "texture": "#0"},
				"south": {"uv": [2.5, 2, 2.75, 5.25], "texture": "#0"},
				"west": {"uv": [2.75, 2, 5.25, 2], "texture": "#0"},
				"up": {"uv": [1.5, 5.75, 1.25, 5.5], "texture": "#0"},
				"down": {"uv": [1.75, 5.5, 1.5, 5.75], "texture": "#0"}
			}
		},
		{
			"from": [6, 9, 1],
			"to": [7, 10, 2],
			"faces": {
				"north": {"uv": [2, 2, 2, 2], "texture": "#0"},
				"east": {"uv": [2.25, 2, 2.5, 5.25], "texture": "#0"},
				"south": {"uv": [2.5, 2, 2.75, 5.25], "texture": "#0"},
				"west": {"uv": [2.75, 2, 3, 5.25], "texture": "#0"},
				"up": {"uv": [1.5, 5.75, 1.25, 5.5], "texture": "#0"},
				"down": {"uv": [1.75, 5.5, 1.5, 5.75], "texture": "#0"}
			}
		},
		{
			"from": [6, 7, 1],
			"to": [7, 8, 2],
			"faces": {
				"north": {"uv": [2, 2, 2, 2], "texture": "#0"},
				"east": {"uv": [2.25, 2, 2.5, 5.25], "texture": "#0"},
				"south": {"uv": [2.5, 2, 2.75, 5.25], "texture": "#0"},
				"west": {"uv": [2.75, 2, 3, 5.25], "texture": "#0"},
				"up": {"uv": [1.5, 5.75, 1.25, 5.5], "texture": "#0"},
				"down": {"uv": [1.75, 5.5, 1.5, 5.75], "texture": "#0"}
			}
		},
		{
			"from": [7, 10, 1],
			"to": [8, 11, 2],
			"faces": {
				"north": {"uv": [2, 2, 2, 2], "texture": "#0"},
				"east": {"uv": [2.25, 2, 2.5, 5.25], "texture": "#0"},
				"south": {"uv": [2.5, 2, 2.75, 5.25], "texture": "#0"},
				"west": {"uv": [2.75, 2, 3, 5.25], "texture": "#0"},
				"up": {"uv": [1.5, 5.75, 1.25, 5.5], "texture": "#0"},
				"down": {"uv": [1.75, 5.5, 1.5, 5.75], "texture": "#0"}
			}
		},
		{
			"from": [8, 10, 1],
			"to": [9, 11, 2],
			"faces": {
				"north": {"uv": [2, 2, 2, 2], "texture": "#0"},
				"east": {"uv": [2.25, 2, 2.5, 5.25], "texture": "#0"},
				"south": {"uv": [2.5, 2, 2.75, 5.25], "texture": "#0"},
				"west": {"uv": [2.75, 2, 3, 5.25], "texture": "#0"},
				"up": {"uv": [1.5, 5.75, 1.25, 5.5], "texture": "#0"},
				"down": {"uv": [1.75, 5.5, 1.5, 5.75], "texture": "#0"}
			}
		},
		{
			"from": [9, 9, 1],
			"to": [10, 10, 2],
			"faces": {
				"north": {"uv": [2, 2, 2, 2], "texture": "#0"},
				"east": {"uv": [2.25, 2, 2.5, 5.25], "texture": "#0"},
				"south": {"uv": [2.5, 2, 2.75, 5.25], "texture": "#0"},
				"west": {"uv": [2.75, 2, 3, 5.25], "texture": "#0"},
				"up": {"uv": [1.5, 5.75, 1.25, 5.5], "texture": "#0"},
				"down": {"uv": [1.75, 5.5, 1.5, 5.75], "texture": "#0"}
			}
		},
		{
			"from": [9, 7, 1],
			"to": [10, 8, 2],
			"faces": {
				"north": {"uv": [2, 2, 2, 2], "texture": "#0"},
				"east": {"uv": [2.25, 2, 2.5, 5.25], "texture": "#0"},
				"south": {"uv": [2.5, 2, 2.75, 5.25], "texture": "#0"},
				"west": {"uv": [2.75, 2, 3, 5.25], "texture": "#0"},
				"up": {"uv": [1.5, 5.75, 1.25, 5.5], "texture": "#0"},
				"down": {"uv": [1.75, 5.5, 1.5, 5.75], "texture": "#0"}
			}
		},
		{
			"from": [1, 13, 2],
			"to": [2, 14, 14],
			"faces": {
				"north": {"uv": [1.75, 5.5, 2, 5.75], "texture": "#0"},
				"east": {"uv": [4.25, 2, 7.25, 2.25], "texture": "#0"},
				"south": {"uv": [2, 5.5, 2.25, 5.75], "texture": "#0"},
				"west": {"uv": [4.25, 2.25, 7.25, 2.5], "texture": "#0"},
				"up": {"uv": [4.5, 5.5, 4.25, 2.5], "texture": "#0"},
				"down": {"uv": [4.75, 2.5, 4.5, 5.5], "texture": "#0"}
			}
		},
		{
			"from": [1, 0, 14],
			"to": [2, 13, 15],
			"faces": {
				"north": {"uv": [3, 2, 3.25, 5.25], "texture": "#0"},
				"east": {"uv": [3.25, 2, 3.5, 5.25], "texture": "#0"},
				"south": {"uv": [3.5, 0, 3.75, 3.25], "texture": "#0"},
				"west": {"uv": [3.5, 3.25, 3.75, 6.5], "texture": "#0"},
				"up": {"uv": [2.5, 5.75, 2.25, 5.5], "texture": "#0"},
				"down": {"uv": [2.75, 5.5, 2.5, 5.75], "texture": "#0"}
			}
		},
		{
			"from": [1, 0, 2],
			"to": [2, 1, 14],
			"faces": {
				"north": {"uv": [2.75, 5.5, 3, 5.75], "texture": "#0"},
				"east": {"uv": [4.75, 2.5, 7.75, 2.75], "texture": "#0"},
				"south": {"uv": [3, 5.5, 3.25, 5.75], "texture": "#0"},
				"west": {"uv": [4.75, 2.75, 7.75, 3], "texture": "#0"},
				"up": {"uv": [5, 6, 4.75, 3], "texture": "#0"},
				"down": {"uv": [5.25, 3, 5, 6], "texture": "#0"}
			}
		},
		{
			"from": [2, 0, 14],
			"to": [14, 1, 15],
			"faces": {
				"north": {"uv": [0, 5.25, 3, 5.5], "texture": "#0"},
				"east": {"uv": [3.25, 5.5, 3.5, 5.75], "texture": "#0"},
				"south": {"uv": [5.25, 3, 8.25, 3.25], "texture": "#0"},
				"west": {"uv": [5.5, 3.75, 5.75, 4], "texture": "#0"},
				"up": {"uv": [8.25, 3.5, 5.25, 3.25], "texture": "#0"},
				"down": {"uv": [8.25, 3.5, 5.25, 3.75], "texture": "#0"}
			}
		}
	],
	"display": {
		"thirdperson_righthand": {
			"rotation": [75, 45, 0],
			"translation": [0, 2.5, 0],
			"scale": [0.375, 0.375, 0.375]
		},
		"thirdperson_lefthand": {
			"rotation": [75, 45, 0],
			"translation": [0, 2.5, 0],
			"scale": [0.375, 0.375, 0.375]
		},
		"firstperson_righthand": {
			"rotation": [0, 45, 0],
			"scale": [0.4, 0.4, 0.4]
		},
		"firstperson_lefthand": {
			"rotation": [0, 225, 0],
			"scale": [0.4, 0.4, 0.4]
		},
		"ground": {
			"translation": [0, 3, 0],
			"scale": [0.25, 0.25, 0.25]
		},
		"gui": {
			"rotation": [30, 225, 0],
			"scale": [0.625, 0.625, 0.625]
		},
		"fixed": {
			"scale": [0.5, 0.5, 0.5]
		}
	},
	"groups": [
		{
			"name": "chest",
			"origin": [0, 0, 0],
			"color": 0,
			"nbt": "{}",
			"armAnimationEnabled": false,
			"children": [
				{
					"name": "frame3",
					"origin": [0, 0, 0],
					"color": 0,
					"nbt": "{}",
					"armAnimationEnabled": false,
					"children": [0]
				},
				{
					"name": "frame2",
					"origin": [0, 0, 0],
					"color": 0,
					"nbt": "{}",
					"armAnimationEnabled": false,
					"children": [1, 2, 3, 4, 5, 6, 7, 8, 9, 10, 11, 12, 13, 14, 15, 16, 17, 18]
				},
				{
					"name": "frame1",
					"origin": [0, 0, 0],
					"color": 0,
					"nbt": "{}",
					"armAnimationEnabled": false,
					"children": [19, 20, 21, 22, 23, 24, 25, 26, 27, 28, 29, 30, 31, 32, 33, 34, 35, 36, 37, 38, 39, 40]
				}
			]
		}
	]
}