{
	"credit": "Made with Blockbench",
	"texture_size": [32, 32],
	"textures": {
		"0": "block/fridgeframe1texture",
		"1": "block/fridgeframe2texture",
		"particle": "block/fridgeframe1texture"
	},
	"elements": [
		{
			"from": [0, 0, 0],
			"to": [14, 16, 16],
			"faces": {
				"north": {"uv": [0, 4, 1.875, 8], "texture": "#0"},
				"east": {"uv": [0, 0, 2.25, 4], "texture": "#0"},
				"south": {"uv": [1.875, 4, 3.75, 8], "texture": "#0"},
				"west": {"uv": [2.25, 0, 4.5, 4], "texture": "#0"},
				"up": {"uv": [5.625, 6.25, 3.75, 4], "texture": "#0"},
				"down": {"uv": [6.375, 0, 4.5, 2.25], "texture": "#0"}
			}
		},
		{
			"from": [14, 0, 15],
			"to": [15, 15, 16],
			"faces": {
				"north": {"uv": [0, 4, 1.875, 8], "texture": "#0"},
				"east": {"uv": [0, 0, 2.25, 4], "texture": "#0"},
				"south": {"uv": [1.875, 4, 3.75, 8], "texture": "#0"},
				"west": {"uv": [2.25, 0, 4.5, 4], "texture": "#0"},
				"up": {"uv": [5.625, 6.25, 3.75, 4], "texture": "#0"},
				"down": {"uv": [6.375, 0, 4.5, 2.25], "texture": "#0"}
			}
		},
		{
			"from": [14, 0, 0],
			"to": [15, 16, 3],
			"faces": {
				"north": {"uv": [0, 4, 1.875, 8], "texture": "#0"},
				"east": {"uv": [0, 0, 2.25, 4], "texture": "#0"},
				"south": {"uv": [1.875, 4, 3.75, 8], "texture": "#0"},
				"west": {"uv": [2.25, 0, 4.5, 4], "texture": "#0"},
				"up": {"uv": [5.625, 6.25, 3.75, 4], "texture": "#0"},
				"down": {"uv": [6.375, 0, 4.5, 2.25], "texture": "#0"}
			}
		},
		{
			"from": [14, 0, 3],
			"to": [15, 15, 9],
			"faces": {
				"north": {"uv": [0, 4, 1.875, 8], "texture": "#0"},
				"east": {"uv": [0, 0, 2.25, 4], "texture": "#0"},
				"south": {"uv": [1.875, 4, 3.75, 8], "texture": "#0"},
				"west": {"uv": [2.25, 0, 4.5, 4], "texture": "#0"},
				"up": {"uv": [5.625, 6.25, 3.75, 4], "texture": "#0"},
				"down": {"uv": [6.375, 0, 4.5, 2.25], "texture": "#0"}
			}
		},
		{
			"from": [14, 15, 0],
			"to": [16, 16, 16],
			"faces": {
				"north": {"uv": [0, 4, 1.875, 8], "texture": "#0"},
				"east": {"uv": [0, 0, 2.25, 4], "texture": "#0"},
				"south": {"uv": [1.875, 4, 3.75, 8], "texture": "#0"},
				"west": {"uv": [2.25, 0, 4.5, 4], "texture": "#0"},
				"up": {"uv": [5.625, 6.25, 3.75, 4], "texture": "#0"},
				"down": {"uv": [6.375, 0, 4.5, 2.25], "texture": "#0"}
			}
		},
		{
			"from": [15, 11, 9],
			"to": [16, 15, 16],
			"faces": {
				"north": {"uv": [7.125, 3, 7.25, 3.625], "texture": "#0"},
				"east": {"uv": [6.375, 0, 7.5, 0.625], "texture": "#0"},
				"south": {"uv": [7.25, 3, 7.375, 3.625], "texture": "#0"},
				"west": {"uv": [6.375, 0.625, 7.5, 1.25], "texture": "#0"},
				"up": {"uv": [5.75, 8.5, 5.625, 7.375], "texture": "#0"},
				"down": {"uv": [5.875, 7.375, 5.75, 8.5], "texture": "#0"}
			}
		},
		{
			"from": [15, 0, 1],
			"to": [16, 15, 9],
			"faces": {
				"north": {"uv": [5.5, 6.25, 5.625, 8.625], "texture": "#0"},
				"east": {"uv": [5.625, 5, 6.75, 7.375], "texture": "#0"},
				"south": {"uv": [6.75, 5, 6.875, 7.375], "texture": "#0"},
				"west": {"uv": [3.75, 6.25, 4.875, 8.625], "texture": "#0"},
				"up": {"uv": [6, 8.5, 5.875, 7.375], "texture": "#0"},
				"down": {"uv": [6.125, 7.375, 6, 8.5], "texture": "#0"}
			}
		},
		{
			"from": [15, 0, 0],
			"to": [16, 15, 1],
			"faces": {
				"north": {"uv": [5.5, 6.25, 5.625, 8.625], "texture": "#0"},
				"east": {"uv": [5.625, 5, 6.75, 7.375], "texture": "#0"},
				"south": {"uv": [6.75, 5, 6.875, 7.375], "texture": "#0"},
				"west": {"uv": [3.75, 6.25, 4.875, 8.625], "texture": "#0"},
				"up": {"uv": [6, 8.5, 5.875, 7.375], "texture": "#0"},
				"down": {"uv": [6.125, 7.375, 6, 8.5], "texture": "#0"}
			}
		},
		{
			"from": [16, 0, 9],
			"to": [17, 13, 10],
			"faces": {
				"north": {"uv": [6.875, 5, 7, 7], "texture": "#0"},
				"east": {"uv": [5.125, 6.875, 5.25, 8.875], "texture": "#0"},
				"south": {"uv": [5.25, 6.875, 5.375, 8.875], "texture": "#0"},
				"west": {"uv": [5.375, 6.875, 5.5, 8.875], "texture": "#0"},
				"up": {"uv": [4.625, 4, 4.5, 3.875], "texture": "#0"},
				"down": {"uv": [4.75, 3.875, 4.625, 4], "texture": "#0"}
			}
		},
		{
			"from": [16, 0, 6],
			"to": [17, 13, 7],
			"faces": {
				"north": {"uv": [7, 1.25, 7.125, 3.25], "texture": "#0"},
				"east": {"uv": [7, 5, 7.125, 7], "texture": "#0"},
				"south": {"uv": [6.875, 7, 7, 9], "texture": "#0"},
				"west": {"uv": [7, 7, 7.125, 9], "texture": "#0"},
				"up": {"uv": [4.875, 4, 4.75, 3.875], "texture": "#0"},
				"down": {"uv": [5.25, 3.625, 5.125, 3.75], "texture": "#0"}
			}
		},
		{
			"from": [15, 2, 15],
			"to": [16, 11, 16],
			"faces": {
				"north": {"uv": [6.75, 1.875, 6.875, 3.625], "texture": "#0"},
				"east": {"uv": [6.875, 1.875, 7, 3.625], "texture": "#0"},
				"south": {"uv": [7.125, 1.25, 7.25, 3], "texture": "#0"},
				"west": {"uv": [7.125, 5, 7.25, 6.75], "texture": "#0"},
				"up": {"uv": [5.25, 3.875, 5.125, 3.75], "texture": "#0"},
				"down": {"uv": [5.25, 3.875, 5.125, 4], "texture": "#0"}
			}
		},
		{
			"from": [15, 0, 10],
			"to": [16, 11, 11],
			"faces": {
				"north": {"uv": [7.125, 6.75, 7.25, 8.5], "texture": "#0"},
				"east": {"uv": [7.25, 1.25, 7.375, 3], "texture": "#0"},
				"south": {"uv": [7.25, 5, 7.375, 6.75], "texture": "#0"},
				"west": {"uv": [7.25, 6.75, 7.375, 8.5], "texture": "#0"},
				"up": {"uv": [5.375, 3.75, 5.25, 3.625], "texture": "#0"},
				"down": {"uv": [5.375, 3.75, 5.25, 3.875], "texture": "#0"}
			}
		},
		{
			"from": [15, 0, 11],
			"to": [16, 2, 16],
			"faces": {
				"north": {"uv": [7.375, 2.625, 7.5, 3.25], "texture": "#0"},
				"east": {"uv": [4.875, 6.25, 5.5, 6.875], "texture": "#0"},
				"south": {"uv": [6.125, 7.375, 6.25, 8], "texture": "#0"},
				"west": {"uv": [6.375, 1.25, 7, 1.875], "texture": "#0"},
				"up": {"uv": [6.375, 8, 6.25, 7.375], "texture": "#0"},
				"down": {"uv": [6.5, 7.375, 6.375, 8], "texture": "#0"}
			}
		},
		{
			"from": [15, 10, 12],
			"to": [16, 11, 14],
			"faces": {
				"north": {"uv": [5.25, 3.875, 5.375, 4], "texture": "#0"},
				"east": {"uv": [4.5, 3.625, 4.875, 3.75], "texture": "#0"},
				"south": {"uv": [5.375, 3.625, 5.5, 3.75], "texture": "#0"},
				"west": {"uv": [4.5, 3.75, 4.875, 3.875], "texture": "#0"},
				"up": {"uv": [5, 4, 4.875, 3.625], "texture": "#0"},
				"down": {"uv": [5.125, 3.625, 5, 4], "texture": "#0"}
			}
		},
		{
			"from": [14, 0, 9],
			"to": [15, 15, 15],
			"faces": {
				"north": {"uv": [7, 0, 7.5, 9], "texture": "#1"},
				"east": {"uv": [0, 0, 3.5, 9], "texture": "#1"},
				"south": {"uv": [7.5, 0, 8, 9], "texture": "#1"},
				"west": {"uv": [3.5, 0, 7, 9], "texture": "#1"},
				"up": {"uv": [8.5, 3.5, 8, 0], "texture": "#1"},
				"down": {"uv": [8.5, 3.5, 8, 7], "texture": "#1"}
			}
		}
	],
	"display": {
		"thirdperson_righthand": {
			"rotation": [75, 45, 0],
			"translation": [0, 2.5, 0],
			"scale": [0.375, 0.375, 0.375]
		},
		"thirdperson_lefthand": {
			"rotation": [75, 45, 0],
			"translation": [0, 2.5, 0],
			"scale": [0.375, 0.375, 0.375]
		},
		"firstperson_righthand": {
			"rotation": [0, 45, 0],
			"scale": [0.4, 0.4, 0.4]
		},
		"firstperson_lefthand": {
			"rotation": [0, 225, 0],
			"scale": [0.4, 0.4, 0.4]
		},
		"ground": {
			"translation": [0, 3, 0],
			"scale": [0.25, 0.25, 0.25]
		},
		"gui": {
			"rotation": [30, 225, 0],
			"scale": [0.625, 0.625, 0.625]
		},
		"fixed": {
			"scale": [0.5, 0.5, 0.5]
		}
	},
	"groups": [
		{
			"name": "fridge",
			"origin": [0, 0, 0],
			"color": 0,
			"nbt": "{}",
			"armAnimationEnabled": false,
			"children": [
				{
					"name": "frame1",
					"origin": [0, 0, 0],
					"color": 0,
					"nbt": "{}",
					"armAnimationEnabled": false,
					"children": [0, 1, 2, 3, 4, 5, 6, 7, 8, 9, 10, 11, 12, 13]
				},
				{
					"name": "frame2",
					"origin": [0, 0, 0],
					"color": 0,
					"nbt": "{}",
					"armAnimationEnabled": false,
					"children": [14]
				}
			]
		}
	]
}