{
	"credit": "Made with Blockbench",
	"texture_size": [32, 32],
	"textures": {
		"0": "custom/vaultframe1texture",
		"1": "custom/vaultframe2texture",
		"particle": "custom/vaultframe1texture"
	},
	"elements": [
		{
			"from": [0, 0, 0],
			"to": [16, 1, 1],
			"faces": {
				"north": {"uv": [0, 0, 8, 0.5], "texture": "#1"},
				"east": {"uv": [9, 1.5, 9.5, 2], "texture": "#1"},
				"south": {"uv": [0, 0.5, 8, 1], "texture": "#1"},
				"west": {"uv": [9.5, 11, 10, 11.5], "texture": "#1"},
				"up": {"uv": [8, 1.5, 0, 1], "texture": "#1"},
				"down": {"uv": [8, 1.5, 0, 2], "texture": "#1"}
			}
		},
		{
			"from": [9, 1, 0],
			"to": [15, 2, 1],
			"faces": {
				"north": {"uv": [4, 4, 7, 4.5], "texture": "#1"},
				"east": {"uv": [11.5, 4.5, 12, 5], "texture": "#1"},
				"south": {"uv": [4, 4.5, 7, 5], "texture": "#1"},
				"west": {"uv": [5, 11.5, 5.5, 12], "texture": "#1"},
				"up": {"uv": [7, 5.5, 4, 5], "texture": "#1"},
				"down": {"uv": [7, 5.5, 4, 6], "texture": "#1"}
			}
		},
		{
			"from": [9, 14, 0],
			"to": [15, 15, 1],
			"faces": {
				"north": {"uv": [4, 6, 7, 6.5], "texture": "#1"},
				"east": {"uv": [11.5, 5, 12, 5.5], "texture": "#1"},
				"south": {"uv": [4, 6.5, 7, 7], "texture": "#1"},
				"west": {"uv": [5.5, 11.5, 6, 12], "texture": "#1"},
				"up": {"uv": [7, 7.5, 4, 7], "texture": "#1"},
				"down": {"uv": [10, 4, 7, 4.5], "texture": "#1"}
			}
		},
		{
			"from": [1, 1, 0],
			"to": [7, 2, 1],
			"faces": {
				"north": {"uv": [7, 4.5, 10, 5], "texture": "#1"},
				"east": {"uv": [11.5, 5.5, 12, 6], "texture": "#1"},
				"south": {"uv": [7, 5, 10, 5.5], "texture": "#1"},
				"west": {"uv": [6, 11.5, 6.5, 12], "texture": "#1"},
				"up": {"uv": [10, 6, 7, 5.5], "texture": "#1"},
				"down": {"uv": [10, 6, 7, 6.5], "texture": "#1"}
			}
		},
		{
			"from": [1, 14, 0],
			"to": [7, 15, 1],
			"faces": {
				"north": {"uv": [7, 6.5, 10, 7], "texture": "#1"},
				"east": {"uv": [11.5, 6, 12, 6.5], "texture": "#1"},
				"south": {"uv": [7, 7, 10, 7.5], "texture": "#1"},
				"west": {"uv": [6.5, 11.5, 7, 12], "texture": "#1"},
				"up": {"uv": [7, 8, 4, 7.5], "texture": "#1"},
				"down": {"uv": [10, 7.5, 7, 8], "texture": "#1"}
			}
		},
		{
			"from": [14, 2, 0],
			"to": [15, 7, 1],
			"faces": {
				"north": {"uv": [4, 8, 4.5, 10.5], "texture": "#1"},
				"east": {"uv": [4.5, 8, 5, 10.5], "texture": "#1"},
				"south": {"uv": [5, 8, 5.5, 10.5], "texture": "#1"},
				"west": {"uv": [5.5, 8, 6, 10.5], "texture": "#1"},
				"up": {"uv": [12, 7, 11.5, 6.5], "texture": "#1"},
				"down": {"uv": [7.5, 11.5, 7, 12], "texture": "#1"}
			}
		},
		{
			"from": [14, 9, 0],
			"to": [15, 14, 1],
			"faces": {
				"north": {"uv": [6, 8, 6.5, 10.5], "texture": "#1"},
				"east": {"uv": [6.5, 8, 7, 10.5], "texture": "#1"},
				"south": {"uv": [7, 8, 7.5, 10.5], "texture": "#1"},
				"west": {"uv": [7.5, 8, 8, 10.5], "texture": "#1"},
				"up": {"uv": [12, 7.5, 11.5, 7], "texture": "#1"},
				"down": {"uv": [8, 11.5, 7.5, 12], "texture": "#1"}
			}
		},
		{
			"from": [11, 10, 0.7],
			"to": [12, 12, 1.1],
			"rotation": {"angle": 0, "axis": "z", "origin": [11.5, 9.5, 0.9]},
			"faces": {
				"north": {"uv": [4, 10.5, 4.5, 11.5], "texture": "#1"},
				"east": {"uv": [4.5, 10.5, 5, 11.5], "texture": "#1"},
				"south": {"uv": [10.5, 4.5, 11, 5.5], "texture": "#1"},
				"west": {"uv": [5, 10.5, 5.5, 11.5], "texture": "#1"},
				"up": {"uv": [12, 8, 11.5, 7.5], "texture": "#1"},
				"down": {"uv": [8.5, 11.5, 8, 12], "texture": "#1"}
			}
		},
		{
			"from": [11, 10.7, 0.3],
			"to": [12, 11.2, 0.7],
			"rotation": {"angle": 0, "axis": "z", "origin": [11.5, 9.5, 0.9]},
			"faces": {
				"north": {"uv": [11.5, 8, 12, 8.5], "texture": "#1"},
				"east": {"uv": [8.5, 11.5, 9, 12], "texture": "#1"},
				"south": {"uv": [11.5, 8.5, 12, 9], "texture": "#1"},
				"west": {"uv": [9, 11.5, 9.5, 12], "texture": "#1"},
				"up": {"uv": [10, 12, 9.5, 11.5], "texture": "#1"},
				"down": {"uv": [10.5, 11.5, 10, 12], "texture": "#1"}
			}
		},
		{
			"from": [14, 10, -0.3],
			"to": [15, 12, 0.1],
			"rotation": {"angle": 0, "axis": "z", "origin": [11.5, 9.5, 0.9]},
			"faces": {
				"north": {"uv": [5.5, 10.5, 6, 11.5], "texture": "#1"},
				"east": {"uv": [10.5, 5.5, 11, 6.5], "texture": "#1"},
				"south": {"uv": [6, 10.5, 6.5, 11.5], "texture": "#1"},
				"west": {"uv": [6.5, 10.5, 7, 11.5], "texture": "#1"},
				"up": {"uv": [11, 12, 10.5, 11.5], "texture": "#1"},
				"down": {"uv": [11.5, 11.5, 11, 12], "texture": "#1"}
			}
		},
		{
			"from": [14, 10.7, -0.7],
			"to": [15, 11.2, -0.3],
			"rotation": {"angle": 0, "axis": "z", "origin": [11.5, 9.5, 0.9]},
			"faces": {
				"north": {"uv": [11.5, 11.5, 12, 12], "texture": "#1"},
				"east": {"uv": [0, 12, 0.5, 12.5], "texture": "#1"},
				"south": {"uv": [0.5, 12, 1, 12.5], "texture": "#1"},
				"west": {"uv": [1, 12, 1.5, 12.5], "texture": "#1"},
				"up": {"uv": [2, 12.5, 1.5, 12], "texture": "#1"},
				"down": {"uv": [2.5, 12, 2, 12.5], "texture": "#1"}
			}
		},
		{
			"from": [14, 4, -0.3],
			"to": [15, 6, 0.1],
			"rotation": {"angle": 0, "axis": "z", "origin": [11.5, 9.5, 0.9]},
			"faces": {
				"north": {"uv": [10.5, 6.5, 11, 7.5], "texture": "#1"},
				"east": {"uv": [7, 10.5, 7.5, 11.5], "texture": "#1"},
				"south": {"uv": [7.5, 10.5, 8, 11.5], "texture": "#1"},
				"west": {"uv": [10.5, 7.5, 11, 8.5], "texture": "#1"},
				"up": {"uv": [3, 12.5, 2.5, 12], "texture": "#1"},
				"down": {"uv": [3.5, 12, 3, 12.5], "texture": "#1"}
			}
		},
		{
			"from": [14, 4.7, -0.7],
			"to": [15, 5.2, -0.3],
			"rotation": {"angle": 0, "axis": "z", "origin": [11.5, 9.5, 0.9]},
			"faces": {
				"north": {"uv": [3.5, 12, 4, 12.5], "texture": "#1"},
				"east": {"uv": [4, 12, 4.5, 12.5], "texture": "#1"},
				"south": {"uv": [4.5, 12, 5, 12.5], "texture": "#1"},
				"west": {"uv": [12, 4.5, 12.5, 5], "texture": "#1"},
				"up": {"uv": [5.5, 12.5, 5, 12], "texture": "#1"},
				"down": {"uv": [12.5, 5, 12, 5.5], "texture": "#1"}
			}
		},
		{
			"from": [4, 10, 0.7],
			"to": [5, 12, 1.1],
			"rotation": {"angle": 0, "axis": "z", "origin": [11.5, 9.5, 0.9]},
			"faces": {
				"north": {"uv": [8, 10.5, 8.5, 11.5], "texture": "#1"},
				"east": {"uv": [8.5, 10.5, 9, 11.5], "texture": "#1"},
				"south": {"uv": [10.5, 8.5, 11, 9.5], "texture": "#1"},
				"west": {"uv": [9, 10.5, 9.5, 11.5], "texture": "#1"},
				"up": {"uv": [6, 12.5, 5.5, 12], "texture": "#1"},
				"down": {"uv": [12.5, 5.5, 12, 6], "texture": "#1"}
			}
		},
		{
			"from": [4, 10.7, 0.3],
			"to": [5, 11.2, 0.7],
			"rotation": {"angle": 0, "axis": "z", "origin": [11.5, 9.5, 0.9]},
			"faces": {
				"north": {"uv": [6, 12, 6.5, 12.5], "texture": "#1"},
				"east": {"uv": [12, 6, 12.5, 6.5], "texture": "#1"},
				"south": {"uv": [6.5, 12, 7, 12.5], "texture": "#1"},
				"west": {"uv": [12, 6.5, 12.5, 7], "texture": "#1"},
				"up": {"uv": [7.5, 12.5, 7, 12], "texture": "#1"},
				"down": {"uv": [12.5, 7, 12, 7.5], "texture": "#1"}
			}
		},
		{
			"from": [14, 13.45, -0.4],
			"to": [15, 15.45, 0.4],
			"rotation": {"angle": 0, "axis": "z", "origin": [7.5, 10.95, 0.05]},
			"faces": {
				"north": {"uv": [10.5, 9.5, 11, 10.5], "texture": "#1"},
				"east": {"uv": [10, 10.5, 10.5, 11.5], "texture": "#1"},
				"south": {"uv": [10.5, 10.5, 11, 11.5], "texture": "#1"},
				"west": {"uv": [11, 0, 11.5, 1], "texture": "#1"},
				"up": {"uv": [8, 12.5, 7.5, 12], "texture": "#1"},
				"down": {"uv": [12.5, 7.5, 12, 8], "texture": "#1"}
			}
		},
		{
			"from": [14, 0.45, -0.4],
			"to": [15, 2.45, 0.4],
			"rotation": {"angle": 0, "axis": "z", "origin": [7.5, 10.95, 0.05]},
			"faces": {
				"north": {"uv": [11, 1, 11.5, 2], "texture": "#1"},
				"east": {"uv": [2, 11, 2.5, 12], "texture": "#1"},
				"south": {"uv": [11, 2, 11.5, 3], "texture": "#1"},
				"west": {"uv": [2.5, 11, 3, 12], "texture": "#1"},
				"up": {"uv": [8.5, 12.5, 8, 12], "texture": "#1"},
				"down": {"uv": [12.5, 8, 12, 8.5], "texture": "#1"}
			}
		},
		{
			"from": [11, 4, 0.7],
			"to": [12, 6, 1.1],
			"rotation": {"angle": 0, "axis": "z", "origin": [11.5, 9.5, 0.9]},
			"faces": {
				"north": {"uv": [3, 11, 3.5, 12], "texture": "#1"},
				"east": {"uv": [11, 3, 11.5, 4], "texture": "#1"},
				"south": {"uv": [3.5, 11, 4, 12], "texture": "#1"},
				"west": {"uv": [11, 4, 11.5, 5], "texture": "#1"},
				"up": {"uv": [9, 12.5, 8.5, 12], "texture": "#1"},
				"down": {"uv": [12.5, 8.5, 12, 9], "texture": "#1"}
			}
		},
		{
			"from": [11, 4.7, 0.3],
			"to": [12, 5.2, 0.7],
			"rotation": {"angle": 0, "axis": "z", "origin": [11.5, 9.5, 0.9]},
			"faces": {
				"north": {"uv": [9, 12, 9.5, 12.5], "texture": "#1"},
				"east": {"uv": [12, 9, 12.5, 9.5], "texture": "#1"},
				"south": {"uv": [9.5, 12, 10, 12.5], "texture": "#1"},
				"west": {"uv": [12, 9.5, 12.5, 10], "texture": "#1"},
				"up": {"uv": [10.5, 12.5, 10, 12], "texture": "#1"},
				"down": {"uv": [12.5, 10, 12, 10.5], "texture": "#1"}
			}
		},
		{
			"from": [4, 4.7, 0.3],
			"to": [5, 5.2, 0.7],
			"rotation": {"angle": 0, "axis": "z", "origin": [11.5, 9.5, 0.9]},
			"faces": {
				"north": {"uv": [10.5, 12, 11, 12.5], "texture": "#1"},
				"east": {"uv": [12, 10.5, 12.5, 11], "texture": "#1"},
				"south": {"uv": [11, 12, 11.5, 12.5], "texture": "#1"},
				"west": {"uv": [12, 11, 12.5, 11.5], "texture": "#1"},
				"up": {"uv": [12, 12.5, 11.5, 12], "texture": "#1"},
				"down": {"uv": [12.5, 11.5, 12, 12], "texture": "#1"}
			}
		},
		{
			"from": [4, 4, 0.7],
			"to": [5, 6, 1.1],
			"rotation": {"angle": 0, "axis": "z", "origin": [11.5, 9.5, 0.9]},
			"faces": {
				"north": {"uv": [11, 5, 11.5, 6], "texture": "#1"},
				"east": {"uv": [11, 6, 11.5, 7], "texture": "#1"},
				"south": {"uv": [11, 7, 11.5, 8], "texture": "#1"},
				"west": {"uv": [11, 8, 11.5, 9], "texture": "#1"},
				"up": {"uv": [12.5, 12.5, 12, 12], "texture": "#1"},
				"down": {"uv": [0.5, 12.5, 0, 13], "texture": "#1"}
			}
		},
		{
			"from": [1, 2, 0],
			"to": [2, 7, 1],
			"faces": {
				"north": {"uv": [8, 8, 8.5, 10.5], "texture": "#1"},
				"east": {"uv": [8.5, 8, 9, 10.5], "texture": "#1"},
				"south": {"uv": [9, 8, 9.5, 10.5], "texture": "#1"},
				"west": {"uv": [0, 9.5, 0.5, 12], "texture": "#1"},
				"up": {"uv": [13, 0.5, 12.5, 0], "texture": "#1"},
				"down": {"uv": [1, 12.5, 0.5, 13], "texture": "#1"}
			}
		},
		{
			"from": [1, 9, 0],
			"to": [2, 14, 1],
			"faces": {
				"north": {"uv": [9.5, 0, 10, 2.5], "texture": "#1"},
				"east": {"uv": [0.5, 9.5, 1, 12], "texture": "#1"},
				"south": {"uv": [1, 9.5, 1.5, 12], "texture": "#1"},
				"west": {"uv": [1.5, 9.5, 2, 12], "texture": "#1"},
				"up": {"uv": [13, 1, 12.5, 0.5], "texture": "#1"},
				"down": {"uv": [1.5, 12.5, 1, 13], "texture": "#1"}
			}
		},
		{
			"from": [13, 2, 0],
			"to": [14, 5, 1],
			"faces": {
				"north": {"uv": [8, 0, 8.5, 1.5], "texture": "#1"},
				"east": {"uv": [8.5, 0, 9, 1.5], "texture": "#1"},
				"south": {"uv": [9, 0, 9.5, 1.5], "texture": "#1"},
				"west": {"uv": [9.5, 2.5, 10, 4], "texture": "#1"},
				"up": {"uv": [13, 1.5, 12.5, 1], "texture": "#1"},
				"down": {"uv": [2, 12.5, 1.5, 13], "texture": "#1"}
			}
		},
		{
			"from": [13, 11, 0],
			"to": [14, 14, 1],
			"faces": {
				"north": {"uv": [9.5, 8, 10, 9.5], "texture": "#1"},
				"east": {"uv": [9.5, 9.5, 10, 11], "texture": "#1"},
				"south": {"uv": [10, 0, 10.5, 1.5], "texture": "#1"},
				"west": {"uv": [10, 1.5, 10.5, 3], "texture": "#1"},
				"up": {"uv": [13, 2, 12.5, 1.5], "texture": "#1"},
				"down": {"uv": [2.5, 12.5, 2, 13], "texture": "#1"}
			}
		},
		{
			"from": [2, 2, 0],
			"to": [3, 5, 1],
			"faces": {
				"north": {"uv": [10, 3, 10.5, 4.5], "texture": "#1"},
				"east": {"uv": [10, 4.5, 10.5, 6], "texture": "#1"},
				"south": {"uv": [10, 6, 10.5, 7.5], "texture": "#1"},
				"west": {"uv": [10, 7.5, 10.5, 9], "texture": "#1"},
				"up": {"uv": [13, 2.5, 12.5, 2], "texture": "#1"},
				"down": {"uv": [3, 12.5, 2.5, 13], "texture": "#1"}
			}
		},
		{
			"from": [2, 11, 0],
			"to": [3, 14, 1],
			"faces": {
				"north": {"uv": [10, 9, 10.5, 10.5], "texture": "#1"},
				"east": {"uv": [10.5, 0, 11, 1.5], "texture": "#1"},
				"south": {"uv": [10.5, 1.5, 11, 3], "texture": "#1"},
				"west": {"uv": [10.5, 3, 11, 4.5], "texture": "#1"},
				"up": {"uv": [13, 3, 12.5, 2.5], "texture": "#1"},
				"down": {"uv": [3.5, 12.5, 3, 13], "texture": "#1"}
			}
		},
		{
			"from": [11, 2, 0],
			"to": [13, 3, 1],
			"faces": {
				"north": {"uv": [8, 1.5, 9, 2], "texture": "#1"},
				"east": {"uv": [12.5, 3, 13, 3.5], "texture": "#1"},
				"south": {"uv": [11, 9, 12, 9.5], "texture": "#1"},
				"west": {"uv": [3.5, 12.5, 4, 13], "texture": "#1"},
				"up": {"uv": [12, 10, 11, 9.5], "texture": "#1"},
				"down": {"uv": [12, 10, 11, 10.5], "texture": "#1"}
			}
		},
		{
			"from": [11, 13, 0],
			"to": [13, 14, 1],
			"faces": {
				"north": {"uv": [11, 10.5, 12, 11], "texture": "#1"},
				"east": {"uv": [12.5, 3.5, 13, 4], "texture": "#1"},
				"south": {"uv": [11, 11, 12, 11.5], "texture": "#1"},
				"west": {"uv": [4, 12.5, 4.5, 13], "texture": "#1"},
				"up": {"uv": [12.5, 0.5, 11.5, 0], "texture": "#1"},
				"down": {"uv": [12.5, 0.5, 11.5, 1], "texture": "#1"}
			}
		},
		{
			"from": [3, 2, 0],
			"to": [5, 3, 1],
			"faces": {
				"north": {"uv": [11.5, 1, 12.5, 1.5], "texture": "#1"},
				"east": {"uv": [12.5, 4, 13, 4.5], "texture": "#1"},
				"south": {"uv": [11.5, 1.5, 12.5, 2], "texture": "#1"},
				"west": {"uv": [4.5, 12.5, 5, 13], "texture": "#1"},
				"up": {"uv": [12.5, 2.5, 11.5, 2], "texture": "#1"},
				"down": {"uv": [12.5, 2.5, 11.5, 3], "texture": "#1"}
			}
		},
		{
			"from": [3, 13, 0],
			"to": [5, 14, 1],
			"faces": {
				"north": {"uv": [11.5, 3, 12.5, 3.5], "texture": "#1"},
				"east": {"uv": [12.5, 4.5, 13, 5], "texture": "#1"},
				"south": {"uv": [11.5, 3.5, 12.5, 4], "texture": "#1"},
				"west": {"uv": [5, 12.5, 5.5, 13], "texture": "#1"},
				"up": {"uv": [5, 12, 4, 11.5], "texture": "#1"},
				"down": {"uv": [12.5, 4, 11.5, 4.5], "texture": "#1"}
			}
		},
		{
			"from": [15, 1, 0],
			"to": [16, 16, 1],
			"faces": {
				"north": {"uv": [0, 2, 0.5, 9.5], "texture": "#1"},
				"east": {"uv": [0.5, 2, 1, 9.5], "texture": "#1"},
				"south": {"uv": [1, 2, 1.5, 9.5], "texture": "#1"},
				"west": {"uv": [1.5, 2, 2, 9.5], "texture": "#1"},
				"up": {"uv": [13, 5.5, 12.5, 5], "texture": "#1"},
				"down": {"uv": [6, 12.5, 5.5, 13], "texture": "#1"}
			}
		},
		{
			"from": [0, 15, 0],
			"to": [15, 16, 1],
			"rotation": {"angle": 0, "axis": "y", "origin": [15.5, 9.5, 0.5]},
			"faces": {
				"north": {"uv": [2, 2, 9.5, 2.5], "texture": "#1"},
				"east": {"uv": [12.5, 5.5, 13, 6], "texture": "#1"},
				"south": {"uv": [2, 2.5, 9.5, 3], "texture": "#1"},
				"west": {"uv": [6, 12.5, 6.5, 13], "texture": "#1"},
				"up": {"uv": [9.5, 3.5, 2, 3], "texture": "#1"},
				"down": {"uv": [9.5, 3.5, 2, 4], "texture": "#1"}
			}
		},
		{
			"from": [0, 1, 0],
			"to": [1, 15, 1],
			"rotation": {"angle": 0, "axis": "y", "origin": [15.5, 9.5, 0.5]},
			"faces": {
				"north": {"uv": [2, 4, 2.5, 11], "texture": "#1"},
				"east": {"uv": [2.5, 4, 3, 11], "texture": "#1"},
				"south": {"uv": [3, 4, 3.5, 11], "texture": "#1"},
				"west": {"uv": [3.5, 4, 4, 11], "texture": "#1"},
				"up": {"uv": [13, 6.5, 12.5, 6], "texture": "#1"},
				"down": {"uv": [7, 12.5, 6.5, 13], "texture": "#1"}
			}
		},
		{
			"from": [1, 0, 1],
			"to": [15, 15, 15],
			"rotation": {"angle": 0, "axis": "y", "origin": [4.575, 11.05, 11.625]},
			"faces": {
				"north": {"uv": [3.5, 0, 7, 3], "texture": "#1"},
				"east": {"uv": [3.5, 3, 7, 6], "texture": "#1"},
				"south": {"uv": [3.5, 6, 7, 9], "texture": "#1"},
				"west": {"uv": [0, 7, 3.5, 10], "texture": "#1"},
				"up": {"uv": [3.5, 3.5, 0, 0], "texture": "#1"},
				"down": {"uv": [3.5, 3.5, 0, 7], "texture": "#1"}
			}
		},
		{
			"from": [13, 14, 1],
			"to": [15, 15.5, 15],
			"faces": {
				"north": {"uv": [3.5, 0, 7, 3], "texture": "#1"},
				"east": {"uv": [3.5, 3, 7, 6], "texture": "#1"},
				"south": {"uv": [3.5, 6, 7, 9], "texture": "#1"},
				"west": {"uv": [0, 7, 3.5, 10], "texture": "#1"},
				"up": {"uv": [3.5, 3.5, 0, 0], "texture": "#1"},
				"down": {"uv": [3.5, 3.5, 0, 7], "texture": "#1"}
			}
		},
		{
			"from": [1, 14, 1],
			"to": [3, 15.5, 15],
			"faces": {
				"north": {"uv": [3.5, 0, 7, 3], "texture": "#1"},
				"east": {"uv": [3.5, 3, 7, 6], "texture": "#1"},
				"south": {"uv": [3.5, 6, 7, 9], "texture": "#1"},
				"west": {"uv": [0, 7, 3.5, 10], "texture": "#1"},
				"up": {"uv": [3.5, 3.5, 0, 0], "texture": "#1"},
				"down": {"uv": [3.5, 3.5, 0, 7], "texture": "#1"}
			}
		},
		{
			"from": [2, 14, 13],
			"to": [13, 15.5, 15],
			"rotation": {"angle": 0, "axis": "y", "origin": [14, 14.75, 8]},
			"faces": {
				"north": {"uv": [3.5, 3, 7, 6], "texture": "#1"},
				"east": {"uv": [3.5, 6, 7, 9], "texture": "#1"},
				"south": {"uv": [0, 7, 3.5, 10], "texture": "#1"},
				"west": {"uv": [3.5, 0, 7, 3], "texture": "#1"},
				"up": {"uv": [3.5, 3.5, 0, 0], "rotation": 270, "texture": "#1"},
				"down": {"uv": [3.5, 3.5, 0, 7], "rotation": 90, "texture": "#1"}
			}
		},
		{
			"from": [2, 14, 1],
			"to": [13, 15.5, 3],
			"rotation": {"angle": 0, "axis": "y", "origin": [14, 14.75, 8]},
			"faces": {
				"north": {"uv": [3.5, 3, 7, 6], "texture": "#1"},
				"east": {"uv": [3.5, 6, 7, 9], "texture": "#1"},
				"south": {"uv": [0, 7, 3.5, 10], "texture": "#1"},
				"west": {"uv": [3.5, 0, 7, 3], "texture": "#1"},
				"up": {"uv": [3.5, 3.5, 0, 0], "rotation": 270, "texture": "#1"},
				"down": {"uv": [3.5, 3.5, 0, 7], "rotation": 90, "texture": "#1"}
			}
		},
		{
			"from": [15, 0, 13],
			"to": [15.5, 15.5, 15],
			"faces": {
				"north": {"uv": [3.5, 0, 7, 3], "texture": "#1"},
				"east": {"uv": [3.5, 3, 7, 6], "texture": "#1"},
				"south": {"uv": [3.5, 6, 7, 9], "texture": "#1"},
				"west": {"uv": [0, 7, 3.5, 10], "texture": "#1"},
				"up": {"uv": [3.5, 3.5, 0, 0], "texture": "#1"},
				"down": {"uv": [3.5, 3.5, 0, 7], "texture": "#1"}
			}
		},
		{
			"from": [15, 0, 1],
			"to": [15.5, 15.5, 3],
			"faces": {
				"north": {"uv": [3.5, 0, 7, 3], "texture": "#1"},
				"east": {"uv": [3.5, 3, 7, 6], "texture": "#1"},
				"south": {"uv": [3.5, 6, 7, 9], "texture": "#1"},
				"west": {"uv": [0, 7, 3.5, 10], "texture": "#1"},
				"up": {"uv": [3.5, 3.5, 0, 0], "texture": "#1"},
				"down": {"uv": [3.5, 3.5, 0, 7], "texture": "#1"}
			}
		},
		{
			"from": [15, 13, 2.5],
			"to": [15.5, 15, 13],
			"rotation": {"angle": 0, "axis": "x", "origin": [15.25, 7.75, 14]},
			"faces": {
				"north": {"uv": [3.5, 3.5, 0, 7], "rotation": 180, "texture": "#1"},
				"east": {"uv": [3.5, 3, 7, 6], "rotation": 270, "texture": "#1"},
				"south": {"uv": [3.5, 3.5, 0, 0], "texture": "#1"},
				"west": {"uv": [0, 7, 3.5, 10], "rotation": 90, "texture": "#1"},
				"up": {"uv": [3.5, 0, 7, 3], "rotation": 180, "texture": "#1"},
				"down": {"uv": [3.5, 6, 7, 9], "texture": "#1"}
			}
		},
		{
			"from": [15, 1, 2.5],
			"to": [15.5, 3, 13],
			"rotation": {"angle": 0, "axis": "x", "origin": [15.25, 7.75, 14]},
			"faces": {
				"north": {"uv": [3.5, 3.5, 0, 7], "rotation": 180, "texture": "#1"},
				"east": {"uv": [3.5, 3, 7, 6], "rotation": 270, "texture": "#1"},
				"south": {"uv": [3.5, 3.5, 0, 0], "texture": "#1"},
				"west": {"uv": [0, 7, 3.5, 10], "rotation": 90, "texture": "#1"},
				"up": {"uv": [3.5, 0, 7, 3], "rotation": 180, "texture": "#1"},
				"down": {"uv": [3.5, 6, 7, 9], "texture": "#1"}
			}
		},
		{
			"from": [1, 0, 15],
			"to": [2.5, 15.5, 15.5],
			"faces": {
				"north": {"uv": [3.5, 0, 7, 3], "texture": "#1"},
				"east": {"uv": [3.5, 3, 7, 6], "texture": "#1"},
				"south": {"uv": [3.5, 6, 7, 9], "texture": "#1"},
				"west": {"uv": [0, 7, 3.5, 10], "texture": "#1"},
				"up": {"uv": [3.5, 3.5, 0, 0], "texture": "#1"},
				"down": {"uv": [3.5, 3.5, 0, 7], "texture": "#1"}
			}
		},
		{
			"from": [13.5, 0, 15],
			"to": [15, 15.5, 15.5],
			"faces": {
				"north": {"uv": [3.5, 0, 7, 3], "texture": "#1"},
				"east": {"uv": [3.5, 3, 7, 6], "texture": "#1"},
				"south": {"uv": [3.5, 6, 7, 9], "texture": "#1"},
				"west": {"uv": [0, 7, 3.5, 10], "texture": "#1"},
				"up": {"uv": [3.5, 3.5, 0, 0], "texture": "#1"},
				"down": {"uv": [3.5, 3.5, 0, 7], "texture": "#1"}
			}
		},
		{
			"from": [2.5, 13.5, 15],
			"to": [14, 15, 15.5],
			"rotation": {"angle": 0, "axis": "z", "origin": [1.75, 7.75, 15.25]},
			"faces": {
				"north": {"uv": [3.5, 0, 7, 3], "rotation": 90, "texture": "#1"},
				"east": {"uv": [3.5, 3.5, 0, 7], "rotation": 270, "texture": "#1"},
				"south": {"uv": [3.5, 6, 7, 9], "rotation": 270, "texture": "#1"},
				"west": {"uv": [3.5, 3.5, 0, 0], "rotation": 270, "texture": "#1"},
				"up": {"uv": [3.5, 3, 7, 6], "rotation": 270, "texture": "#1"},
				"down": {"uv": [0, 7, 3.5, 10], "rotation": 270, "texture": "#1"}
			}
		},
		{
			"from": [2.5, 1, 15],
			"to": [14, 2.5, 15.5],
			"rotation": {"angle": 0, "axis": "z", "origin": [1.75, 7.75, 15.25]},
			"faces": {
				"north": {"uv": [3.5, 0, 7, 3], "rotation": 90, "texture": "#1"},
				"east": {"uv": [3.5, 3.5, 0, 7], "rotation": 270, "texture": "#1"},
				"south": {"uv": [3.5, 6, 7, 9], "rotation": 270, "texture": "#1"},
				"west": {"uv": [3.5, 3.5, 0, 0], "rotation": 270, "texture": "#1"},
				"up": {"uv": [3.5, 3, 7, 6], "rotation": 270, "texture": "#1"},
				"down": {"uv": [0, 7, 3.5, 10], "rotation": 270, "texture": "#1"}
			}
		},
		{
			"from": [0.5, 0, 1],
			"to": [1.5, 15.5, 2.5],
			"faces": {
				"north": {"uv": [3.5, 0, 7, 3], "texture": "#1"},
				"east": {"uv": [3.5, 3, 7, 6], "texture": "#1"},
				"south": {"uv": [3.5, 6, 7, 9], "texture": "#1"},
				"west": {"uv": [0, 7, 3.5, 10], "texture": "#1"},
				"up": {"uv": [3.5, 3.5, 0, 0], "texture": "#1"},
				"down": {"uv": [3.5, 3.5, 0, 7], "texture": "#1"}
			}
		},
		{
			"from": [0.5, 0, 13.5],
			"to": [1.5, 15.5, 15],
			"faces": {
				"north": {"uv": [3.5, 0, 7, 3], "texture": "#1"},
				"east": {"uv": [3.5, 3, 7, 6], "texture": "#1"},
				"south": {"uv": [3.5, 6, 7, 9], "texture": "#1"},
				"west": {"uv": [0, 7, 3.5, 10], "texture": "#1"},
				"up": {"uv": [3.5, 3.5, 0, 0], "texture": "#1"},
				"down": {"uv": [3.5, 3.5, 0, 7], "texture": "#1"}
			}
		},
		{
			"from": [0.5, 13.5, 2.5],
			"to": [1.5, 15, 14],
			"rotation": {"angle": 0, "axis": "x", "origin": [1, 7.75, 1.75]},
			"faces": {
				"north": {"uv": [3.5, 3.5, 0, 0], "rotation": 180, "texture": "#1"},
				"east": {"uv": [3.5, 3, 7, 6], "rotation": 90, "texture": "#1"},
				"south": {"uv": [3.5, 3.5, 0, 7], "texture": "#1"},
				"west": {"uv": [0, 7, 3.5, 10], "rotation": 270, "texture": "#1"},
				"up": {"uv": [3.5, 6, 7, 9], "texture": "#1"},
				"down": {"uv": [3.5, 0, 7, 3], "rotation": 180, "texture": "#1"}
			}
		},
		{
			"from": [0.5, 1, 2.5],
			"to": [1.5, 2.5, 15],
			"rotation": {"angle": 0, "axis": "x", "origin": [1, 7.75, 1.75]},
			"faces": {
				"north": {"uv": [3.5, 3.5, 0, 0], "rotation": 180, "texture": "#1"},
				"east": {"uv": [3.5, 3, 7, 6], "rotation": 90, "texture": "#1"},
				"south": {"uv": [3.5, 3.5, 0, 7], "texture": "#1"},
				"west": {"uv": [0, 7, 3.5, 10], "rotation": 270, "texture": "#1"},
				"up": {"uv": [3.5, 6, 7, 9], "texture": "#1"},
				"down": {"uv": [3.5, 0, 7, 3], "rotation": 180, "texture": "#1"}
			}
		},
		{
			"from": [0, 15, 1],
			"to": [1, 16, 16],
			"faces": {
				"north": {"uv": [3.5, 0, 7, 3], "texture": "#1"},
				"east": {"uv": [3.5, 3, 7, 6], "texture": "#1"},
				"south": {"uv": [3.5, 6, 7, 9], "texture": "#1"},
				"west": {"uv": [0, 7, 3.5, 10], "texture": "#1"},
				"up": {"uv": [3.5, 3.5, 0, 0], "texture": "#1"},
				"down": {"uv": [3.5, 3.5, 0, 7], "texture": "#1"}
			}
		},
		{
			"from": [0, 14, 1.5],
			"to": [1, 14.5, 2],
			"rotation": {"angle": 0, "axis": "y", "origin": [-1.5, 14.25, 2.25]},
			"faces": {
				"north": {"uv": [3.5, 3.5, 0, 7], "rotation": 180, "texture": "#1"},
				"east": {"uv": [3.5, 3, 7, 6], "rotation": 270, "texture": "#1"},
				"south": {"uv": [3.5, 3.5, 0, 0], "texture": "#1"},
				"west": {"uv": [0, 7, 3.5, 10], "rotation": 90, "texture": "#1"},
				"up": {"uv": [3.5, 0, 7, 3], "rotation": 180, "texture": "#1"},
				"down": {"uv": [3.5, 6, 7, 9], "texture": "#1"}
			}
		},
		{
			"from": [0, 14.5, 1.5],
			"to": [1, 14.7, 2],
			"rotation": {"angle": 0, "axis": "y", "origin": [-1.5, 14.25, 2.25]},
			"faces": {
				"north": {"uv": [3.5, 3.5, 0, 7], "rotation": 180, "texture": "#1"},
				"east": {"uv": [3.5, 3, 7, 6], "rotation": 270, "texture": "#1"},
				"south": {"uv": [3.5, 3.5, 0, 0], "texture": "#1"},
				"west": {"uv": [0, 7, 3.5, 10], "rotation": 90, "texture": "#1"},
				"up": {"uv": [3.5, 0, 7, 3], "rotation": 180, "texture": "#1"},
				"down": {"uv": [3.5, 6, 7, 9], "texture": "#1"}
			}
		},
		{
			"from": [0, 13.8, 1.5],
			"to": [1, 14, 2],
			"rotation": {"angle": 0, "axis": "y", "origin": [-1.5, 14.25, 2.25]},
			"faces": {
				"north": {"uv": [3.5, 3.5, 0, 7], "rotation": 180, "texture": "#1"},
				"east": {"uv": [3.5, 3, 7, 6], "rotation": 270, "texture": "#1"},
				"south": {"uv": [3.5, 3.5, 0, 0], "texture": "#1"},
				"west": {"uv": [0, 7, 3.5, 10], "rotation": 90, "texture": "#1"},
				"up": {"uv": [3.5, 0, 7, 3], "rotation": 180, "texture": "#1"},
				"down": {"uv": [3.5, 6, 7, 9], "texture": "#1"}
			}
		},
		{
			"from": [0, 14, 2],
			"to": [1, 14.5, 2.2],
			"rotation": {"angle": 0, "axis": "y", "origin": [-1.5, 14.25, 2.25]},
			"faces": {
				"north": {"uv": [3.5, 3.5, 0, 7], "rotation": 180, "texture": "#1"},
				"east": {"uv": [3.5, 3, 7, 6], "rotation": 270, "texture": "#1"},
				"south": {"uv": [3.5, 3.5, 0, 0], "texture": "#1"},
				"west": {"uv": [0, 7, 3.5, 10], "rotation": 90, "texture": "#1"},
				"up": {"uv": [3.5, 0, 7, 3], "rotation": 180, "texture": "#1"},
				"down": {"uv": [3.5, 6, 7, 9], "texture": "#1"}
			}
		},
		{
			"from": [0, 14, 1.3],
			"to": [1, 14.5, 1.5],
			"rotation": {"angle": 0, "axis": "y", "origin": [-1.5, 14.25, 2.25]},
			"faces": {
				"north": {"uv": [3.5, 3.5, 0, 7], "rotation": 180, "texture": "#1"},
				"east": {"uv": [3.5, 3, 7, 6], "rotation": 270, "texture": "#1"},
				"south": {"uv": [3.5, 3.5, 0, 0], "texture": "#1"},
				"west": {"uv": [0, 7, 3.5, 10], "rotation": 90, "texture": "#1"},
				"up": {"uv": [3.5, 0, 7, 3], "rotation": 180, "texture": "#1"},
				"down": {"uv": [3.5, 6, 7, 9], "texture": "#1"}
			}
		},
		{
			"from": [13.8, 14.9, 1.6],
			"to": [14.3, 15.9, 1.8],
			"rotation": {"angle": 0, "axis": "z", "origin": [0.5, 14.25, 1.75]},
			"faces": {
				"north": {"uv": [3.5, 3.5, 0, 7], "rotation": 90, "texture": "#1"},
				"east": {"uv": [3.5, 0, 7, 3], "rotation": 270, "texture": "#1"},
				"south": {"uv": [3.5, 3.5, 0, 0], "rotation": 90, "texture": "#1"},
				"west": {"uv": [3.5, 6, 7, 9], "rotation": 90, "texture": "#1"},
				"up": {"uv": [0, 7, 3.5, 10], "rotation": 180, "texture": "#1"},
				"down": {"uv": [3.5, 3, 7, 6], "texture": "#1"}
			}
		},
		{
			"from": [14.3, 14.9, 1.8],
			"to": [14.5, 15.9, 2.3],
			"rotation": {"angle": 0, "axis": "z", "origin": [0.5, 14.25, 1.75]},
			"faces": {
				"north": {"uv": [3.5, 3.5, 0, 7], "rotation": 90, "texture": "#1"},
				"east": {"uv": [3.5, 0, 7, 3], "rotation": 270, "texture": "#1"},
				"south": {"uv": [3.5, 3.5, 0, 0], "rotation": 90, "texture": "#1"},
				"west": {"uv": [3.5, 6, 7, 9], "rotation": 90, "texture": "#1"},
				"up": {"uv": [0, 7, 3.5, 10], "rotation": 180, "texture": "#1"},
				"down": {"uv": [3.5, 3, 7, 6], "texture": "#1"}
			}
		},
		{
			"from": [13.8, 14.9, 1.8],
			"to": [14.3, 15.9, 2.3],
			"rotation": {"angle": 0, "axis": "z", "origin": [0.5, 14.25, 1.75]},
			"faces": {
				"north": {"uv": [3.5, 3.5, 0, 7], "rotation": 90, "texture": "#1"},
				"east": {"uv": [3.5, 0, 7, 3], "rotation": 270, "texture": "#1"},
				"south": {"uv": [3.5, 3.5, 0, 0], "rotation": 90, "texture": "#1"},
				"west": {"uv": [3.5, 6, 7, 9], "rotation": 90, "texture": "#1"},
				"up": {"uv": [0, 7, 3.5, 10], "rotation": 180, "texture": "#1"},
				"down": {"uv": [3.5, 3, 7, 6], "texture": "#1"}
			}
		},
		{
			"from": [13.6, 14.9, 1.8],
			"to": [13.8, 15.9, 2.3],
			"rotation": {"angle": 0, "axis": "z", "origin": [0.5, 14.25, 1.75]},
			"faces": {
				"north": {"uv": [3.5, 3.5, 0, 7], "rotation": 90, "texture": "#1"},
				"east": {"uv": [3.5, 0, 7, 3], "rotation": 270, "texture": "#1"},
				"south": {"uv": [3.5, 3.5, 0, 0], "rotation": 90, "texture": "#1"},
				"west": {"uv": [3.5, 6, 7, 9], "rotation": 90, "texture": "#1"},
				"up": {"uv": [0, 7, 3.5, 10], "rotation": 180, "texture": "#1"},
				"down": {"uv": [3.5, 3, 7, 6], "texture": "#1"}
			}
		},
		{
			"from": [13.8, 14.9, 2.3],
			"to": [14.3, 15.9, 2.5],
			"rotation": {"angle": 0, "axis": "z", "origin": [0.5, 14.25, 1.75]},
			"faces": {
				"north": {"uv": [3.5, 3.5, 0, 7], "rotation": 90, "texture": "#1"},
				"east": {"uv": [3.5, 0, 7, 3], "rotation": 270, "texture": "#1"},
				"south": {"uv": [3.5, 3.5, 0, 0], "rotation": 90, "texture": "#1"},
				"west": {"uv": [3.5, 6, 7, 9], "rotation": 90, "texture": "#1"},
				"up": {"uv": [0, 7, 3.5, 10], "rotation": 180, "texture": "#1"},
				"down": {"uv": [3.5, 3, 7, 6], "texture": "#1"}
			}
		},
		{
			"from": [13.8, 14.9, 14.3],
			"to": [14.3, 15.9, 14.5],
			"rotation": {"angle": 0, "axis": "z", "origin": [0.5, 14.25, 1.75]},
			"faces": {
				"north": {"uv": [3.5, 3.5, 0, 7], "rotation": 90, "texture": "#1"},
				"east": {"uv": [3.5, 0, 7, 3], "rotation": 270, "texture": "#1"},
				"south": {"uv": [3.5, 3.5, 0, 0], "rotation": 90, "texture": "#1"},
				"west": {"uv": [3.5, 6, 7, 9], "rotation": 90, "texture": "#1"},
				"up": {"uv": [0, 7, 3.5, 10], "rotation": 180, "texture": "#1"},
				"down": {"uv": [3.5, 3, 7, 6], "texture": "#1"}
			}
		},
		{
			"from": [13.8, 14.9, 13.8],
			"to": [14.3, 15.9, 14.3],
			"rotation": {"angle": 0, "axis": "z", "origin": [0.5, 14.25, 1.75]},
			"faces": {
				"north": {"uv": [3.5, 3.5, 0, 7], "rotation": 90, "texture": "#1"},
				"east": {"uv": [3.5, 0, 7, 3], "rotation": 270, "texture": "#1"},
				"south": {"uv": [3.5, 3.5, 0, 0], "rotation": 90, "texture": "#1"},
				"west": {"uv": [3.5, 6, 7, 9], "rotation": 90, "texture": "#1"},
				"up": {"uv": [0, 7, 3.5, 10], "rotation": 180, "texture": "#1"},
				"down": {"uv": [3.5, 3, 7, 6], "texture": "#1"}
			}
		},
		{
			"from": [13.6, 14.9, 13.8],
			"to": [13.8, 15.9, 14.3],
			"rotation": {"angle": 0, "axis": "z", "origin": [0.5, 14.25, 1.75]},
			"faces": {
				"north": {"uv": [3.5, 3.5, 0, 7], "rotation": 90, "texture": "#1"},
				"east": {"uv": [3.5, 0, 7, 3], "rotation": 270, "texture": "#1"},
				"south": {"uv": [3.5, 3.5, 0, 0], "rotation": 90, "texture": "#1"},
				"west": {"uv": [3.5, 6, 7, 9], "rotation": 90, "texture": "#1"},
				"up": {"uv": [0, 7, 3.5, 10], "rotation": 180, "texture": "#1"},
				"down": {"uv": [3.5, 3, 7, 6], "texture": "#1"}
			}
		},
		{
			"from": [13.8, 14.9, 13.6],
			"to": [14.3, 15.9, 13.8],
			"rotation": {"angle": 0, "axis": "z", "origin": [0.5, 14.25, 1.75]},
			"faces": {
				"north": {"uv": [3.5, 3.5, 0, 7], "rotation": 90, "texture": "#1"},
				"east": {"uv": [3.5, 0, 7, 3], "rotation": 270, "texture": "#1"},
				"south": {"uv": [3.5, 3.5, 0, 0], "rotation": 90, "texture": "#1"},
				"west": {"uv": [3.5, 6, 7, 9], "rotation": 90, "texture": "#1"},
				"up": {"uv": [0, 7, 3.5, 10], "rotation": 180, "texture": "#1"},
				"down": {"uv": [3.5, 3, 7, 6], "texture": "#1"}
			}
		},
		{
			"from": [14.3, 14.9, 13.8],
			"to": [14.5, 15.9, 14.3],
			"rotation": {"angle": 0, "axis": "z", "origin": [0.5, 14.25, 1.75]},
			"faces": {
				"north": {"uv": [3.5, 3.5, 0, 7], "rotation": 90, "texture": "#1"},
				"east": {"uv": [3.5, 0, 7, 3], "rotation": 270, "texture": "#1"},
				"south": {"uv": [3.5, 3.5, 0, 0], "rotation": 90, "texture": "#1"},
				"west": {"uv": [3.5, 6, 7, 9], "rotation": 90, "texture": "#1"},
				"up": {"uv": [0, 7, 3.5, 10], "rotation": 180, "texture": "#1"},
				"down": {"uv": [3.5, 3, 7, 6], "texture": "#1"}
			}
		},
		{
			"from": [1.8, 14.9, 14.3],
			"to": [2.3, 15.9, 14.5],
			"rotation": {"angle": 0, "axis": "z", "origin": [0.5, 14.25, 1.75]},
			"faces": {
				"north": {"uv": [3.5, 3.5, 0, 7], "rotation": 90, "texture": "#1"},
				"east": {"uv": [3.5, 0, 7, 3], "rotation": 270, "texture": "#1"},
				"south": {"uv": [3.5, 3.5, 0, 0], "rotation": 90, "texture": "#1"},
				"west": {"uv": [3.5, 6, 7, 9], "rotation": 90, "texture": "#1"},
				"up": {"uv": [0, 7, 3.5, 10], "rotation": 180, "texture": "#1"},
				"down": {"uv": [3.5, 3, 7, 6], "texture": "#1"}
			}
		},
		{
			"from": [1.8, 14.9, 13.8],
			"to": [2.3, 15.9, 14.3],
			"rotation": {"angle": 0, "axis": "z", "origin": [0.5, 14.25, 1.75]},
			"faces": {
				"north": {"uv": [3.5, 3.5, 0, 7], "rotation": 90, "texture": "#1"},
				"east": {"uv": [3.5, 0, 7, 3], "rotation": 270, "texture": "#1"},
				"south": {"uv": [3.5, 3.5, 0, 0], "rotation": 90, "texture": "#1"},
				"west": {"uv": [3.5, 6, 7, 9], "rotation": 90, "texture": "#1"},
				"up": {"uv": [0, 7, 3.5, 10], "rotation": 180, "texture": "#1"},
				"down": {"uv": [3.5, 3, 7, 6], "texture": "#1"}
			}
		},
		{
			"from": [1.6, 14.9, 13.8],
			"to": [1.8, 15.9, 14.3],
			"rotation": {"angle": 0, "axis": "z", "origin": [0.5, 14.25, 1.75]},
			"faces": {
				"north": {"uv": [3.5, 3.5, 0, 7], "rotation": 90, "texture": "#1"},
				"east": {"uv": [3.5, 0, 7, 3], "rotation": 270, "texture": "#1"},
				"south": {"uv": [3.5, 3.5, 0, 0], "rotation": 90, "texture": "#1"},
				"west": {"uv": [3.5, 6, 7, 9], "rotation": 90, "texture": "#1"},
				"up": {"uv": [0, 7, 3.5, 10], "rotation": 180, "texture": "#1"},
				"down": {"uv": [3.5, 3, 7, 6], "texture": "#1"}
			}
		},
		{
			"from": [1.8, 14.9, 13.6],
			"to": [2.3, 15.9, 13.8],
			"rotation": {"angle": 0, "axis": "z", "origin": [0.5, 14.25, 1.75]},
			"faces": {
				"north": {"uv": [3.5, 3.5, 0, 7], "rotation": 90, "texture": "#1"},
				"east": {"uv": [3.5, 0, 7, 3], "rotation": 270, "texture": "#1"},
				"south": {"uv": [3.5, 3.5, 0, 0], "rotation": 90, "texture": "#1"},
				"west": {"uv": [3.5, 6, 7, 9], "rotation": 90, "texture": "#1"},
				"up": {"uv": [0, 7, 3.5, 10], "rotation": 180, "texture": "#1"},
				"down": {"uv": [3.5, 3, 7, 6], "texture": "#1"}
			}
		},
		{
			"from": [2.3, 14.9, 13.8],
			"to": [2.5, 15.9, 14.3],
			"rotation": {"angle": 0, "axis": "z", "origin": [0.5, 14.25, 1.75]},
			"faces": {
				"north": {"uv": [3.5, 3.5, 0, 7], "rotation": 90, "texture": "#1"},
				"east": {"uv": [3.5, 0, 7, 3], "rotation": 270, "texture": "#1"},
				"south": {"uv": [3.5, 3.5, 0, 0], "rotation": 90, "texture": "#1"},
				"west": {"uv": [3.5, 6, 7, 9], "rotation": 90, "texture": "#1"},
				"up": {"uv": [0, 7, 3.5, 10], "rotation": 180, "texture": "#1"},
				"down": {"uv": [3.5, 3, 7, 6], "texture": "#1"}
			}
		},
		{
			"from": [1.8, 14.9, 1.8],
			"to": [2.3, 15.9, 2.3],
			"rotation": {"angle": 0, "axis": "z", "origin": [0.5, 14.25, 1.75]},
			"faces": {
				"north": {"uv": [3.5, 3.5, 0, 7], "rotation": 90, "texture": "#1"},
				"east": {"uv": [3.5, 0, 7, 3], "rotation": 270, "texture": "#1"},
				"south": {"uv": [3.5, 3.5, 0, 0], "rotation": 90, "texture": "#1"},
				"west": {"uv": [3.5, 6, 7, 9], "rotation": 90, "texture": "#1"},
				"up": {"uv": [0, 7, 3.5, 10], "rotation": 180, "texture": "#1"},
				"down": {"uv": [3.5, 3, 7, 6], "texture": "#1"}
			}
		},
		{
			"from": [2.3, 14.9, 1.8],
			"to": [2.5, 15.9, 2.3],
			"rotation": {"angle": 0, "axis": "z", "origin": [0.5, 14.25, 1.75]},
			"faces": {
				"north": {"uv": [3.5, 3.5, 0, 7], "rotation": 90, "texture": "#1"},
				"east": {"uv": [3.5, 0, 7, 3], "rotation": 270, "texture": "#1"},
				"south": {"uv": [3.5, 3.5, 0, 0], "rotation": 90, "texture": "#1"},
				"west": {"uv": [3.5, 6, 7, 9], "rotation": 90, "texture": "#1"},
				"up": {"uv": [0, 7, 3.5, 10], "rotation": 180, "texture": "#1"},
				"down": {"uv": [3.5, 3, 7, 6], "texture": "#1"}
			}
		},
		{
			"from": [1.8, 14.9, 2.3],
			"to": [2.3, 15.9, 2.5],
			"rotation": {"angle": 0, "axis": "z", "origin": [0.5, 14.25, 1.75]},
			"faces": {
				"north": {"uv": [3.5, 3.5, 0, 7], "rotation": 90, "texture": "#1"},
				"east": {"uv": [3.5, 0, 7, 3], "rotation": 270, "texture": "#1"},
				"south": {"uv": [3.5, 3.5, 0, 0], "rotation": 90, "texture": "#1"},
				"west": {"uv": [3.5, 6, 7, 9], "rotation": 90, "texture": "#1"},
				"up": {"uv": [0, 7, 3.5, 10], "rotation": 180, "texture": "#1"},
				"down": {"uv": [3.5, 3, 7, 6], "texture": "#1"}
			}
		},
		{
			"from": [1.6, 14.9, 1.8],
			"to": [1.8, 15.9, 2.3],
			"rotation": {"angle": 0, "axis": "z", "origin": [0.5, 14.25, 1.75]},
			"faces": {
				"north": {"uv": [3.5, 3.5, 0, 7], "rotation": 90, "texture": "#1"},
				"east": {"uv": [3.5, 0, 7, 3], "rotation": 270, "texture": "#1"},
				"south": {"uv": [3.5, 3.5, 0, 0], "rotation": 90, "texture": "#1"},
				"west": {"uv": [3.5, 6, 7, 9], "rotation": 90, "texture": "#1"},
				"up": {"uv": [0, 7, 3.5, 10], "rotation": 180, "texture": "#1"},
				"down": {"uv": [3.5, 3, 7, 6], "texture": "#1"}
			}
		},
		{
			"from": [1.8, 14.9, 1.6],
			"to": [2.3, 15.9, 1.8],
			"rotation": {"angle": 0, "axis": "z", "origin": [0.5, 14.25, 1.75]},
			"faces": {
				"north": {"uv": [3.5, 3.5, 0, 7], "rotation": 90, "texture": "#1"},
				"east": {"uv": [3.5, 0, 7, 3], "rotation": 270, "texture": "#1"},
				"south": {"uv": [3.5, 3.5, 0, 0], "rotation": 90, "texture": "#1"},
				"west": {"uv": [3.5, 6, 7, 9], "rotation": 90, "texture": "#1"},
				"up": {"uv": [0, 7, 3.5, 10], "rotation": 180, "texture": "#1"},
				"down": {"uv": [3.5, 3, 7, 6], "texture": "#1"}
			}
		},
		{
			"from": [0, 1.3, 1.5],
			"to": [1, 1.5, 2],
			"rotation": {"angle": 0, "axis": "y", "origin": [-1.5, 14.25, 2.25]},
			"faces": {
				"north": {"uv": [3.5, 3.5, 0, 7], "rotation": 180, "texture": "#1"},
				"east": {"uv": [3.5, 3, 7, 6], "rotation": 270, "texture": "#1"},
				"south": {"uv": [3.5, 3.5, 0, 0], "texture": "#1"},
				"west": {"uv": [0, 7, 3.5, 10], "rotation": 90, "texture": "#1"},
				"up": {"uv": [3.5, 0, 7, 3], "rotation": 180, "texture": "#1"},
				"down": {"uv": [3.5, 6, 7, 9], "texture": "#1"}
			}
		},
		{
			"from": [0, 1.5, 1.5],
			"to": [1, 2, 2],
			"rotation": {"angle": 0, "axis": "y", "origin": [-1.5, 14.25, 2.25]},
			"faces": {
				"north": {"uv": [3.5, 3.5, 0, 7], "rotation": 180, "texture": "#1"},
				"east": {"uv": [3.5, 3, 7, 6], "rotation": 270, "texture": "#1"},
				"south": {"uv": [3.5, 3.5, 0, 0], "texture": "#1"},
				"west": {"uv": [0, 7, 3.5, 10], "rotation": 90, "texture": "#1"},
				"up": {"uv": [3.5, 0, 7, 3], "rotation": 180, "texture": "#1"},
				"down": {"uv": [3.5, 6, 7, 9], "texture": "#1"}
			}
		},
		{
			"from": [0, 1.5, 2],
			"to": [1, 2, 2.2],
			"rotation": {"angle": 0, "axis": "y", "origin": [-1.5, 14.25, 2.25]},
			"faces": {
				"north": {"uv": [3.5, 3.5, 0, 7], "rotation": 180, "texture": "#1"},
				"east": {"uv": [3.5, 3, 7, 6], "rotation": 270, "texture": "#1"},
				"south": {"uv": [3.5, 3.5, 0, 0], "texture": "#1"},
				"west": {"uv": [0, 7, 3.5, 10], "rotation": 90, "texture": "#1"},
				"up": {"uv": [3.5, 0, 7, 3], "rotation": 180, "texture": "#1"},
				"down": {"uv": [3.5, 6, 7, 9], "texture": "#1"}
			}
		},
		{
			"from": [0, 2, 1.5],
			"to": [1, 2.2, 2],
			"rotation": {"angle": 0, "axis": "y", "origin": [-1.5, 14.25, 2.25]},
			"faces": {
				"north": {"uv": [3.5, 3.5, 0, 7], "rotation": 180, "texture": "#1"},
				"east": {"uv": [3.5, 3, 7, 6], "rotation": 270, "texture": "#1"},
				"south": {"uv": [3.5, 3.5, 0, 0], "texture": "#1"},
				"west": {"uv": [0, 7, 3.5, 10], "rotation": 90, "texture": "#1"},
				"up": {"uv": [3.5, 0, 7, 3], "rotation": 180, "texture": "#1"},
				"down": {"uv": [3.5, 6, 7, 9], "texture": "#1"}
			}
		},
		{
			"from": [0, 1.5, 1.3],
			"to": [1, 2, 1.5],
			"rotation": {"angle": 0, "axis": "y", "origin": [-1.5, 14.25, 2.25]},
			"faces": {
				"north": {"uv": [3.5, 3.5, 0, 7], "rotation": 180, "texture": "#1"},
				"east": {"uv": [3.5, 3, 7, 6], "rotation": 270, "texture": "#1"},
				"south": {"uv": [3.5, 3.5, 0, 0], "texture": "#1"},
				"west": {"uv": [0, 7, 3.5, 10], "rotation": 90, "texture": "#1"},
				"up": {"uv": [3.5, 0, 7, 3], "rotation": 180, "texture": "#1"},
				"down": {"uv": [3.5, 6, 7, 9], "texture": "#1"}
			}
		},
		{
			"from": [0, 14, 14],
			"to": [1, 14.5, 14.5],
			"rotation": {"angle": 0, "axis": "x", "origin": [0.5, 14.25, 14.25]},
			"faces": {
				"north": {"uv": [3.5, 3.5, 0, 7], "rotation": 180, "texture": "#1"},
				"east": {"uv": [3.5, 3, 7, 6], "rotation": 270, "texture": "#1"},
				"south": {"uv": [3.5, 3.5, 0, 0], "texture": "#1"},
				"west": {"uv": [0, 7, 3.5, 10], "rotation": 90, "texture": "#1"},
				"up": {"uv": [3.5, 0, 7, 3], "rotation": 180, "texture": "#1"},
				"down": {"uv": [3.5, 6, 7, 9], "texture": "#1"}
			}
		},
		{
			"from": [0, 14.5, 14],
			"to": [1, 14.7, 14.5],
			"rotation": {"angle": 0, "axis": "x", "origin": [0.5, 14.25, 14.25]},
			"faces": {
				"north": {"uv": [3.5, 3.5, 0, 7], "rotation": 180, "texture": "#1"},
				"east": {"uv": [3.5, 3, 7, 6], "rotation": 270, "texture": "#1"},
				"south": {"uv": [3.5, 3.5, 0, 0], "texture": "#1"},
				"west": {"uv": [0, 7, 3.5, 10], "rotation": 90, "texture": "#1"},
				"up": {"uv": [3.5, 0, 7, 3], "rotation": 180, "texture": "#1"},
				"down": {"uv": [3.5, 6, 7, 9], "texture": "#1"}
			}
		},
		{
			"from": [0, 14, 13.8],
			"to": [1, 14.5, 14],
			"rotation": {"angle": 0, "axis": "x", "origin": [0.5, 14.25, 14.25]},
			"faces": {
				"north": {"uv": [3.5, 3.5, 0, 7], "rotation": 180, "texture": "#1"},
				"east": {"uv": [3.5, 3, 7, 6], "rotation": 270, "texture": "#1"},
				"south": {"uv": [3.5, 3.5, 0, 0], "texture": "#1"},
				"west": {"uv": [0, 7, 3.5, 10], "rotation": 90, "texture": "#1"},
				"up": {"uv": [3.5, 0, 7, 3], "rotation": 180, "texture": "#1"},
				"down": {"uv": [3.5, 6, 7, 9], "texture": "#1"}
			}
		},
		{
			"from": [0, 13.8, 14],
			"to": [1, 14, 14.5],
			"rotation": {"angle": 0, "axis": "x", "origin": [0.5, 14.25, 14.25]},
			"faces": {
				"north": {"uv": [3.5, 3.5, 0, 7], "rotation": 180, "texture": "#1"},
				"east": {"uv": [3.5, 3, 7, 6], "rotation": 270, "texture": "#1"},
				"south": {"uv": [3.5, 3.5, 0, 0], "texture": "#1"},
				"west": {"uv": [0, 7, 3.5, 10], "rotation": 90, "texture": "#1"},
				"up": {"uv": [3.5, 0, 7, 3], "rotation": 180, "texture": "#1"},
				"down": {"uv": [3.5, 6, 7, 9], "texture": "#1"}
			}
		},
		{
			"from": [0, 14, 14.5],
			"to": [1, 14.5, 14.7],
			"rotation": {"angle": 0, "axis": "x", "origin": [0.5, 14.25, 14.25]},
			"faces": {
				"north": {"uv": [3.5, 3.5, 0, 7], "rotation": 180, "texture": "#1"},
				"east": {"uv": [3.5, 3, 7, 6], "rotation": 270, "texture": "#1"},
				"south": {"uv": [3.5, 3.5, 0, 0], "texture": "#1"},
				"west": {"uv": [0, 7, 3.5, 10], "rotation": 90, "texture": "#1"},
				"up": {"uv": [3.5, 0, 7, 3], "rotation": 180, "texture": "#1"},
				"down": {"uv": [3.5, 6, 7, 9], "texture": "#1"}
			}
		},
		{
			"from": [1.5, 14.5, 14.9],
			"to": [2, 14.7, 15.9],
			"rotation": {"angle": 0, "axis": "y", "origin": [4.575, 11.05, 11.625]},
			"faces": {
				"north": {"uv": [3.5, 3, 7, 6], "rotation": 270, "texture": "#1"},
				"east": {"uv": [3.5, 3.5, 0, 0], "texture": "#1"},
				"south": {"uv": [0, 7, 3.5, 10], "rotation": 90, "texture": "#1"},
				"west": {"uv": [3.5, 3.5, 0, 7], "rotation": 180, "texture": "#1"},
				"up": {"uv": [3.5, 0, 7, 3], "rotation": 90, "texture": "#1"},
				"down": {"uv": [3.5, 6, 7, 9], "rotation": 90, "texture": "#1"}
			}
		},
		{
			"from": [1.5, 14, 14.9],
			"to": [2, 14.5, 15.9],
			"rotation": {"angle": 0, "axis": "y", "origin": [4.575, 11.05, 11.625]},
			"faces": {
				"north": {"uv": [3.5, 3, 7, 6], "rotation": 270, "texture": "#1"},
				"east": {"uv": [3.5, 3.5, 0, 0], "texture": "#1"},
				"south": {"uv": [0, 7, 3.5, 10], "rotation": 90, "texture": "#1"},
				"west": {"uv": [3.5, 3.5, 0, 7], "rotation": 180, "texture": "#1"},
				"up": {"uv": [3.5, 0, 7, 3], "rotation": 90, "texture": "#1"},
				"down": {"uv": [3.5, 6, 7, 9], "rotation": 90, "texture": "#1"}
			}
		},
		{
			"from": [1.3, 14, 14.9],
			"to": [1.5, 14.5, 15.9],
			"rotation": {"angle": 0, "axis": "y", "origin": [4.575, 11.05, 11.625]},
			"faces": {
				"north": {"uv": [3.5, 3, 7, 6], "rotation": 270, "texture": "#1"},
				"east": {"uv": [3.5, 3.5, 0, 0], "texture": "#1"},
				"south": {"uv": [0, 7, 3.5, 10], "rotation": 90, "texture": "#1"},
				"west": {"uv": [3.5, 3.5, 0, 7], "rotation": 180, "texture": "#1"},
				"up": {"uv": [3.5, 0, 7, 3], "rotation": 90, "texture": "#1"},
				"down": {"uv": [3.5, 6, 7, 9], "rotation": 90, "texture": "#1"}
			}
		},
		{
			"from": [2, 14, 14.9],
			"to": [2.2, 14.5, 15.9],
			"rotation": {"angle": 0, "axis": "y", "origin": [4.575, 11.05, 11.625]},
			"faces": {
				"north": {"uv": [3.5, 3, 7, 6], "rotation": 270, "texture": "#1"},
				"east": {"uv": [3.5, 3.5, 0, 0], "texture": "#1"},
				"south": {"uv": [0, 7, 3.5, 10], "rotation": 90, "texture": "#1"},
				"west": {"uv": [3.5, 3.5, 0, 7], "rotation": 180, "texture": "#1"},
				"up": {"uv": [3.5, 0, 7, 3], "rotation": 90, "texture": "#1"},
				"down": {"uv": [3.5, 6, 7, 9], "rotation": 90, "texture": "#1"}
			}
		},
		{
			"from": [1.5, 13.8, 14.9],
			"to": [2, 14, 15.9],
			"rotation": {"angle": 0, "axis": "y", "origin": [4.575, 11.05, 11.625]},
			"faces": {
				"north": {"uv": [3.5, 3, 7, 6], "rotation": 270, "texture": "#1"},
				"east": {"uv": [3.5, 3.5, 0, 0], "texture": "#1"},
				"south": {"uv": [0, 7, 3.5, 10], "rotation": 90, "texture": "#1"},
				"west": {"uv": [3.5, 3.5, 0, 7], "rotation": 180, "texture": "#1"},
				"up": {"uv": [3.5, 0, 7, 3], "rotation": 90, "texture": "#1"},
				"down": {"uv": [3.5, 6, 7, 9], "rotation": 90, "texture": "#1"}
			}
		},
		{
			"from": [1.5, 1.6, 14.9],
			"to": [2, 2.1, 15.9],
			"rotation": {"angle": 0, "axis": "y", "origin": [4.575, 11.05, 11.625]},
			"faces": {
				"north": {"uv": [3.5, 3, 7, 6], "rotation": 270, "texture": "#1"},
				"east": {"uv": [3.5, 3.5, 0, 0], "texture": "#1"},
				"south": {"uv": [0, 7, 3.5, 10], "rotation": 90, "texture": "#1"},
				"west": {"uv": [3.5, 3.5, 0, 7], "rotation": 180, "texture": "#1"},
				"up": {"uv": [3.5, 0, 7, 3], "rotation": 90, "texture": "#1"},
				"down": {"uv": [3.5, 6, 7, 9], "rotation": 90, "texture": "#1"}
			}
		},
		{
			"from": [1.3, 1.6, 14.9],
			"to": [1.5, 2.1, 15.9],
			"rotation": {"angle": 0, "axis": "y", "origin": [4.575, 11.05, 11.625]},
			"faces": {
				"north": {"uv": [3.5, 3, 7, 6], "rotation": 270, "texture": "#1"},
				"east": {"uv": [3.5, 3.5, 0, 0], "texture": "#1"},
				"south": {"uv": [0, 7, 3.5, 10], "rotation": 90, "texture": "#1"},
				"west": {"uv": [3.5, 3.5, 0, 7], "rotation": 180, "texture": "#1"},
				"up": {"uv": [3.5, 0, 7, 3], "rotation": 90, "texture": "#1"},
				"down": {"uv": [3.5, 6, 7, 9], "rotation": 90, "texture": "#1"}
			}
		},
		{
			"from": [1.5, 2.1, 14.9],
			"to": [2, 2.3, 15.9],
			"rotation": {"angle": 0, "axis": "y", "origin": [4.575, 11.05, 11.625]},
			"faces": {
				"north": {"uv": [3.5, 3, 7, 6], "rotation": 270, "texture": "#1"},
				"east": {"uv": [3.5, 3.5, 0, 0], "texture": "#1"},
				"south": {"uv": [0, 7, 3.5, 10], "rotation": 90, "texture": "#1"},
				"west": {"uv": [3.5, 3.5, 0, 7], "rotation": 180, "texture": "#1"},
				"up": {"uv": [3.5, 0, 7, 3], "rotation": 90, "texture": "#1"},
				"down": {"uv": [3.5, 6, 7, 9], "rotation": 90, "texture": "#1"}
			}
		},
		{
			"from": [2, 1.6, 14.9],
			"to": [2.2, 2.1, 15.9],
			"rotation": {"angle": 0, "axis": "y", "origin": [4.575, 11.05, 11.625]},
			"faces": {
				"north": {"uv": [3.5, 3, 7, 6], "rotation": 270, "texture": "#1"},
				"east": {"uv": [3.5, 3.5, 0, 0], "texture": "#1"},
				"south": {"uv": [0, 7, 3.5, 10], "rotation": 90, "texture": "#1"},
				"west": {"uv": [3.5, 3.5, 0, 7], "rotation": 180, "texture": "#1"},
				"up": {"uv": [3.5, 0, 7, 3], "rotation": 90, "texture": "#1"},
				"down": {"uv": [3.5, 6, 7, 9], "rotation": 90, "texture": "#1"}
			}
		},
		{
			"from": [1.5, 1.4, 14.9],
			"to": [2, 1.6, 15.9],
			"rotation": {"angle": 0, "axis": "y", "origin": [4.575, 11.05, 11.625]},
			"faces": {
				"north": {"uv": [3.5, 3, 7, 6], "rotation": 270, "texture": "#1"},
				"east": {"uv": [3.5, 3.5, 0, 0], "texture": "#1"},
				"south": {"uv": [0, 7, 3.5, 10], "rotation": 90, "texture": "#1"},
				"west": {"uv": [3.5, 3.5, 0, 7], "rotation": 180, "texture": "#1"},
				"up": {"uv": [3.5, 0, 7, 3], "rotation": 90, "texture": "#1"},
				"down": {"uv": [3.5, 6, 7, 9], "rotation": 90, "texture": "#1"}
			}
		},
		{
			"from": [14.5, 14, 14.9],
			"to": [14.7, 14.5, 15.9],
			"rotation": {"angle": 0, "axis": "y", "origin": [14.25, 14.25, 15.4]},
			"faces": {
				"north": {"uv": [3.5, 3, 7, 6], "rotation": 270, "texture": "#1"},
				"east": {"uv": [3.5, 3.5, 0, 0], "texture": "#1"},
				"south": {"uv": [0, 7, 3.5, 10], "rotation": 90, "texture": "#1"},
				"west": {"uv": [3.5, 3.5, 0, 7], "rotation": 180, "texture": "#1"},
				"up": {"uv": [3.5, 0, 7, 3], "rotation": 90, "texture": "#1"},
				"down": {"uv": [3.5, 6, 7, 9], "rotation": 90, "texture": "#1"}
			}
		},
		{
			"from": [14, 14, 14.9],
			"to": [14.5, 14.5, 15.9],
			"rotation": {"angle": 0, "axis": "y", "origin": [14.25, 14.25, 15.4]},
			"faces": {
				"north": {"uv": [3.5, 3, 7, 6], "rotation": 270, "texture": "#1"},
				"east": {"uv": [3.5, 3.5, 0, 0], "texture": "#1"},
				"south": {"uv": [0, 7, 3.5, 10], "rotation": 90, "texture": "#1"},
				"west": {"uv": [3.5, 3.5, 0, 7], "rotation": 180, "texture": "#1"},
				"up": {"uv": [3.5, 0, 7, 3], "rotation": 90, "texture": "#1"},
				"down": {"uv": [3.5, 6, 7, 9], "rotation": 90, "texture": "#1"}
			}
		},
		{
			"from": [14, 14.5, 14.9],
			"to": [14.5, 14.7, 15.9],
			"rotation": {"angle": 0, "axis": "y", "origin": [14.25, 14.25, 15.4]},
			"faces": {
				"north": {"uv": [3.5, 3, 7, 6], "rotation": 270, "texture": "#1"},
				"east": {"uv": [3.5, 3.5, 0, 0], "texture": "#1"},
				"south": {"uv": [0, 7, 3.5, 10], "rotation": 90, "texture": "#1"},
				"west": {"uv": [3.5, 3.5, 0, 7], "rotation": 180, "texture": "#1"},
				"up": {"uv": [3.5, 0, 7, 3], "rotation": 90, "texture": "#1"},
				"down": {"uv": [3.5, 6, 7, 9], "rotation": 90, "texture": "#1"}
			}
		},
		{
			"from": [13.8, 14, 14.9],
			"to": [14, 14.5, 15.9],
			"rotation": {"angle": 0, "axis": "y", "origin": [14.25, 14.25, 15.4]},
			"faces": {
				"north": {"uv": [3.5, 3, 7, 6], "rotation": 270, "texture": "#1"},
				"east": {"uv": [3.5, 3.5, 0, 0], "texture": "#1"},
				"south": {"uv": [0, 7, 3.5, 10], "rotation": 90, "texture": "#1"},
				"west": {"uv": [3.5, 3.5, 0, 7], "rotation": 180, "texture": "#1"},
				"up": {"uv": [3.5, 0, 7, 3], "rotation": 90, "texture": "#1"},
				"down": {"uv": [3.5, 6, 7, 9], "rotation": 90, "texture": "#1"}
			}
		},
		{
			"from": [14, 13.8, 14.9],
			"to": [14.5, 14, 15.9],
			"rotation": {"angle": 0, "axis": "y", "origin": [14.25, 14.25, 15.4]},
			"faces": {
				"north": {"uv": [3.5, 3, 7, 6], "rotation": 270, "texture": "#1"},
				"east": {"uv": [3.5, 3.5, 0, 0], "texture": "#1"},
				"south": {"uv": [0, 7, 3.5, 10], "rotation": 90, "texture": "#1"},
				"west": {"uv": [3.5, 3.5, 0, 7], "rotation": 180, "texture": "#1"},
				"up": {"uv": [3.5, 0, 7, 3], "rotation": 90, "texture": "#1"},
				"down": {"uv": [3.5, 6, 7, 9], "rotation": 90, "texture": "#1"}
			}
		},
		{
			"from": [14.5, 1.6, 14.9],
			"to": [14.7, 2.1, 15.9],
			"rotation": {"angle": 0, "axis": "y", "origin": [4.575, 11.05, 11.625]},
			"faces": {
				"north": {"uv": [3.5, 3, 7, 6], "rotation": 270, "texture": "#1"},
				"east": {"uv": [3.5, 3.5, 0, 0], "texture": "#1"},
				"south": {"uv": [0, 7, 3.5, 10], "rotation": 90, "texture": "#1"},
				"west": {"uv": [3.5, 3.5, 0, 7], "rotation": 180, "texture": "#1"},
				"up": {"uv": [3.5, 0, 7, 3], "rotation": 90, "texture": "#1"},
				"down": {"uv": [3.5, 6, 7, 9], "rotation": 90, "texture": "#1"}
			}
		},
		{
			"from": [14, 1.4, 14.9],
			"to": [14.5, 1.6, 15.9],
			"rotation": {"angle": 0, "axis": "y", "origin": [4.575, 11.05, 11.625]},
			"faces": {
				"north": {"uv": [3.5, 3, 7, 6], "rotation": 270, "texture": "#1"},
				"east": {"uv": [3.5, 3.5, 0, 0], "texture": "#1"},
				"south": {"uv": [0, 7, 3.5, 10], "rotation": 90, "texture": "#1"},
				"west": {"uv": [3.5, 3.5, 0, 7], "rotation": 180, "texture": "#1"},
				"up": {"uv": [3.5, 0, 7, 3], "rotation": 90, "texture": "#1"},
				"down": {"uv": [3.5, 6, 7, 9], "rotation": 90, "texture": "#1"}
			}
		},
		{
			"from": [13.8, 1.6, 14.9],
			"to": [14, 2.1, 15.9],
			"rotation": {"angle": 0, "axis": "y", "origin": [4.575, 11.05, 11.625]},
			"faces": {
				"north": {"uv": [3.5, 3, 7, 6], "rotation": 270, "texture": "#1"},
				"east": {"uv": [3.5, 3.5, 0, 0], "texture": "#1"},
				"south": {"uv": [0, 7, 3.5, 10], "rotation": 90, "texture": "#1"},
				"west": {"uv": [3.5, 3.5, 0, 7], "rotation": 180, "texture": "#1"},
				"up": {"uv": [3.5, 0, 7, 3], "rotation": 90, "texture": "#1"},
				"down": {"uv": [3.5, 6, 7, 9], "rotation": 90, "texture": "#1"}
			}
		},
		{
			"from": [14, 2.1, 14.9],
			"to": [14.5, 2.3, 15.9],
			"rotation": {"angle": 0, "axis": "y", "origin": [4.575, 11.05, 11.625]},
			"faces": {
				"north": {"uv": [3.5, 3, 7, 6], "rotation": 270, "texture": "#1"},
				"east": {"uv": [3.5, 3.5, 0, 0], "texture": "#1"},
				"south": {"uv": [0, 7, 3.5, 10], "rotation": 90, "texture": "#1"},
				"west": {"uv": [3.5, 3.5, 0, 7], "rotation": 180, "texture": "#1"},
				"up": {"uv": [3.5, 0, 7, 3], "rotation": 90, "texture": "#1"},
				"down": {"uv": [3.5, 6, 7, 9], "rotation": 90, "texture": "#1"}
			}
		},
		{
			"from": [14, 1.6, 14.9],
			"to": [14.5, 2.1, 15.9],
			"rotation": {"angle": 0, "axis": "y", "origin": [4.575, 11.05, 11.625]},
			"faces": {
				"north": {"uv": [3.5, 3, 7, 6], "rotation": 270, "texture": "#1"},
				"east": {"uv": [3.5, 3.5, 0, 0], "texture": "#1"},
				"south": {"uv": [0, 7, 3.5, 10], "rotation": 90, "texture": "#1"},
				"west": {"uv": [3.5, 3.5, 0, 7], "rotation": 180, "texture": "#1"},
				"up": {"uv": [3.5, 0, 7, 3], "rotation": 90, "texture": "#1"},
				"down": {"uv": [3.5, 6, 7, 9], "rotation": 90, "texture": "#1"}
			}
		},
		{
			"from": [0, 1.5, 14],
			"to": [1, 2, 14.5],
			"rotation": {"angle": 0, "axis": "y", "origin": [-1.5, 14.25, 2.25]},
			"faces": {
				"north": {"uv": [3.5, 3.5, 0, 7], "rotation": 180, "texture": "#1"},
				"east": {"uv": [3.5, 3, 7, 6], "rotation": 270, "texture": "#1"},
				"south": {"uv": [3.5, 3.5, 0, 0], "texture": "#1"},
				"west": {"uv": [0, 7, 3.5, 10], "rotation": 90, "texture": "#1"},
				"up": {"uv": [3.5, 0, 7, 3], "rotation": 180, "texture": "#1"},
				"down": {"uv": [3.5, 6, 7, 9], "texture": "#1"}
			}
		},
		{
			"from": [0, 2, 14],
			"to": [1, 2.2, 14.5],
			"rotation": {"angle": 0, "axis": "y", "origin": [-1.5, 14.25, 2.25]},
			"faces": {
				"north": {"uv": [3.5, 3.5, 0, 7], "rotation": 180, "texture": "#1"},
				"east": {"uv": [3.5, 3, 7, 6], "rotation": 270, "texture": "#1"},
				"south": {"uv": [3.5, 3.5, 0, 0], "texture": "#1"},
				"west": {"uv": [0, 7, 3.5, 10], "rotation": 90, "texture": "#1"},
				"up": {"uv": [3.5, 0, 7, 3], "rotation": 180, "texture": "#1"},
				"down": {"uv": [3.5, 6, 7, 9], "texture": "#1"}
			}
		},
		{
			"from": [0, 1.5, 13.8],
			"to": [1, 2, 14],
			"rotation": {"angle": 0, "axis": "y", "origin": [-1.5, 14.25, 2.25]},
			"faces": {
				"north": {"uv": [3.5, 3.5, 0, 7], "rotation": 180, "texture": "#1"},
				"east": {"uv": [3.5, 3, 7, 6], "rotation": 270, "texture": "#1"},
				"south": {"uv": [3.5, 3.5, 0, 0], "texture": "#1"},
				"west": {"uv": [0, 7, 3.5, 10], "rotation": 90, "texture": "#1"},
				"up": {"uv": [3.5, 0, 7, 3], "rotation": 180, "texture": "#1"},
				"down": {"uv": [3.5, 6, 7, 9], "texture": "#1"}
			}
		},
		{
			"from": [0, 1.3, 14],
			"to": [1, 1.5, 14.5],
			"rotation": {"angle": 0, "axis": "y", "origin": [-1.5, 14.25, 2.25]},
			"faces": {
				"north": {"uv": [3.5, 3.5, 0, 7], "rotation": 180, "texture": "#1"},
				"east": {"uv": [3.5, 3, 7, 6], "rotation": 270, "texture": "#1"},
				"south": {"uv": [3.5, 3.5, 0, 0], "texture": "#1"},
				"west": {"uv": [0, 7, 3.5, 10], "rotation": 90, "texture": "#1"},
				"up": {"uv": [3.5, 0, 7, 3], "rotation": 180, "texture": "#1"},
				"down": {"uv": [3.5, 6, 7, 9], "texture": "#1"}
			}
		},
		{
			"from": [0, 1.5, 14.5],
			"to": [1, 2, 14.7],
			"rotation": {"angle": 0, "axis": "y", "origin": [-1.5, 14.25, 2.25]},
			"faces": {
				"north": {"uv": [3.5, 3.5, 0, 7], "rotation": 180, "texture": "#1"},
				"east": {"uv": [3.5, 3, 7, 6], "rotation": 270, "texture": "#1"},
				"south": {"uv": [3.5, 3.5, 0, 0], "texture": "#1"},
				"west": {"uv": [0, 7, 3.5, 10], "rotation": 90, "texture": "#1"},
				"up": {"uv": [3.5, 0, 7, 3], "rotation": 180, "texture": "#1"},
				"down": {"uv": [3.5, 6, 7, 9], "texture": "#1"}
			}
		},
		{
			"from": [15, 14, 1.3],
			"to": [16, 14.5, 1.5],
			"rotation": {"angle": 0, "axis": "y", "origin": [-1.5, 14.25, 2.25]},
			"faces": {
				"north": {"uv": [3.5, 3.5, 0, 7], "rotation": 180, "texture": "#1"},
				"east": {"uv": [3.5, 3, 7, 6], "rotation": 270, "texture": "#1"},
				"south": {"uv": [3.5, 3.5, 0, 0], "texture": "#1"},
				"west": {"uv": [0, 7, 3.5, 10], "rotation": 90, "texture": "#1"},
				"up": {"uv": [3.5, 0, 7, 3], "rotation": 180, "texture": "#1"},
				"down": {"uv": [3.5, 6, 7, 9], "texture": "#1"}
			}
		},
		{
			"from": [15, 14, 1.5],
			"to": [16, 14.5, 2],
			"rotation": {"angle": 0, "axis": "y", "origin": [-1.5, 14.25, 2.25]},
			"faces": {
				"north": {"uv": [3.5, 3.5, 0, 7], "rotation": 180, "texture": "#1"},
				"east": {"uv": [3.5, 3, 7, 6], "rotation": 270, "texture": "#1"},
				"south": {"uv": [3.5, 3.5, 0, 0], "texture": "#1"},
				"west": {"uv": [0, 7, 3.5, 10], "rotation": 90, "texture": "#1"},
				"up": {"uv": [3.5, 0, 7, 3], "rotation": 180, "texture": "#1"},
				"down": {"uv": [3.5, 6, 7, 9], "texture": "#1"}
			}
		},
		{
			"from": [15, 14.5, 1.5],
			"to": [16, 14.7, 2],
			"rotation": {"angle": 0, "axis": "y", "origin": [-1.5, 14.25, 2.25]},
			"faces": {
				"north": {"uv": [3.5, 3.5, 0, 7], "rotation": 180, "texture": "#1"},
				"east": {"uv": [3.5, 3, 7, 6], "rotation": 270, "texture": "#1"},
				"south": {"uv": [3.5, 3.5, 0, 0], "texture": "#1"},
				"west": {"uv": [0, 7, 3.5, 10], "rotation": 90, "texture": "#1"},
				"up": {"uv": [3.5, 0, 7, 3], "rotation": 180, "texture": "#1"},
				"down": {"uv": [3.5, 6, 7, 9], "texture": "#1"}
			}
		},
		{
			"from": [15, 14, 2],
			"to": [16, 14.5, 2.2],
			"rotation": {"angle": 0, "axis": "y", "origin": [-1.5, 14.25, 2.25]},
			"faces": {
				"north": {"uv": [3.5, 3.5, 0, 7], "rotation": 180, "texture": "#1"},
				"east": {"uv": [3.5, 3, 7, 6], "rotation": 270, "texture": "#1"},
				"south": {"uv": [3.5, 3.5, 0, 0], "texture": "#1"},
				"west": {"uv": [0, 7, 3.5, 10], "rotation": 90, "texture": "#1"},
				"up": {"uv": [3.5, 0, 7, 3], "rotation": 180, "texture": "#1"},
				"down": {"uv": [3.5, 6, 7, 9], "texture": "#1"}
			}
		},
		{
			"from": [15, 13.8, 1.5],
			"to": [16, 14, 2],
			"rotation": {"angle": 0, "axis": "y", "origin": [-1.5, 14.25, 2.25]},
			"faces": {
				"north": {"uv": [3.5, 3.5, 0, 7], "rotation": 180, "texture": "#1"},
				"east": {"uv": [3.5, 3, 7, 6], "rotation": 270, "texture": "#1"},
				"south": {"uv": [3.5, 3.5, 0, 0], "texture": "#1"},
				"west": {"uv": [0, 7, 3.5, 10], "rotation": 90, "texture": "#1"},
				"up": {"uv": [3.5, 0, 7, 3], "rotation": 180, "texture": "#1"},
				"down": {"uv": [3.5, 6, 7, 9], "texture": "#1"}
			}
		},
		{
			"from": [15, 14, 14],
			"to": [16, 14.5, 14.5],
			"rotation": {"angle": 0, "axis": "x", "origin": [0.5, 14.25, 14.25]},
			"faces": {
				"north": {"uv": [3.5, 3.5, 0, 7], "rotation": 180, "texture": "#1"},
				"east": {"uv": [3.5, 3, 7, 6], "rotation": 270, "texture": "#1"},
				"south": {"uv": [3.5, 3.5, 0, 0], "texture": "#1"},
				"west": {"uv": [0, 7, 3.5, 10], "rotation": 90, "texture": "#1"},
				"up": {"uv": [3.5, 0, 7, 3], "rotation": 180, "texture": "#1"},
				"down": {"uv": [3.5, 6, 7, 9], "texture": "#1"}
			}
		},
		{
			"from": [15, 13.8, 14],
			"to": [16, 14, 14.5],
			"rotation": {"angle": 0, "axis": "x", "origin": [0.5, 14.25, 14.25]},
			"faces": {
				"north": {"uv": [3.5, 3.5, 0, 7], "rotation": 180, "texture": "#1"},
				"east": {"uv": [3.5, 3, 7, 6], "rotation": 270, "texture": "#1"},
				"south": {"uv": [3.5, 3.5, 0, 0], "texture": "#1"},
				"west": {"uv": [0, 7, 3.5, 10], "rotation": 90, "texture": "#1"},
				"up": {"uv": [3.5, 0, 7, 3], "rotation": 180, "texture": "#1"},
				"down": {"uv": [3.5, 6, 7, 9], "texture": "#1"}
			}
		},
		{
			"from": [15, 14, 13.8],
			"to": [16, 14.5, 14],
			"rotation": {"angle": 0, "axis": "x", "origin": [0.5, 14.25, 14.25]},
			"faces": {
				"north": {"uv": [3.5, 3.5, 0, 7], "rotation": 180, "texture": "#1"},
				"east": {"uv": [3.5, 3, 7, 6], "rotation": 270, "texture": "#1"},
				"south": {"uv": [3.5, 3.5, 0, 0], "texture": "#1"},
				"west": {"uv": [0, 7, 3.5, 10], "rotation": 90, "texture": "#1"},
				"up": {"uv": [3.5, 0, 7, 3], "rotation": 180, "texture": "#1"},
				"down": {"uv": [3.5, 6, 7, 9], "texture": "#1"}
			}
		},
		{
			"from": [15, 14.5, 14],
			"to": [16, 14.7, 14.5],
			"rotation": {"angle": 0, "axis": "x", "origin": [0.5, 14.25, 14.25]},
			"faces": {
				"north": {"uv": [3.5, 3.5, 0, 7], "rotation": 180, "texture": "#1"},
				"east": {"uv": [3.5, 3, 7, 6], "rotation": 270, "texture": "#1"},
				"south": {"uv": [3.5, 3.5, 0, 0], "texture": "#1"},
				"west": {"uv": [0, 7, 3.5, 10], "rotation": 90, "texture": "#1"},
				"up": {"uv": [3.5, 0, 7, 3], "rotation": 180, "texture": "#1"},
				"down": {"uv": [3.5, 6, 7, 9], "texture": "#1"}
			}
		},
		{
			"from": [15, 14, 14.5],
			"to": [16, 14.5, 14.7],
			"rotation": {"angle": 0, "axis": "x", "origin": [0.5, 14.25, 14.25]},
			"faces": {
				"north": {"uv": [3.5, 3.5, 0, 7], "rotation": 180, "texture": "#1"},
				"east": {"uv": [3.5, 3, 7, 6], "rotation": 270, "texture": "#1"},
				"south": {"uv": [3.5, 3.5, 0, 0], "texture": "#1"},
				"west": {"uv": [0, 7, 3.5, 10], "rotation": 90, "texture": "#1"},
				"up": {"uv": [3.5, 0, 7, 3], "rotation": 180, "texture": "#1"},
				"down": {"uv": [3.5, 6, 7, 9], "texture": "#1"}
			}
		},
		{
			"from": [15, 2, 14],
			"to": [16, 2.2, 14.5],
			"rotation": {"angle": 0, "axis": "y", "origin": [-1.5, 14.25, 2.25]},
			"faces": {
				"north": {"uv": [3.5, 3.5, 0, 7], "rotation": 180, "texture": "#1"},
				"east": {"uv": [3.5, 3, 7, 6], "rotation": 270, "texture": "#1"},
				"south": {"uv": [3.5, 3.5, 0, 0], "texture": "#1"},
				"west": {"uv": [0, 7, 3.5, 10], "rotation": 90, "texture": "#1"},
				"up": {"uv": [3.5, 0, 7, 3], "rotation": 180, "texture": "#1"},
				"down": {"uv": [3.5, 6, 7, 9], "texture": "#1"}
			}
		},
		{
			"from": [15, 1.5, 14],
			"to": [16, 2, 14.5],
			"rotation": {"angle": 0, "axis": "y", "origin": [-1.5, 14.25, 2.25]},
			"faces": {
				"north": {"uv": [3.5, 3.5, 0, 7], "rotation": 180, "texture": "#1"},
				"east": {"uv": [3.5, 3, 7, 6], "rotation": 270, "texture": "#1"},
				"south": {"uv": [3.5, 3.5, 0, 0], "texture": "#1"},
				"west": {"uv": [0, 7, 3.5, 10], "rotation": 90, "texture": "#1"},
				"up": {"uv": [3.5, 0, 7, 3], "rotation": 180, "texture": "#1"},
				"down": {"uv": [3.5, 6, 7, 9], "texture": "#1"}
			}
		},
		{
			"from": [15, 1.5, 13.8],
			"to": [16, 2, 14],
			"rotation": {"angle": 0, "axis": "y", "origin": [-1.5, 14.25, 2.25]},
			"faces": {
				"north": {"uv": [3.5, 3.5, 0, 7], "rotation": 180, "texture": "#1"},
				"east": {"uv": [3.5, 3, 7, 6], "rotation": 270, "texture": "#1"},
				"south": {"uv": [3.5, 3.5, 0, 0], "texture": "#1"},
				"west": {"uv": [0, 7, 3.5, 10], "rotation": 90, "texture": "#1"},
				"up": {"uv": [3.5, 0, 7, 3], "rotation": 180, "texture": "#1"},
				"down": {"uv": [3.5, 6, 7, 9], "texture": "#1"}
			}
		},
		{
			"from": [15, 1.5, 14.5],
			"to": [16, 2, 14.7],
			"rotation": {"angle": 0, "axis": "y", "origin": [-1.5, 14.25, 2.25]},
			"faces": {
				"north": {"uv": [3.5, 3.5, 0, 7], "rotation": 180, "texture": "#1"},
				"east": {"uv": [3.5, 3, 7, 6], "rotation": 270, "texture": "#1"},
				"south": {"uv": [3.5, 3.5, 0, 0], "texture": "#1"},
				"west": {"uv": [0, 7, 3.5, 10], "rotation": 90, "texture": "#1"},
				"up": {"uv": [3.5, 0, 7, 3], "rotation": 180, "texture": "#1"},
				"down": {"uv": [3.5, 6, 7, 9], "texture": "#1"}
			}
		},
		{
			"from": [15, 1.3, 14],
			"to": [16, 1.5, 14.5],
			"rotation": {"angle": 0, "axis": "y", "origin": [-1.5, 14.25, 2.25]},
			"faces": {
				"north": {"uv": [3.5, 3.5, 0, 7], "rotation": 180, "texture": "#1"},
				"east": {"uv": [3.5, 3, 7, 6], "rotation": 270, "texture": "#1"},
				"south": {"uv": [3.5, 3.5, 0, 0], "texture": "#1"},
				"west": {"uv": [0, 7, 3.5, 10], "rotation": 90, "texture": "#1"},
				"up": {"uv": [3.5, 0, 7, 3], "rotation": 180, "texture": "#1"},
				"down": {"uv": [3.5, 6, 7, 9], "texture": "#1"}
			}
		},
		{
			"from": [15, 1.5, 1.5],
			"to": [16, 2, 2],
			"rotation": {"angle": 0, "axis": "y", "origin": [-1.5, 14.25, 2.25]},
			"faces": {
				"north": {"uv": [3.5, 3.5, 0, 7], "rotation": 180, "texture": "#1"},
				"east": {"uv": [3.5, 3, 7, 6], "rotation": 270, "texture": "#1"},
				"south": {"uv": [3.5, 3.5, 0, 0], "texture": "#1"},
				"west": {"uv": [0, 7, 3.5, 10], "rotation": 90, "texture": "#1"},
				"up": {"uv": [3.5, 0, 7, 3], "rotation": 180, "texture": "#1"},
				"down": {"uv": [3.5, 6, 7, 9], "texture": "#1"}
			}
		},
		{
			"from": [15, 2, 1.5],
			"to": [16, 2.2, 2],
			"rotation": {"angle": 0, "axis": "y", "origin": [-1.5, 14.25, 2.25]},
			"faces": {
				"north": {"uv": [3.5, 3.5, 0, 7], "rotation": 180, "texture": "#1"},
				"east": {"uv": [3.5, 3, 7, 6], "rotation": 270, "texture": "#1"},
				"south": {"uv": [3.5, 3.5, 0, 0], "texture": "#1"},
				"west": {"uv": [0, 7, 3.5, 10], "rotation": 90, "texture": "#1"},
				"up": {"uv": [3.5, 0, 7, 3], "rotation": 180, "texture": "#1"},
				"down": {"uv": [3.5, 6, 7, 9], "texture": "#1"}
			}
		},
		{
			"from": [15, 1.5, 1.3],
			"to": [16, 2, 1.5],
			"rotation": {"angle": 0, "axis": "y", "origin": [-1.5, 14.25, 2.25]},
			"faces": {
				"north": {"uv": [3.5, 3.5, 0, 7], "rotation": 180, "texture": "#1"},
				"east": {"uv": [3.5, 3, 7, 6], "rotation": 270, "texture": "#1"},
				"south": {"uv": [3.5, 3.5, 0, 0], "texture": "#1"},
				"west": {"uv": [0, 7, 3.5, 10], "rotation": 90, "texture": "#1"},
				"up": {"uv": [3.5, 0, 7, 3], "rotation": 180, "texture": "#1"},
				"down": {"uv": [3.5, 6, 7, 9], "texture": "#1"}
			}
		},
		{
			"from": [15, 1.5, 2],
			"to": [16, 2, 2.2],
			"rotation": {"angle": 0, "axis": "y", "origin": [-1.5, 14.25, 2.25]},
			"faces": {
				"north": {"uv": [3.5, 3.5, 0, 7], "rotation": 180, "texture": "#1"},
				"east": {"uv": [3.5, 3, 7, 6], "rotation": 270, "texture": "#1"},
				"south": {"uv": [3.5, 3.5, 0, 0], "texture": "#1"},
				"west": {"uv": [0, 7, 3.5, 10], "rotation": 90, "texture": "#1"},
				"up": {"uv": [3.5, 0, 7, 3], "rotation": 180, "texture": "#1"},
				"down": {"uv": [3.5, 6, 7, 9], "texture": "#1"}
			}
		},
		{
			"from": [15, 1.3, 1.5],
			"to": [16, 1.5, 2],
			"rotation": {"angle": 0, "axis": "y", "origin": [-1.5, 14.25, 2.25]},
			"faces": {
				"north": {"uv": [3.5, 3.5, 0, 7], "rotation": 180, "texture": "#1"},
				"east": {"uv": [3.5, 3, 7, 6], "rotation": 270, "texture": "#1"},
				"south": {"uv": [3.5, 3.5, 0, 0], "texture": "#1"},
				"west": {"uv": [0, 7, 3.5, 10], "rotation": 90, "texture": "#1"},
				"up": {"uv": [3.5, 0, 7, 3], "rotation": 180, "texture": "#1"},
				"down": {"uv": [3.5, 6, 7, 9], "texture": "#1"}
			}
		},
		{
			"from": [15, 0, 15],
			"to": [16, 15, 16],
			"rotation": {"angle": 0, "axis": "x", "origin": [0.5, 15.5, 8.5]},
			"faces": {
				"north": {"uv": [3.5, 3.5, 0, 0], "rotation": 180, "texture": "#1"},
				"east": {"uv": [3.5, 3, 7, 6], "rotation": 90, "texture": "#1"},
				"south": {"uv": [3.5, 3.5, 0, 7], "texture": "#1"},
				"west": {"uv": [0, 7, 3.5, 10], "rotation": 270, "texture": "#1"},
				"up": {"uv": [3.5, 6, 7, 9], "texture": "#1"},
				"down": {"uv": [3.5, 0, 7, 3], "rotation": 180, "texture": "#1"}
			}
		},
		{
			"from": [15, 15, 1],
			"to": [16, 16, 15],
			"rotation": {"angle": 0, "axis": "x", "origin": [15.5, 7.5, 15.5]},
			"faces": {
				"north": {"uv": [3.5, 0, 7, 3], "texture": "#1"},
				"east": {"uv": [3.5, 3, 7, 6], "texture": "#1"},
				"south": {"uv": [3.5, 6, 7, 9], "texture": "#1"},
				"west": {"uv": [0, 7, 3.5, 10], "texture": "#1"},
				"up": {"uv": [3.5, 3.5, 0, 0], "texture": "#1"},
				"down": {"uv": [3.5, 3.5, 0, 7], "texture": "#1"}
			}
		},
		{
			"from": [15, 0, 1],
			"to": [16, 1, 15],
			"rotation": {"angle": 0, "axis": "x", "origin": [15.5, 7.5, 15.5]},
			"faces": {
				"north": {"uv": [3.5, 0, 7, 3], "texture": "#1"},
				"east": {"uv": [3.5, 3, 7, 6], "texture": "#1"},
				"south": {"uv": [3.5, 6, 7, 9], "texture": "#1"},
				"west": {"uv": [0, 7, 3.5, 10], "texture": "#1"},
				"up": {"uv": [3.5, 3.5, 0, 0], "texture": "#1"},
				"down": {"uv": [3.5, 3.5, 0, 7], "texture": "#1"}
			}
		},
		{
			"from": [1, 15, 15],
			"to": [16, 16, 16],
			"rotation": {"angle": 0, "axis": "z", "origin": [15.5, 7.5, 15.5]},
			"faces": {
				"north": {"uv": [3.5, 3.5, 0, 0], "rotation": 270, "texture": "#1"},
				"east": {"uv": [3.5, 0, 7, 3], "rotation": 90, "texture": "#1"},
				"south": {"uv": [3.5, 3.5, 0, 7], "rotation": 270, "texture": "#1"},
				"west": {"uv": [3.5, 6, 7, 9], "rotation": 270, "texture": "#1"},
				"up": {"uv": [3.5, 3, 7, 6], "texture": "#1"},
				"down": {"uv": [0, 7, 3.5, 10], "rotation": 180, "texture": "#1"}
			}
		},
		{
			"from": [1, 0, 15],
			"to": [15, 1, 16],
			"rotation": {"angle": 0, "axis": "z", "origin": [15.5, 7.5, 15.5]},
			"faces": {
				"north": {"uv": [3.5, 3.5, 0, 0], "rotation": 270, "texture": "#1"},
				"east": {"uv": [3.5, 0, 7, 3], "rotation": 90, "texture": "#1"},
				"south": {"uv": [3.5, 3.5, 0, 7], "rotation": 270, "texture": "#1"},
				"west": {"uv": [3.5, 6, 7, 9], "rotation": 270, "texture": "#1"},
				"up": {"uv": [3.5, 3, 7, 6], "texture": "#1"},
				"down": {"uv": [0, 7, 3.5, 10], "rotation": 180, "texture": "#1"}
			}
		},
		{
			"from": [0, 0, 15],
			"to": [1, 15, 16],
			"rotation": {"angle": 0, "axis": "x", "origin": [0.5, 15.5, 8.5]},
			"faces": {
				"north": {"uv": [3.5, 3.5, 0, 0], "rotation": 180, "texture": "#1"},
				"east": {"uv": [3.5, 3, 7, 6], "rotation": 90, "texture": "#1"},
				"south": {"uv": [3.5, 3.5, 0, 7], "texture": "#1"},
				"west": {"uv": [0, 7, 3.5, 10], "rotation": 270, "texture": "#1"},
				"up": {"uv": [3.5, 6, 7, 9], "texture": "#1"},
				"down": {"uv": [3.5, 0, 7, 3], "rotation": 180, "texture": "#1"}
			}
		},
		{
			"from": [0, 0, 1],
			"to": [1, 1, 15],
			"rotation": {"angle": 0, "axis": "x", "origin": [0.5, 7.5, 14.5]},
			"faces": {
				"north": {"uv": [3.5, 6, 7, 9], "rotation": 180, "texture": "#1"},
				"east": {"uv": [3.5, 3, 7, 6], "rotation": 180, "texture": "#1"},
				"south": {"uv": [3.5, 0, 7, 3], "rotation": 180, "texture": "#1"},
				"west": {"uv": [0, 7, 3.5, 10], "rotation": 180, "texture": "#1"},
				"up": {"uv": [3.5, 3.5, 0, 7], "texture": "#1"},
				"down": {"uv": [3.5, 3.5, 0, 0], "texture": "#1"}
			}
		},
		{
			"from": [1, 4.7, -0.2],
			"to": [14, 5.2, 0.3],
			"rotation": {"angle": 0, "axis": "z", "origin": [13.5, 11.5, 0.5]},
			"faces": {
				"north": {"uv": [3.5, 0, 7, 3], "rotation": 270, "texture": "#0"},
				"east": {"uv": [3.5, 3.5, 0, 0], "rotation": 90, "texture": "#0"},
				"south": {"uv": [3.5, 6, 7, 9], "rotation": 90, "texture": "#0"},
				"west": {"uv": [3.5, 3.5, 0, 7], "rotation": 90, "texture": "#0"},
				"up": {"uv": [0, 7, 3.5, 10], "rotation": 90, "texture": "#0"},
				"down": {"uv": [3.5, 3, 7, 6], "rotation": 90, "texture": "#0"}
			}
		},
		{
			"from": [1, 10.7, -0.2],
			"to": [14, 11.2, 0.3],
			"rotation": {"angle": 0, "axis": "z", "origin": [13.5, 11.5, 0.5]},
			"faces": {
				"north": {"uv": [3.5, 0, 7, 3], "rotation": 270, "texture": "#0"},
				"east": {"uv": [3.5, 3.5, 0, 0], "rotation": 90, "texture": "#0"},
				"south": {"uv": [3.5, 6, 7, 9], "rotation": 90, "texture": "#0"},
				"west": {"uv": [3.5, 3.5, 0, 7], "rotation": 90, "texture": "#0"},
				"up": {"uv": [0, 7, 3.5, 10], "rotation": 90, "texture": "#0"},
				"down": {"uv": [3.5, 3, 7, 6], "rotation": 90, "texture": "#0"}
			}
		},
		{
			"from": [14.25, 2.45, -0.2],
			"to": [14.75, 13.45, 0.3],
			"rotation": {"angle": 0, "axis": "z", "origin": [7.5, 10.95, 0.05]},
			"faces": {
				"north": {"uv": [3.5, 0, 7, 3], "rotation": 180, "texture": "#0"},
				"east": {"uv": [0, 7, 3.5, 10], "rotation": 180, "texture": "#0"},
				"south": {"uv": [3.5, 6, 7, 9], "rotation": 180, "texture": "#0"},
				"west": {"uv": [3.5, 3, 7, 6], "rotation": 180, "texture": "#0"},
				"up": {"uv": [3.5, 3.5, 0, 7], "rotation": 180, "texture": "#0"},
				"down": {"uv": [3.5, 3.5, 0, 0], "rotation": 180, "texture": "#0"}
			}
		},
		{
			"from": [7.5, 8.2, -0.5],
			"to": [9, 8.7, 0],
			"rotation": {"angle": 0, "axis": "z", "origin": [13.5, 11.5, 0.5]},
			"faces": {
				"north": {"uv": [3.5, 0, 7, 3], "rotation": 270, "texture": "#0"},
				"east": {"uv": [3.5, 3.5, 0, 0], "rotation": 90, "texture": "#0"},
				"south": {"uv": [3.5, 6, 7, 9], "rotation": 90, "texture": "#0"},
				"west": {"uv": [3.5, 3.5, 0, 7], "rotation": 90, "texture": "#0"},
				"up": {"uv": [0, 7, 3.5, 10], "rotation": 90, "texture": "#0"},
				"down": {"uv": [3.5, 3, 7, 6], "rotation": 90, "texture": "#0"}
			}
		},
		{
			"from": [7.25, 7.7, -0.5],
			"to": [9.25, 8.2, 0],
			"rotation": {"angle": 0, "axis": "z", "origin": [13.5, 11.5, 0.5]},
			"faces": {
				"north": {"uv": [3.5, 0, 7, 3], "rotation": 270, "texture": "#0"},
				"east": {"uv": [3.5, 3.5, 0, 0], "rotation": 90, "texture": "#0"},
				"south": {"uv": [3.5, 6, 7, 9], "rotation": 90, "texture": "#0"},
				"west": {"uv": [3.5, 3.5, 0, 7], "rotation": 90, "texture": "#0"},
				"up": {"uv": [0, 7, 3.5, 10], "rotation": 90, "texture": "#0"},
				"down": {"uv": [3.5, 3, 7, 6], "rotation": 90, "texture": "#0"}
			}
		},
		{
			"from": [3.5, 8.7, -0.5],
			"to": [7, 9.2, 0],
			"rotation": {"angle": -22.5, "axis": "z", "origin": [6.03478, 6.9738, -0.25]},
			"faces": {
				"north": {"uv": [3.5, 0, 7, 3], "rotation": 270, "texture": "#0"},
				"east": {"uv": [3.5, 3.5, 0, 0], "rotation": 90, "texture": "#0"},
				"south": {"uv": [3.5, 6, 7, 9], "rotation": 90, "texture": "#0"},
				"west": {"uv": [3.5, 3.5, 0, 7], "rotation": 90, "texture": "#0"},
				"up": {"uv": [0, 7, 3.5, 10], "rotation": 90, "texture": "#0"},
				"down": {"uv": [3.5, 3, 7, 6], "rotation": 90, "texture": "#0"}
			}
		},
		{
			"from": [7.9, 8.7, -0.5],
			"to": [8.65, 9.2, 0],
			"rotation": {"angle": 0, "axis": "z", "origin": [13.5, 11.5, 0.5]},
			"faces": {
				"north": {"uv": [3.5, 0, 7, 3], "rotation": 270, "texture": "#0"},
				"east": {"uv": [3.5, 3.5, 0, 0], "rotation": 90, "texture": "#0"},
				"south": {"uv": [3.5, 6, 7, 9], "rotation": 90, "texture": "#0"},
				"west": {"uv": [3.5, 3.5, 0, 7], "rotation": 90, "texture": "#0"},
				"up": {"uv": [0, 7, 3.5, 10], "rotation": 90, "texture": "#0"},
				"down": {"uv": [3.5, 3, 7, 6], "rotation": 90, "texture": "#0"}
			}
		},
		{
			"from": [8, 9.2, -0.5],
			"to": [8.5, 11.7, 0],
			"rotation": {"angle": 0, "axis": "z", "origin": [13.5, 11.5, 0.5]},
			"faces": {
				"north": {"uv": [3.5, 0, 7, 3], "rotation": 270, "texture": "#0"},
				"east": {"uv": [3.5, 3.5, 0, 0], "rotation": 90, "texture": "#0"},
				"south": {"uv": [3.5, 6, 7, 9], "rotation": 90, "texture": "#0"},
				"west": {"uv": [3.5, 3.5, 0, 7], "rotation": 90, "texture": "#0"},
				"up": {"uv": [0, 7, 3.5, 10], "rotation": 90, "texture": "#0"},
				"down": {"uv": [3.5, 3, 7, 6], "rotation": 90, "texture": "#0"}
			}
		},
		{
			"from": [8.25327, 8.7, -0.5],
			"to": [11.75327, 9.2, 0],
			"rotation": {"angle": 22.5, "axis": "z", "origin": [10.00327, 9.2746, -0.25]},
			"faces": {
				"north": {"uv": [3.5, 0, 7, 3], "rotation": 90, "texture": "#0"},
				"east": {"uv": [3.5, 3.5, 0, 7], "rotation": 270, "texture": "#0"},
				"south": {"uv": [3.5, 6, 7, 9], "rotation": 270, "texture": "#0"},
				"west": {"uv": [3.5, 3.5, 0, 0], "rotation": 270, "texture": "#0"},
				"up": {"uv": [3.5, 3, 7, 6], "rotation": 270, "texture": "#0"},
				"down": {"uv": [0, 7, 3.5, 10], "rotation": 270, "texture": "#0"}
			}
		},
		{
			"from": [8.65579, 6.6, -0.5],
			"to": [12.15579, 7.1, 0],
			"rotation": {"angle": -22.5, "axis": "z", "origin": [10.40579, 7.01955, -0.25]},
			"faces": {
				"north": {"uv": [3.5, 0, 7, 3], "rotation": 270, "texture": "#0"},
				"east": {"uv": [3.5, 3.5, 0, 0], "rotation": 90, "texture": "#0"},
				"south": {"uv": [3.5, 6, 7, 9], "rotation": 90, "texture": "#0"},
				"west": {"uv": [3.5, 3.5, 0, 7], "rotation": 90, "texture": "#0"},
				"up": {"uv": [0, 7, 3.5, 10], "rotation": 90, "texture": "#0"},
				"down": {"uv": [3.5, 3, 7, 6], "rotation": 90, "texture": "#0"}
			}
		},
		{
			"from": [7.5, 7.2, -0.5],
			"to": [9, 7.7, 0],
			"rotation": {"angle": 0, "axis": "z", "origin": [13.5, 11.5, 0.5]},
			"faces": {
				"north": {"uv": [3.5, 0, 7, 3], "rotation": 270, "texture": "#0"},
				"east": {"uv": [3.5, 3.5, 0, 0], "rotation": 90, "texture": "#0"},
				"south": {"uv": [3.5, 6, 7, 9], "rotation": 90, "texture": "#0"},
				"west": {"uv": [3.5, 3.5, 0, 7], "rotation": 90, "texture": "#0"},
				"up": {"uv": [0, 7, 3.5, 10], "rotation": 90, "texture": "#0"},
				"down": {"uv": [3.5, 3, 7, 6], "rotation": 90, "texture": "#0"}
			}
		},
		{
			"from": [7.9, 6.7, -0.5],
			"to": [8.65, 7.2, 0],
			"rotation": {"angle": 0, "axis": "z", "origin": [13.5, 11.5, 0.5]},
			"faces": {
				"north": {"uv": [3.5, 0, 7, 3], "rotation": 270, "texture": "#0"},
				"east": {"uv": [3.5, 3.5, 0, 0], "rotation": 90, "texture": "#0"},
				"south": {"uv": [3.5, 6, 7, 9], "rotation": 90, "texture": "#0"},
				"west": {"uv": [3.5, 3.5, 0, 7], "rotation": 90, "texture": "#0"},
				"up": {"uv": [0, 7, 3.5, 10], "rotation": 90, "texture": "#0"},
				"down": {"uv": [3.5, 3, 7, 6], "rotation": 90, "texture": "#0"}
			}
		},
		{
			"from": [4.28478, 6.6, -0.5],
			"to": [7.78478, 7.1, 0],
			"rotation": {"angle": 22.5, "axis": "z", "origin": [6.03478, 6.9738, -0.25]},
			"faces": {
				"north": {"uv": [3.5, 0, 7, 3], "rotation": 270, "texture": "#0"},
				"east": {"uv": [3.5, 3.5, 0, 0], "rotation": 90, "texture": "#0"},
				"south": {"uv": [3.5, 6, 7, 9], "rotation": 90, "texture": "#0"},
				"west": {"uv": [3.5, 3.5, 0, 7], "rotation": 90, "texture": "#0"},
				"up": {"uv": [0, 7, 3.5, 10], "rotation": 90, "texture": "#0"},
				"down": {"uv": [3.5, 3, 7, 6], "rotation": 90, "texture": "#0"}
			}
		},
		{
			"from": [8, 4.2, -0.5],
			"to": [8.5, 6.7, 0],
			"rotation": {"angle": 0, "axis": "z", "origin": [13.5, 11.5, 0.5]},
			"faces": {
				"north": {"uv": [3.5, 0, 7, 3], "rotation": 270, "texture": "#0"},
				"east": {"uv": [3.5, 3.5, 0, 0], "rotation": 90, "texture": "#0"},
				"south": {"uv": [3.5, 6, 7, 9], "rotation": 90, "texture": "#0"},
				"west": {"uv": [3.5, 3.5, 0, 7], "rotation": 90, "texture": "#0"},
				"up": {"uv": [0, 7, 3.5, 10], "rotation": 90, "texture": "#0"},
				"down": {"uv": [3.5, 3, 7, 6], "rotation": 90, "texture": "#0"}
			}
		},
		{
			"from": [8, 7.7, 0],
			"to": [8.5, 8.2, 1],
			"rotation": {"angle": 0, "axis": "z", "origin": [13.5, 11.5, 0.5]},
			"faces": {
				"north": {"uv": [3.5, 0, 7, 3], "rotation": 270, "texture": "#0"},
				"east": {"uv": [3.5, 3.5, 0, 0], "rotation": 90, "texture": "#0"},
				"south": {"uv": [3.5, 6, 7, 9], "rotation": 90, "texture": "#0"},
				"west": {"uv": [3.5, 3.5, 0, 7], "rotation": 90, "texture": "#0"},
				"up": {"uv": [0, 7, 3.5, 10], "rotation": 90, "texture": "#0"},
				"down": {"uv": [3.5, 3, 7, 6], "rotation": 90, "texture": "#0"}
			}
		}
	],
	"display": {
		"thirdperson_righthand": {
			"rotation": [75, 45, 0],
			"translation": [0, 2.5, 0],
			"scale": [0.375, 0.375, 0.375]
		},
		"thirdperson_lefthand": {
			"rotation": [75, 45, 0],
			"translation": [0, 2.5, 0],
			"scale": [0.375, 0.375, 0.375]
		},
		"firstperson_righthand": {
			"rotation": [0, 45, 0],
			"scale": [0.4, 0.4, 0.4]
		},
		"firstperson_lefthand": {
			"rotation": [0, 225, 0],
			"scale": [0.4, 0.4, 0.4]
		},
		"ground": {
			"translation": [0, -1.25, 0],
			"scale": [0.25, 0.25, 0.25]
		},
		"gui": {
			"rotation": [30, 225, 0],
			"scale": [0.625, 0.625, 0.625]
		},
		"head": {
			"translation": [0, 1.5, 0]
		},
		"fixed": {
			"scale": [0.5, 0.5, 0.5]
		}
	},
	"groups": [
		{
			"name": "vault",
			"origin": [0, 0, 0],
			"color": 0,
			"nbt": "{}",
			"armAnimationEnabled": false,
			"children": [
				{
					"name": "frame2",
					"origin": [11.5, 9.5, 0.9],
					"color": 0,
					"nbt": "{}",
					"armAnimationEnabled": false,
					"children": [0, 1, 2, 3, 4, 5, 6, 7, 8, 9, 10, 11, 12, 13, 14, 15, 16, 17, 18, 19, 20, 21, 22, 23, 24, 25, 26, 27, 28, 29, 30, 31, 32, 33, 34, 35, 36, 37, 38, 39, 40, 41, 42, 43, 44, 45, 46, 47, 48, 49, 50, 51, 52, 53, 54, 55, 56, 57, 58, 59, 60, 61, 62, 63, 64, 65, 66, 67, 68, 69, 70, 71, 72, 73, 74, 75, 76, 77, 78, 79, 80, 81, 82, 83, 84, 85, 86, 87, 88, 89, 90, 91, 92, 93, 94, 95, 96, 97, 98, 99, 100, 101, 102, 103, 104, 105, 106, 107, 108, 109, 110, 111, 112, 113, 114, 115, 116, 117, 118, 119, 120, 121, 122, 123, 124, 125, 126, 127, 128, 129, 130, 131, 132, 133, 134, 135, 136, 137, 138]
				},
				{
					"name": "frame1",
					"origin": [7.5, 10.95, 0.05],
					"color": 0,
					"nbt": "{}",
					"armAnimationEnabled": false,
					"children": [139, 140, 141, 142, 143, 144, 145, 146, 147, 148, 149, 150, 151, 152, 153]
				}
			]
		}
	]
}