{
	"credit": "Made with Blockbench",
	"texture_size": [64, 64],
	"textures": {
		"0": "block/militarycrateframe2texture",
		"1": "block/militarycrafteframe1texture",
		"particle": "block/militarycrateframe2texture"
	},
	"elements": [
		{
			"from": [2, 7, 1],
			"to": [14, 8, 6],
			"faces": {
				"north": {"uv": [8.25, 8.5, 11.25, 8.75], "texture": "#1"},
				"east": {"uv": [9.25, 9.5, 10.5, 9.75], "texture": "#1"},
				"south": {"uv": [8.25, 8.75, 11.25, 9], "texture": "#1"},
				"west": {"uv": [2, 9.75, 3.25, 10], "texture": "#1"},
				"up": {"uv": [9.25, 7.25, 6.25, 6], "texture": "#1"},
				"down": {"uv": [3, 7, 0, 8.25], "texture": "#1"}
			}
		},
		{
			"from": [2, 1, 1],
			"to": [13, 7, 15],
			"faces": {
				"north": {"uv": [3.5, 5.5, 6.25, 7], "texture": "#1"},
				"east": {"uv": [5.5, 1.5, 8.5, 3], "texture": "#1"},
				"south": {"uv": [6.25, 4.5, 9, 6], "texture": "#1"},
				"west": {"uv": [5.5, 3, 8.5, 4.5], "texture": "#1"},
				"up": {"uv": [2.75, 3, 0, 0], "texture": "#1"},
				"down": {"uv": [5.5, 0, 2.75, 3], "texture": "#1"}
			}
		},
		{
			"from": [2, 0, 1],
			"to": [13, 1, 15],
			"faces": {
				"north": {"uv": [2, 9.25, 4.75, 9.5], "texture": "#1"},
				"east": {"uv": [9.25, 9, 11.75, 9.25], "texture": "#1"},
				"south": {"uv": [9.25, 6, 12, 6.25], "texture": "#1"},
				"west": {"uv": [9.25, 9.25, 11.75, 9.5], "texture": "#1"},
				"up": {"uv": [2.75, 5.5, 0, 3], "texture": "#1"},
				"down": {"uv": [5.5, 3, 2.75, 5.5], "texture": "#1"}
			}
		},
		{
			"from": [13, 0, 1],
			"to": [14, 6, 15],
			"faces": {
				"north": {"uv": [6.5, 9.5, 6.75, 11], "texture": "#1"},
				"east": {"uv": [0, 5.5, 3.5, 7], "texture": "#1"},
				"south": {"uv": [6.75, 9.5, 7, 11], "texture": "#1"},
				"west": {"uv": [5.5, 0, 9, 1.5], "texture": "#1"},
				"up": {"uv": [8, 12, 7.75, 8.5], "texture": "#1"},
				"down": {"uv": [8.25, 8.5, 8, 12], "texture": "#1"}
			}
		},
		{
			"from": [13, 6, 10],
			"to": [14, 7, 15],
			"faces": {
				"north": {"uv": [0, 10.5, 0.25, 10.75], "texture": "#1"},
				"east": {"uv": [3.25, 9.75, 4.5, 10], "texture": "#1"},
				"south": {"uv": [0.25, 10.5, 0.5, 10.75], "texture": "#1"},
				"west": {"uv": [4.5, 9.75, 5.75, 10], "texture": "#1"},
				"up": {"uv": [7.25, 10.75, 7, 9.5], "texture": "#1"},
				"down": {"uv": [7.5, 9.5, 7.25, 10.75], "texture": "#1"}
			}
		},
		{
			"from": [13, 6, 1],
			"to": [14, 7, 6],
			"faces": {
				"north": {"uv": [0.5, 10.5, 0.75, 10.75], "texture": "#1"},
				"east": {"uv": [8.25, 9.75, 9.5, 10], "texture": "#1"},
				"south": {"uv": [0.75, 10.5, 1, 10.75], "texture": "#1"},
				"west": {"uv": [9.5, 9.75, 10.75, 10], "texture": "#1"},
				"up": {"uv": [7.75, 10.75, 7.5, 9.5], "texture": "#1"},
				"down": {"uv": [6, 9.75, 5.75, 11], "texture": "#1"}
			}
		},
		{
			"from": [2, 7, 10],
			"to": [14, 8, 15],
			"faces": {
				"north": {"uv": [9, 8, 12, 8.25], "texture": "#1"},
				"east": {"uv": [0, 10, 1.25, 10.25], "texture": "#1"},
				"south": {"uv": [9, 8.25, 12, 8.5], "texture": "#1"},
				"west": {"uv": [10, 0, 11.25, 0.25], "texture": "#1"},
				"up": {"uv": [6, 8.25, 3, 7], "texture": "#1"},
				"down": {"uv": [9, 7.25, 6, 8.5], "texture": "#1"}
			}
		},
		{
			"from": [2, 7, 6],
			"to": [11, 8, 10],
			"faces": {
				"north": {"uv": [2, 9.5, 4.25, 9.75], "texture": "#1"},
				"east": {"uv": [4, 10.25, 5, 10.5], "texture": "#1"},
				"south": {"uv": [4.25, 9.5, 6.5, 9.75], "texture": "#1"},
				"west": {"uv": [8.25, 10.25, 9.25, 10.5], "texture": "#1"},
				"up": {"uv": [10.75, 4.5, 8.5, 3.5], "texture": "#1"},
				"down": {"uv": [7.75, 8.5, 5.5, 9.5], "texture": "#1"}
			}
		},
		{
			"from": [13.9, 0.1, 10],
			"to": [14.1, 8.1, 11],
			"rotation": {"angle": 0, "axis": "z", "origin": [8, 8.1, 14.5]},
			"faces": {
				"north": {"uv": [6, 5.5, 6.5, 9.5], "texture": "#0"},
				"east": {"uv": [0, 6.5, 0.5, 10.5], "texture": "#0"},
				"south": {"uv": [0.5, 6.5, 1, 10.5], "texture": "#0"},
				"west": {"uv": [1, 6.5, 1.5, 10.5], "texture": "#0"},
				"up": {"uv": [12.5, 0.5, 12, 0], "texture": "#0"},
				"down": {"uv": [12.5, 0.5, 12, 1], "texture": "#0"}
			}
		},
		{
			"from": [13.9, 0.1, 12],
			"to": [14.1, 8.1, 13],
			"rotation": {"angle": 0, "axis": "z", "origin": [8, 8.1, 14.5]},
			"faces": {
				"north": {"uv": [1.5, 6.5, 2, 10.5], "texture": "#0"},
				"east": {"uv": [2, 6.5, 2.5, 10.5], "texture": "#0"},
				"south": {"uv": [2.5, 6.5, 3, 10.5], "texture": "#0"},
				"west": {"uv": [3, 6.5, 3.5, 10.5], "texture": "#0"},
				"up": {"uv": [12.5, 1.5, 12, 1], "texture": "#0"},
				"down": {"uv": [12.5, 1.5, 12, 2], "texture": "#0"}
			}
		},
		{
			"from": [13.9, 0.1, 14],
			"to": [14.1, 8.1, 15],
			"rotation": {"angle": 0, "axis": "z", "origin": [8, 8.1, 14.5]},
			"faces": {
				"north": {"uv": [3.5, 6.5, 4, 10.5], "texture": "#0"},
				"east": {"uv": [4, 6.5, 4.5, 10.5], "texture": "#0"},
				"south": {"uv": [4.5, 6.5, 5, 10.5], "texture": "#0"},
				"west": {"uv": [5, 6.5, 5.5, 10.5], "texture": "#0"},
				"up": {"uv": [12.5, 2.5, 12, 2], "texture": "#0"},
				"down": {"uv": [12.5, 2.5, 12, 3], "texture": "#0"}
			}
		},
		{
			"from": [2, 8, 14],
			"to": [14, 8.2, 15],
			"faces": {
				"north": {"uv": [0, 0, 6, 0.5], "texture": "#0"},
				"east": {"uv": [12, 3, 12.5, 3.5], "texture": "#0"},
				"south": {"uv": [0, 0.5, 6, 1], "texture": "#0"},
				"west": {"uv": [12, 3.5, 12.5, 4], "texture": "#0"},
				"up": {"uv": [6, 1.5, 0, 1], "texture": "#0"},
				"down": {"uv": [6, 1.5, 0, 2], "texture": "#0"}
			}
		},
		{
			"from": [2, 8, 12],
			"to": [14, 8.2, 13],
			"faces": {
				"north": {"uv": [0, 2, 6, 2.5], "texture": "#0"},
				"east": {"uv": [12, 4, 12.5, 4.5], "texture": "#0"},
				"south": {"uv": [0, 2.5, 6, 3], "texture": "#0"},
				"west": {"uv": [12, 4.5, 12.5, 5], "texture": "#0"},
				"up": {"uv": [6, 3.5, 0, 3], "texture": "#0"},
				"down": {"uv": [6, 3.5, 0, 4], "texture": "#0"}
			}
		},
		{
			"from": [2, 8, 10],
			"to": [14, 8.2, 11],
			"faces": {
				"north": {"uv": [0, 4, 6, 4.5], "texture": "#0"},
				"east": {"uv": [12, 5, 12.5, 5.5], "texture": "#0"},
				"south": {"uv": [0, 4.5, 6, 5], "texture": "#0"},
				"west": {"uv": [12, 5.5, 12.5, 6], "texture": "#0"},
				"up": {"uv": [6, 5.5, 0, 5], "texture": "#0"},
				"down": {"uv": [6, 5.5, 0, 6], "texture": "#0"}
			}
		},
		{
			"from": [2, 8, 5],
			"to": [14, 8.2, 6],
			"faces": {
				"north": {"uv": [0, 6, 6, 6.5], "texture": "#0"},
				"east": {"uv": [12, 6, 12.5, 6.5], "texture": "#0"},
				"south": {"uv": [6, 0, 12, 0.5], "texture": "#0"},
				"west": {"uv": [12, 6.5, 12.5, 7], "texture": "#0"},
				"up": {"uv": [12, 1, 6, 0.5], "texture": "#0"},
				"down": {"uv": [12, 1, 6, 1.5], "texture": "#0"}
			}
		},
		{
			"from": [2, 8, 3],
			"to": [14, 8.2, 4],
			"faces": {
				"north": {"uv": [6, 1.5, 12, 2], "texture": "#0"},
				"east": {"uv": [12, 7, 12.5, 7.5], "texture": "#0"},
				"south": {"uv": [6, 2, 12, 2.5], "texture": "#0"},
				"west": {"uv": [12, 7.5, 12.5, 8], "texture": "#0"},
				"up": {"uv": [12, 3, 6, 2.5], "texture": "#0"},
				"down": {"uv": [12, 3, 6, 3.5], "texture": "#0"}
			}
		},
		{
			"from": [2, 8, 1],
			"to": [14, 8.2, 2],
			"faces": {
				"north": {"uv": [6, 3.5, 12, 4], "texture": "#0"},
				"east": {"uv": [12, 8, 12.5, 8.5], "texture": "#0"},
				"south": {"uv": [6, 4, 12, 4.5], "texture": "#0"},
				"west": {"uv": [12, 8.5, 12.5, 9], "texture": "#0"},
				"up": {"uv": [12, 5, 6, 4.5], "texture": "#0"},
				"down": {"uv": [12, 5, 6, 5.5], "texture": "#0"}
			}
		},
		{
			"from": [13.9, 0.1, 1],
			"to": [14.1, 8.1, 2],
			"rotation": {"angle": 0, "axis": "z", "origin": [8, 8.1, 14.5]},
			"faces": {
				"north": {"uv": [5.5, 6.5, 6, 10.5], "texture": "#0"},
				"east": {"uv": [6.5, 5.5, 7, 9.5], "texture": "#0"},
				"south": {"uv": [7, 5.5, 7.5, 9.5], "texture": "#0"},
				"west": {"uv": [7.5, 5.5, 8, 9.5], "texture": "#0"},
				"up": {"uv": [12.5, 9.5, 12, 9], "texture": "#0"},
				"down": {"uv": [12.5, 9.5, 12, 10], "texture": "#0"}
			}
		},
		{
			"from": [13.9, 0.1, 3],
			"to": [14.1, 8.1, 4],
			"rotation": {"angle": 0, "axis": "z", "origin": [8, 8.1, 14.5]},
			"faces": {
				"north": {"uv": [8, 5.5, 8.5, 9.5], "texture": "#0"},
				"east": {"uv": [8.5, 5.5, 9, 9.5], "texture": "#0"},
				"south": {"uv": [9, 5.5, 9.5, 9.5], "texture": "#0"},
				"west": {"uv": [9.5, 5.5, 10, 9.5], "texture": "#0"},
				"up": {"uv": [12.5, 10.5, 12, 10], "texture": "#0"},
				"down": {"uv": [12.5, 10.5, 12, 11], "texture": "#0"}
			}
		},
		{
			"from": [13.9, 0.1, 5],
			"to": [14.1, 8.1, 6],
			"rotation": {"angle": 0, "axis": "z", "origin": [8, 8.1, 14.5]},
			"faces": {
				"north": {"uv": [6, 9.5, 6.5, 13.5], "texture": "#0"},
				"east": {"uv": [6.5, 9.5, 7, 13.5], "texture": "#0"},
				"south": {"uv": [7, 9.5, 7.5, 13.5], "texture": "#0"},
				"west": {"uv": [7.5, 9.5, 8, 13.5], "texture": "#0"},
				"up": {"uv": [12.5, 11.5, 12, 11], "texture": "#0"},
				"down": {"uv": [12.5, 11.5, 12, 12], "texture": "#0"}
			}
		},
		{
			"from": [1.9, 0.1, 1],
			"to": [2.1, 8.1, 2],
			"rotation": {"angle": 0, "axis": "z", "origin": [8, 8.1, 14.5]},
			"faces": {
				"north": {"uv": [8, 9.5, 8.5, 13.5], "texture": "#0"},
				"east": {"uv": [8.5, 9.5, 9, 13.5], "texture": "#0"},
				"south": {"uv": [9, 9.5, 9.5, 13.5], "texture": "#0"},
				"west": {"uv": [9.5, 9.5, 10, 13.5], "texture": "#0"},
				"up": {"uv": [12.5, 12.5, 12, 12], "texture": "#0"},
				"down": {"uv": [13, 0, 12.5, 0.5], "texture": "#0"}
			}
		},
		{
			"from": [1.9, 0.1, 3],
			"to": [2.1, 8.1, 4],
			"rotation": {"angle": 0, "axis": "z", "origin": [8, 8.1, 14.5]},
			"faces": {
				"north": {"uv": [10, 5.5, 10.5, 9.5], "texture": "#0"},
				"east": {"uv": [10, 9.5, 10.5, 13.5], "texture": "#0"},
				"south": {"uv": [0, 10.5, 0.5, 14.5], "texture": "#0"},
				"west": {"uv": [0.5, 10.5, 1, 14.5], "texture": "#0"},
				"up": {"uv": [13, 1, 12.5, 0.5], "texture": "#0"},
				"down": {"uv": [13, 1, 12.5, 1.5], "texture": "#0"}
			}
		},
		{
			"from": [1.9, 0.1, 5],
			"to": [2.1, 8.1, 6],
			"rotation": {"angle": 0, "axis": "z", "origin": [8, 8.1, 14.5]},
			"faces": {
				"north": {"uv": [1, 10.5, 1.5, 14.5], "texture": "#0"},
				"east": {"uv": [1.5, 10.5, 2, 14.5], "texture": "#0"},
				"south": {"uv": [2, 10.5, 2.5, 14.5], "texture": "#0"},
				"west": {"uv": [2.5, 10.5, 3, 14.5], "texture": "#0"},
				"up": {"uv": [13, 2, 12.5, 1.5], "texture": "#0"},
				"down": {"uv": [13, 2, 12.5, 2.5], "texture": "#0"}
			}
		},
		{
			"from": [1.9, 0.1, 10],
			"to": [2.1, 8.1, 11],
			"rotation": {"angle": 0, "axis": "z", "origin": [8, 8.1, 14.5]},
			"faces": {
				"north": {"uv": [3, 10.5, 3.5, 14.5], "texture": "#0"},
				"east": {"uv": [3.5, 10.5, 4, 14.5], "texture": "#0"},
				"south": {"uv": [4, 10.5, 4.5, 14.5], "texture": "#0"},
				"west": {"uv": [4.5, 10.5, 5, 14.5], "texture": "#0"},
				"up": {"uv": [13, 3, 12.5, 2.5], "texture": "#0"},
				"down": {"uv": [13, 3, 12.5, 3.5], "texture": "#0"}
			}
		},
		{
			"from": [1.9, 0.1, 12],
			"to": [2.1, 8.1, 13],
			"rotation": {"angle": 0, "axis": "z", "origin": [8, 8.1, 14.5]},
			"faces": {
				"north": {"uv": [5, 10.5, 5.5, 14.5], "texture": "#0"},
				"east": {"uv": [5.5, 10.5, 6, 14.5], "texture": "#0"},
				"south": {"uv": [10.5, 5.5, 11, 9.5], "texture": "#0"},
				"west": {"uv": [10.5, 9.5, 11, 13.5], "texture": "#0"},
				"up": {"uv": [13, 4, 12.5, 3.5], "texture": "#0"},
				"down": {"uv": [13, 4, 12.5, 4.5], "texture": "#0"}
			}
		},
		{
			"from": [1.9, 0.1, 14],
			"to": [2.1, 8.1, 15],
			"rotation": {"angle": 0, "axis": "z", "origin": [8, 8.1, 14.5]},
			"faces": {
				"north": {"uv": [11, 5.5, 11.5, 9.5], "texture": "#0"},
				"east": {"uv": [11, 9.5, 11.5, 13.5], "texture": "#0"},
				"south": {"uv": [11.5, 5.5, 12, 9.5], "texture": "#0"},
				"west": {"uv": [11.5, 9.5, 12, 13.5], "texture": "#0"},
				"up": {"uv": [13, 5, 12.5, 4.5], "texture": "#0"},
				"down": {"uv": [13, 5, 12.5, 5.5], "texture": "#0"}
			}
		}
	],
	"display": {
		"thirdperson_righthand": {
			"rotation": [75, 45, 0],
			"translation": [0, 2.5, 0],
			"scale": [0.375, 0.375, 0.375]
		},
		"thirdperson_lefthand": {
			"rotation": [75, 45, 0],
			"translation": [0, 2.5, 0],
			"scale": [0.375, 0.375, 0.375]
		},
		"firstperson_righthand": {
			"rotation": [0, 45, 0],
			"translation": [-0.25, 3, 1.25],
			"scale": [0.4, 0.4, 0.4]
		},
		"firstperson_lefthand": {
			"rotation": [0, 45, 0],
			"translation": [-0.25, 3, 1.25],
			"scale": [0.4, 0.4, 0.4]
		},
		"ground": {
			"translation": [0, 3, 0],
			"scale": [0.25, 0.25, 0.25]
		},
		"gui": {
			"rotation": [30, 225, 0],
			"translation": [0, 1.75, 0],
			"scale": [0.625, 0.625, 0.625]
		},
		"fixed": {
			"scale": [0.5, 0.5, 0.5]
		}
	},
	"groups": [
		{
			"name": "military crate",
			"origin": [0, 0, 0],
			"color": 0,
			"nbt": "{}",
			"armAnimationEnabled": false,
			"children": [
				{
					"name": "frame1",
					"origin": [0, 0, 0],
					"color": 0,
					"nbt": "{}",
					"armAnimationEnabled": false,
					"children": [0, 1, 2, 3, 4, 5, 6, 7]
				},
				{
					"name": "frame2",
					"origin": [8, 8.1, 14.5],
					"color": 0,
					"nbt": "{}",
					"armAnimationEnabled": false,
					"children": [8, 9, 10, 11, 12, 13, 14, 15, 16, 17, 18, 19, 20, 21, 22, 23, 24, 25]
				}
			]
		}
	]
}