{
	"credit": "Made with Blockbench",
	"texture_size": [64, 64],
	"textures": {
		"0": "block/winchframe1texture",
		"1": "block/winchframe2texture",
		"particle": "block/winchframe1texture"
	},
	"elements": [
		{
			"from": [7, 1, 19],
			"to": [9, 2, 31],
			"faces": {
				"north": {"uv": [5, 3.5, 5.5, 3.75], "texture": "#0"},
				"east": {"uv": [4, 2, 7, 2.25], "texture": "#0"},
				"south": {"uv": [5, 3.75, 5.5, 4], "texture": "#0"},
				"west": {"uv": [4, 2.25, 7, 2.5], "texture": "#0"},
				"up": {"uv": [3.5, 4, 3, 1], "texture": "#0"},
				"down": {"uv": [4, 1, 3.5, 4], "texture": "#0"}
			}
		},
		{
			"from": [7, 2, 15],
			"to": [9, 3, 31],
			"faces": {
				"north": {"uv": [5, 4, 5.5, 4.25], "texture": "#0"},
				"east": {"uv": [4, 1.5, 8, 1.75], "texture": "#0"},
				"south": {"uv": [5, 4.25, 5.5, 4.5], "texture": "#0"},
				"west": {"uv": [4, 1.75, 8, 2], "texture": "#0"},
				"up": {"uv": [2.5, 5, 2, 1], "texture": "#0"},
				"down": {"uv": [3, 1, 2.5, 5], "texture": "#0"}
			}
		},
		{
			"from": [7, 0, 26],
			"to": [9, 1, 31],
			"faces": {
				"north": {"uv": [4.5, 5, 5, 5.25], "texture": "#0"},
				"east": {"uv": [4.5, 4.5, 5.75, 4.75], "texture": "#0"},
				"south": {"uv": [5, 5, 5.5, 5.25], "texture": "#0"},
				"west": {"uv": [4.5, 4.75, 5.75, 5], "texture": "#0"},
				"up": {"uv": [4, 5.25, 3.5, 4], "texture": "#0"},
				"down": {"uv": [4.5, 4, 4, 5.25], "texture": "#0"}
			}
		},
		{
			"from": [7, 3, 14],
			"to": [9, 4, 31],
			"faces": {
				"north": {"uv": [1, 5.25, 1.5, 5.5], "texture": "#0"},
				"east": {"uv": [4, 1, 8.25, 1.25], "texture": "#0"},
				"south": {"uv": [1.5, 5.25, 2, 5.5], "texture": "#0"},
				"west": {"uv": [4, 1.25, 8.25, 1.5], "texture": "#0"},
				"up": {"uv": [1.5, 5.25, 1, 1], "texture": "#0"},
				"down": {"uv": [2, 1, 1.5, 5.25], "texture": "#0"}
			}
		},
		{
			"from": [7, 4, 22],
			"to": [9, 5, 28],
			"faces": {
				"north": {"uv": [3.5, 5.25, 4, 5.5], "texture": "#0"},
				"east": {"uv": [4.5, 2.5, 6, 2.75], "texture": "#0"},
				"south": {"uv": [4, 5.25, 4.5, 5.5], "texture": "#0"},
				"west": {"uv": [4.5, 2.75, 6, 3], "texture": "#0"},
				"up": {"uv": [4.5, 4, 4, 2.5], "texture": "#0"},
				"down": {"uv": [3.5, 4, 3, 5.5], "texture": "#0"}
			}
		},
		{
			"from": [7, 4, 0],
			"to": [9, 6, 22],
			"faces": {
				"north": {"uv": [2, 5, 2.5, 5.5], "texture": "#0"},
				"east": {"uv": [0, 0, 5.5, 0.5], "texture": "#0"},
				"south": {"uv": [2.5, 5, 3, 5.5], "texture": "#0"},
				"west": {"uv": [0, 0.5, 5.5, 1], "texture": "#0"},
				"up": {"uv": [0.5, 6.5, 0, 1], "texture": "#0"},
				"down": {"uv": [1, 1, 0.5, 6.5], "texture": "#0"}
			}
		},
		{
			"from": [7, 3, 13],
			"to": [9, 4, 14],
			"faces": {
				"north": {"uv": [4.5, 5.25, 5, 5.5], "texture": "#0"},
				"east": {"uv": [1, 5.5, 1.25, 5.75], "texture": "#0"},
				"south": {"uv": [5, 5.25, 5.5, 5.5], "texture": "#0"},
				"west": {"uv": [1.25, 5.5, 1.5, 5.75], "texture": "#0"},
				"up": {"uv": [6, 0.25, 5.5, 0], "texture": "#0"},
				"down": {"uv": [6, 0.25, 5.5, 0.5], "texture": "#0"}
			}
		},
		{
			"from": [7, 3.5, 10],
			"to": [9, 4, 13],
			"faces": {
				"north": {"uv": [5.5, 0.5, 6, 0.75], "texture": "#0"},
				"east": {"uv": [5, 3, 5.75, 3.25], "texture": "#0"},
				"south": {"uv": [5.5, 0.75, 6, 1], "texture": "#0"},
				"west": {"uv": [5, 3.25, 5.75, 3.5], "texture": "#0"},
				"up": {"uv": [5, 3.75, 4.5, 3], "texture": "#0"},
				"down": {"uv": [5, 3.75, 4.5, 4.5], "texture": "#0"}
			}
		},
		{
			"from": [7.75, 2.5, 11],
			"to": [8.25, 3, 12.5],
			"faces": {
				"north": {"uv": [2.25, 0.75, 2.5, 1], "texture": "#1"},
				"east": {"uv": [1.5, 0.5, 2, 0.75], "texture": "#1"},
				"south": {"uv": [2.25, 1.5, 2.5, 1.75], "texture": "#1"},
				"west": {"uv": [1.5, 0.75, 2, 1], "texture": "#1"},
				"up": {"uv": [1.75, 2, 1.5, 1.5], "texture": "#1"},
				"down": {"uv": [2, 1, 1.75, 1.5], "texture": "#1"}
			}
		},
		{
			"from": [7.95, 3.25, 11.75],
			"to": [8.05, 3.5, 12.5],
			"faces": {
				"north": {"uv": [1.75, 2.25, 2, 2.5], "texture": "#1"},
				"east": {"uv": [2.25, 1.75, 2.5, 2], "texture": "#1"},
				"south": {"uv": [2, 2.25, 2.25, 2.5], "texture": "#1"},
				"west": {"uv": [2.25, 2, 2.5, 2.25], "texture": "#1"},
				"up": {"uv": [2.5, 2.5, 2.25, 2.25], "texture": "#1"},
				"down": {"uv": [0.75, 2.5, 0.5, 2.75], "texture": "#1"}
			}
		},
		{
			"from": [7.75, 2.5, 11],
			"to": [8.25, 3, 12.5],
			"faces": {
				"north": {"uv": [0.75, 2.5, 1, 2.75], "texture": "#1"},
				"east": {"uv": [1.75, 1.5, 2.25, 1.75], "texture": "#1"},
				"south": {"uv": [2.5, 0.75, 2.75, 1], "texture": "#1"},
				"west": {"uv": [1.75, 1.75, 2.25, 2], "texture": "#1"},
				"up": {"uv": [0.75, 2.5, 0.5, 2], "texture": "#1"},
				"down": {"uv": [2.25, 0.5, 2, 1], "texture": "#1"}
			}
		},
		{
			"from": [7.75, 2.5, 12.5],
			"to": [8.25, 3.5, 13],
			"faces": {
				"north": {"uv": [2.5, 1, 2.75, 1.25], "texture": "#1"},
				"east": {"uv": [2.5, 1.25, 2.75, 1.5], "texture": "#1"},
				"south": {"uv": [1.5, 2.5, 1.75, 2.75], "texture": "#1"},
				"west": {"uv": [2.5, 1.5, 2.75, 1.75], "texture": "#1"},
				"up": {"uv": [2, 2.75, 1.75, 2.5], "texture": "#1"},
				"down": {"uv": [2.75, 1.75, 2.5, 2], "texture": "#1"}
			}
		},
		{
			"from": [7.75, 2.5, 10.5],
			"to": [8.25, 3.5, 11],
			"faces": {
				"north": {"uv": [2, 2.5, 2.25, 2.75], "texture": "#1"},
				"east": {"uv": [2.5, 2, 2.75, 2.25], "texture": "#1"},
				"south": {"uv": [2.25, 2.5, 2.5, 2.75], "texture": "#1"},
				"west": {"uv": [2.5, 2.25, 2.75, 2.5], "texture": "#1"},
				"up": {"uv": [2.75, 2.75, 2.5, 2.5], "texture": "#1"},
				"down": {"uv": [0.75, 2.75, 0.5, 3], "texture": "#1"}
			}
		},
		{
			"from": [7.5, 6, -16],
			"to": [8.5, 7, 19],
			"faces": {
				"north": {"uv": [2.75, 0.5, 3, 0.75], "texture": "#1"},
				"east": {"uv": [0, 0, 8.75, 0.25], "texture": "#1"},
				"south": {"uv": [0.75, 2.75, 1, 3], "texture": "#1"},
				"west": {"uv": [0, 0.25, 8.75, 0.5], "texture": "#1"},
				"up": {"uv": [0.25, 9.25, 0, 0.5], "texture": "#1"},
				"down": {"uv": [0.5, 0.5, 0.25, 9.25], "texture": "#1"}
			}
		},
		{
			"from": [7.5, 7, 10],
			"to": [8.5, 7.75, 12],
			"faces": {
				"north": {"uv": [2.75, 0.75, 3, 1], "texture": "#1"},
				"east": {"uv": [2, 1, 2.5, 1.25], "texture": "#1"},
				"south": {"uv": [1, 2.75, 1.25, 3], "texture": "#1"},
				"west": {"uv": [2, 1.25, 2.5, 1.5], "texture": "#1"},
				"up": {"uv": [1, 2.5, 0.75, 2], "texture": "#1"},
				"down": {"uv": [1.75, 2, 1.5, 2.5], "texture": "#1"}
			}
		},
		{
			"from": [7.5, 7, 16],
			"to": [8.5, 7.75, 18],
			"faces": {
				"north": {"uv": [2.75, 1, 3, 1.25], "texture": "#1"},
				"east": {"uv": [1.75, 2, 2.25, 2.25], "texture": "#1"},
				"south": {"uv": [1.25, 2.75, 1.5, 3], "texture": "#1"},
				"west": {"uv": [2.25, 0.5, 2.75, 0.75], "texture": "#1"},
				"up": {"uv": [1.25, 2.75, 1, 2.25], "texture": "#1"},
				"down": {"uv": [1.5, 2.25, 1.25, 2.75], "texture": "#1"}
			}
		},
		{
			"from": [7.75, 7, 12],
			"to": [8.25, 7.5, 16],
			"faces": {
				"north": {"uv": [2.75, 1.25, 3, 1.5], "texture": "#1"},
				"east": {"uv": [0.5, 0.5, 1.5, 0.75], "texture": "#1"},
				"south": {"uv": [1.5, 2.75, 1.75, 3], "texture": "#1"},
				"west": {"uv": [0.5, 0.75, 1.5, 1], "texture": "#1"},
				"up": {"uv": [0.75, 2, 0.5, 1], "texture": "#1"},
				"down": {"uv": [1, 1, 0.75, 2], "texture": "#1"}
			}
		},
		{
			"from": [7.75, 7, -15],
			"to": [8.25, 7.5, -12],
			"faces": {
				"north": {"uv": [2.75, 1.5, 3, 1.75], "texture": "#1"},
				"east": {"uv": [1, 1, 1.75, 1.25], "texture": "#1"},
				"south": {"uv": [1.75, 2.75, 2, 3], "texture": "#1"},
				"west": {"uv": [1, 1.25, 1.75, 1.5], "texture": "#1"},
				"up": {"uv": [1.25, 2.25, 1, 1.5], "texture": "#1"},
				"down": {"uv": [1.5, 1.5, 1.25, 2.25], "texture": "#1"}
			}
		}
	],
	"display": {},
	"groups": [
		{
			"name": "Winchester",
			"origin": [0, 0, 0],
			"color": 0,
			"nbt": "{}",
			"armAnimationEnabled": false,
			"children": [
				{
					"name": "frame1",
					"origin": [0, 0, 0],
					"color": 0,
					"nbt": "{}",
					"armAnimationEnabled": false,
					"children": [0, 1, 2, 3, 4, 5, 6, 7]
				},
				{
					"name": "frame2",
					"origin": [0, 0, 0],
					"color": 0,
					"nbt": "{}",
					"armAnimationEnabled": false,
					"children": [8, 9, 10, 11, 12, 13, 14, 15, 16, 17]
				}
			]
		}
	]
}