{
	"credit": "Made with Blockbench",
	"texture_size": [32, 32],
	"textures": {
		"0": "custom/parachutetexture",
		"1": "custom/stringtexture",
		"particle": "custom/parachutetexture"
	},
	"elements": [
		{
			"from": [-8, 11, 5],
			"to": [-7, 13, 12],
			"faces": {
				"north": {"uv": [1.5, 12, 1.75, 12.25], "texture": "#0"},
				"east": {"uv": [8.75, 7.5, 10.5, 7.75], "texture": "#0"},
				"south": {"uv": [12, 1.5, 12.25, 1.75], "texture": "#0"},
				"west": {"uv": [9, 2.25, 10.75, 2.5], "texture": "#0"},
				"up": {"uv": [3, 11.75, 2.75, 10], "texture": "#0"},
				"down": {"uv": [3.75, 10, 3.5, 11.75], "texture": "#0"}
			}
		},
		{
			"from": [-7, 12, 4],
			"to": [-6, 15, 13],
			"faces": {
				"north": {"uv": [0, 11.25, 0.25, 11.75], "texture": "#0"},
				"east": {"uv": [4.75, 2, 7, 2.5], "texture": "#0"},
				"south": {"uv": [0.25, 11.25, 0.5, 11.75], "texture": "#0"},
				"west": {"uv": [4.75, 2.5, 7, 3], "texture": "#0"},
				"up": {"uv": [3.25, 11, 3, 8.75], "texture": "#0"},
				"down": {"uv": [7.25, 8.75, 7, 11], "texture": "#0"}
			}
		},
		{
			"from": [-6, 14, 5],
			"to": [-5, 17, 13],
			"faces": {
				"north": {"uv": [1.75, 11.25, 2, 11.75], "texture": "#0"},
				"east": {"uv": [6.5, 1, 8.5, 1.5], "texture": "#0"},
				"south": {"uv": [11.25, 4.25, 11.5, 4.75], "texture": "#0"},
				"west": {"uv": [6.5, 1.5, 8.5, 2], "texture": "#0"},
				"up": {"uv": [9.75, 10, 9.5, 8], "texture": "#0"},
				"down": {"uv": [10, 8, 9.75, 10], "texture": "#0"}
			}
		},
		{
			"from": [-5, 16, 3],
			"to": [-4, 19, 12],
			"faces": {
				"north": {"uv": [5, 11.25, 5.25, 11.75], "texture": "#0"},
				"east": {"uv": [4.75, 3, 7, 3.5], "texture": "#0"},
				"south": {"uv": [11.25, 6.75, 11.5, 7.25], "texture": "#0"},
				"west": {"uv": [4.75, 3.5, 7, 4], "texture": "#0"},
				"up": {"uv": [2.25, 11.5, 2, 9.25], "texture": "#0"},
				"down": {"uv": [2.5, 9.25, 2.25, 11.5], "texture": "#0"}
			}
		},
		{
			"from": [-5, 14, 4],
			"to": [-4, 17, 5],
			"faces": {
				"north": {"uv": [7, 11.25, 7.25, 11.75], "texture": "#0"},
				"east": {"uv": [7.25, 11.25, 7.5, 11.75], "texture": "#0"},
				"south": {"uv": [7.5, 11.25, 7.75, 11.75], "texture": "#0"},
				"west": {"uv": [11.25, 9.25, 11.5, 9.75], "texture": "#0"},
				"up": {"uv": [12.25, 2, 12, 1.75], "texture": "#0"},
				"down": {"uv": [2.25, 12, 2, 12.25], "texture": "#0"}
			}
		},
		{
			"from": [-6, 12, 4],
			"to": [-5, 15, 5],
			"faces": {
				"north": {"uv": [11.25, 9.75, 11.5, 10.25], "texture": "#0"},
				"east": {"uv": [10.25, 11.25, 10.5, 11.75], "texture": "#0"},
				"south": {"uv": [11.25, 10.25, 11.5, 10.75], "texture": "#0"},
				"west": {"uv": [10.5, 11.25, 10.75, 11.75], "texture": "#0"},
				"up": {"uv": [12.25, 2.25, 12, 2], "texture": "#0"},
				"down": {"uv": [2.5, 12, 2.25, 12.25], "texture": "#0"}
			}
		},
		{
			"from": [-4, 16, 12],
			"to": [-3, 19, 14],
			"faces": {
				"north": {"uv": [10.75, 11.25, 11, 11.75], "texture": "#0"},
				"east": {"uv": [8.5, 1.5, 9, 2], "texture": "#0"},
				"south": {"uv": [11, 11.25, 11.25, 11.75], "texture": "#0"},
				"west": {"uv": [10.75, 0, 11.25, 0.5], "texture": "#0"},
				"up": {"uv": [11.5, 11.75, 11.25, 11.25], "texture": "#0"},
				"down": {"uv": [1.25, 11.5, 1, 12], "texture": "#0"}
			}
		},
		{
			"from": [-5, 14, 12],
			"to": [-4, 17, 13],
			"faces": {
				"north": {"uv": [11.5, 1, 11.75, 1.5], "texture": "#0"},
				"east": {"uv": [1.25, 11.5, 1.5, 12], "texture": "#0"},
				"south": {"uv": [1.5, 11.5, 1.75, 12], "texture": "#0"},
				"west": {"uv": [2, 11.5, 2.25, 12], "texture": "#0"},
				"up": {"uv": [12.25, 2.5, 12, 2.25], "texture": "#0"},
				"down": {"uv": [2.75, 12, 2.5, 12.25], "texture": "#0"}
			}
		},
		{
			"from": [-5, 18, 2],
			"to": [-4, 21, 13],
			"faces": {
				"north": {"uv": [2.25, 11.5, 2.5, 12], "texture": "#0"},
				"east": {"uv": [3.75, 1, 6.5, 1.5], "texture": "#0"},
				"south": {"uv": [3.25, 11.5, 3.5, 12], "texture": "#0"},
				"west": {"uv": [3.75, 1.5, 6.5, 2], "texture": "#0"},
				"up": {"uv": [0.75, 10, 0.5, 7.25], "texture": "#0"},
				"down": {"uv": [3.5, 7.75, 3.25, 10.5], "texture": "#0"}
			}
		},
		{
			"from": [-4, 18, 12],
			"to": [-3, 21, 15],
			"faces": {
				"north": {"uv": [4.25, 11.5, 4.5, 12], "texture": "#0"},
				"east": {"uv": [9.75, 1.75, 10.5, 2.25], "texture": "#0"},
				"south": {"uv": [11.5, 4.25, 11.75, 4.75], "texture": "#0"},
				"west": {"uv": [9.75, 4, 10.5, 4.5], "texture": "#0"},
				"up": {"uv": [11, 10, 10.75, 9.25], "texture": "#0"},
				"down": {"uv": [11, 10, 10.75, 10.75], "texture": "#0"}
			}
		},
		{
			"from": [-4, 20, 2],
			"to": [-3, 22, 13],
			"faces": {
				"north": {"uv": [12, 2.5, 12.25, 2.75], "texture": "#0"},
				"east": {"uv": [7.5, 3.5, 10.25, 3.75], "texture": "#0"},
				"south": {"uv": [12, 3, 12.25, 3.25], "texture": "#0"},
				"west": {"uv": [7.25, 7.75, 10, 8], "texture": "#0"},
				"up": {"uv": [7.5, 10.75, 7.25, 8], "texture": "#0"},
				"down": {"uv": [7.75, 8, 7.5, 10.75], "texture": "#0"}
			}
		},
		{
			"from": [-3, 20, 1],
			"to": [-2, 22, 14],
			"faces": {
				"north": {"uv": [3.25, 12, 3.5, 12.25], "texture": "#0"},
				"east": {"uv": [7, 0.5, 10.25, 0.75], "texture": "#0"},
				"south": {"uv": [12, 3.25, 12.25, 3.5], "texture": "#0"},
				"west": {"uv": [7, 0.75, 10.25, 1], "texture": "#0"},
				"up": {"uv": [7.25, 8.75, 7, 5.5], "texture": "#0"},
				"down": {"uv": [6.5, 7, 6.25, 10.25], "texture": "#0"}
			}
		},
		{
			"from": [-2, 20, 1],
			"to": [-1, 23, 16],
			"faces": {
				"north": {"uv": [4.5, 11.5, 4.75, 12], "texture": "#0"},
				"east": {"uv": [0, 0, 3.75, 0.5], "texture": "#0"},
				"south": {"uv": [4.75, 11.5, 5, 12], "texture": "#0"},
				"west": {"uv": [0, 0.5, 3.75, 1], "texture": "#0"},
				"up": {"uv": [1, 9.5, 0.75, 5.75], "texture": "#0"},
				"down": {"uv": [6.25, 6.5, 6, 10.25], "texture": "#0"}
			}
		},
		{
			"from": [-1, 21, 1],
			"to": [0, 24, 16],
			"faces": {
				"north": {"uv": [6.75, 11.5, 7, 12], "texture": "#0"},
				"east": {"uv": [0, 1, 3.75, 1.5], "texture": "#0"},
				"south": {"uv": [11.5, 6.75, 11.75, 7.25], "texture": "#0"},
				"west": {"uv": [0, 1.5, 3.75, 2], "texture": "#0"},
				"up": {"uv": [4.25, 10.75, 4, 7], "texture": "#0"},
				"down": {"uv": [4.5, 7, 4.25, 10.75], "texture": "#0"}
			}
		},
		{
			"from": [0, 23, 1],
			"to": [2, 25, 16],
			"faces": {
				"north": {"uv": [11.25, 4.75, 11.75, 5], "texture": "#0"},
				"east": {"uv": [6.75, 4.5, 10.5, 4.75], "texture": "#0"},
				"south": {"uv": [11.25, 7.25, 11.75, 7.5], "texture": "#0"},
				"west": {"uv": [6.75, 4.75, 10.5, 5], "texture": "#0"},
				"up": {"uv": [0.5, 5.75, 0, 2], "texture": "#0"},
				"down": {"uv": [1, 2, 0.5, 5.75], "texture": "#0"}
			}
		},
		{
			"from": [1, 24, 3],
			"to": [3, 26, 16],
			"faces": {
				"north": {"uv": [11.5, 1.5, 12, 1.75], "texture": "#0"},
				"east": {"uv": [7, 3.75, 10.25, 4], "texture": "#0"},
				"south": {"uv": [8.75, 11.5, 9.25, 11.75], "texture": "#0"},
				"west": {"uv": [7.25, 5.5, 10.5, 5.75], "texture": "#0"},
				"up": {"uv": [2.5, 7.25, 2, 4], "texture": "#0"},
				"down": {"uv": [3, 4, 2.5, 7.25], "texture": "#0"}
			}
		},
		{
			"from": [3, 24, 3],
			"to": [4, 27, 16],
			"faces": {
				"north": {"uv": [9.25, 11.5, 9.5, 12], "texture": "#0"},
				"east": {"uv": [3.75, 0, 7, 0.5], "texture": "#0"},
				"south": {"uv": [11.5, 9.25, 11.75, 9.75], "texture": "#0"},
				"west": {"uv": [3.75, 0.5, 7, 1], "texture": "#0"},
				"up": {"uv": [6.75, 10.25, 6.5, 7], "texture": "#0"},
				"down": {"uv": [7, 7, 6.75, 10.25], "texture": "#0"}
			}
		},
		{
			"from": [4, 24, 1],
			"to": [5, 27, 5],
			"faces": {
				"north": {"uv": [9.5, 11.5, 9.75, 12], "texture": "#0"},
				"east": {"uv": [8.5, 5, 9.5, 5.5], "texture": "#0"},
				"south": {"uv": [9.75, 11.5, 10, 12], "texture": "#0"},
				"west": {"uv": [8.75, 4, 9.75, 4.5], "texture": "#0"},
				"up": {"uv": [3.5, 11.5, 3.25, 10.5], "texture": "#0"},
				"down": {"uv": [4.25, 10.75, 4, 11.75], "texture": "#0"}
			}
		},
		{
			"from": [4, 25, 5],
			"to": [5, 28, 11],
			"faces": {
				"north": {"uv": [11.5, 9.75, 11.75, 10.25], "texture": "#0"},
				"east": {"uv": [2, 7.25, 3.5, 7.75], "texture": "#0"},
				"south": {"uv": [11.5, 10.25, 11.75, 10.75], "texture": "#0"},
				"west": {"uv": [7.25, 6.75, 8.75, 7.25], "texture": "#0"},
				"up": {"uv": [9.75, 11.5, 9.5, 10], "texture": "#0"},
				"down": {"uv": [10.25, 9.5, 10, 11], "texture": "#0"}
			}
		},
		{
			"from": [4, 24, 11],
			"to": [5, 27, 17],
			"faces": {
				"north": {"uv": [11.5, 11.25, 11.75, 11.75], "texture": "#0"},
				"east": {"uv": [7.25, 7.25, 8.75, 7.75], "texture": "#0"},
				"south": {"uv": [0, 11.75, 0.25, 12.25], "texture": "#0"},
				"west": {"uv": [7.5, 2, 9, 2.5], "texture": "#0"},
				"up": {"uv": [10, 11.5, 9.75, 10], "texture": "#0"},
				"down": {"uv": [6.25, 10.25, 6, 11.75], "texture": "#0"}
			}
		},
		{
			"from": [1, 23, 0],
			"to": [3, 25, 3],
			"faces": {
				"north": {"uv": [11.75, 0.5, 12.25, 0.75], "texture": "#0"},
				"east": {"uv": [10.25, 10.75, 11, 11], "texture": "#0"},
				"south": {"uv": [11.75, 0.75, 12.25, 1], "texture": "#0"},
				"west": {"uv": [11, 0.5, 11.75, 0.75], "texture": "#0"},
				"up": {"uv": [6.75, 11, 6.25, 10.25], "texture": "#0"},
				"down": {"uv": [10.75, 7.75, 10.25, 8.5], "texture": "#0"}
			}
		},
		{
			"from": [2, 24, 0],
			"to": [4, 26, 3],
			"faces": {
				"north": {"uv": [11.75, 1, 12.25, 1.25], "texture": "#0"},
				"east": {"uv": [11, 0.75, 11.75, 1], "texture": "#0"},
				"south": {"uv": [11.75, 1.25, 12.25, 1.5], "texture": "#0"},
				"west": {"uv": [11, 2.5, 11.75, 2.75], "texture": "#0"},
				"up": {"uv": [10.75, 9.25, 10.25, 8.5], "texture": "#0"},
				"down": {"uv": [10.75, 9.25, 10.25, 10], "texture": "#0"}
			}
		},
		{
			"from": [22.5, 11, 5],
			"to": [23.5, 13, 12],
			"rotation": {"angle": 0, "axis": "y", "origin": [13.75, 19, 7.5]},
			"faces": {
				"north": {"uv": [12, 3.5, 12.25, 3.75], "texture": "#0"},
				"east": {"uv": [9.5, 6.75, 11.25, 7], "texture": "#0"},
				"south": {"uv": [12, 3.75, 12.25, 4], "texture": "#0"},
				"west": {"uv": [9.5, 7, 11.25, 7.25], "texture": "#0"},
				"up": {"uv": [4, 11.75, 3.75, 10], "texture": "#0"},
				"down": {"uv": [5.75, 10, 5.5, 11.75], "texture": "#0"}
			}
		},
		{
			"from": [21.5, 12, 4],
			"to": [22.5, 15, 13],
			"rotation": {"angle": 0, "axis": "y", "origin": [13.75, 19, 7.5]},
			"faces": {
				"north": {"uv": [0.25, 11.75, 0.5, 12.25], "texture": "#0"},
				"east": {"uv": [4, 5, 6.25, 5.5], "texture": "#0"},
				"south": {"uv": [0.75, 11.75, 1, 12.25], "texture": "#0"},
				"west": {"uv": [4, 5.5, 6.25, 6], "texture": "#0"},
				"up": {"uv": [9.5, 10.25, 9.25, 8], "texture": "#0"},
				"down": {"uv": [9, 9.25, 8.75, 11.5], "texture": "#0"}
			}
		},
		{
			"from": [20.5, 14, 4],
			"to": [21.5, 17, 12],
			"rotation": {"angle": 0, "axis": "y", "origin": [13.75, 19, 7.5]},
			"faces": {
				"north": {"uv": [1.75, 11.75, 2, 12.25], "texture": "#0"},
				"east": {"uv": [4, 6.5, 6, 7], "texture": "#0"},
				"south": {"uv": [11.75, 2.25, 12, 2.75], "texture": "#0"},
				"west": {"uv": [6.75, 4, 8.75, 4.5], "texture": "#0"},
				"up": {"uv": [0.75, 12, 0.5, 10], "texture": "#0"},
				"down": {"uv": [2.75, 10, 2.5, 12], "texture": "#0"}
			}
		},
		{
			"from": [19.5, 16, 5],
			"to": [20.5, 19, 14],
			"rotation": {"angle": 0, "axis": "y", "origin": [13.75, 19, 7.5]},
			"faces": {
				"north": {"uv": [2.75, 11.75, 3, 12.25], "texture": "#0"},
				"east": {"uv": [4, 6, 6.25, 6.5], "texture": "#0"},
				"south": {"uv": [3, 11.75, 3.25, 12.25], "texture": "#0"},
				"west": {"uv": [6.25, 5, 8.5, 5.5], "texture": "#0"},
				"up": {"uv": [9.25, 11.5, 9, 9.25], "texture": "#0"},
				"down": {"uv": [1, 9.5, 0.75, 11.75], "texture": "#0"}
			}
		},
		{
			"from": [19.5, 14, 12],
			"to": [20.5, 17, 13],
			"rotation": {"angle": 0, "axis": "y", "origin": [13.75, 19, 7.5]},
			"faces": {
				"north": {"uv": [3.5, 11.75, 3.75, 12.25], "texture": "#0"},
				"east": {"uv": [11.75, 3.5, 12, 4], "texture": "#0"},
				"south": {"uv": [3.75, 11.75, 4, 12.25], "texture": "#0"},
				"west": {"uv": [4, 11.75, 4.25, 12.25], "texture": "#0"},
				"up": {"uv": [12.25, 4.25, 12, 4], "texture": "#0"},
				"down": {"uv": [4.5, 12, 4.25, 12.25], "texture": "#0"}
			}
		},
		{
			"from": [20.5, 12, 12],
			"to": [21.5, 15, 13],
			"rotation": {"angle": 0, "axis": "y", "origin": [13.75, 19, 7.5]},
			"faces": {
				"north": {"uv": [11.75, 4.25, 12, 4.75], "texture": "#0"},
				"east": {"uv": [5, 11.75, 5.25, 12.25], "texture": "#0"},
				"south": {"uv": [5.25, 11.75, 5.5, 12.25], "texture": "#0"},
				"west": {"uv": [5.5, 11.75, 5.75, 12.25], "texture": "#0"},
				"up": {"uv": [12.25, 4.5, 12, 4.25], "texture": "#0"},
				"down": {"uv": [4.75, 12, 4.5, 12.25], "texture": "#0"}
			}
		},
		{
			"from": [18.5, 16, 3],
			"to": [19.5, 19, 5],
			"rotation": {"angle": 0, "axis": "y", "origin": [13.75, 19, 7.5]},
			"faces": {
				"north": {"uv": [11.75, 5.5, 12, 6], "texture": "#0"},
				"east": {"uv": [4.25, 10.75, 4.75, 11.25], "texture": "#0"},
				"south": {"uv": [5.75, 11.75, 6, 12.25], "texture": "#0"},
				"west": {"uv": [4.75, 10.75, 5.25, 11.25], "texture": "#0"},
				"up": {"uv": [6.25, 12.25, 6, 11.75], "texture": "#0"},
				"down": {"uv": [12, 6, 11.75, 6.5], "texture": "#0"}
			}
		},
		{
			"from": [19.5, 14, 4],
			"to": [20.5, 17, 5],
			"rotation": {"angle": 0, "axis": "y", "origin": [13.75, 19, 7.5]},
			"faces": {
				"north": {"uv": [6.25, 11.75, 6.5, 12.25], "texture": "#0"},
				"east": {"uv": [6.5, 11.75, 6.75, 12.25], "texture": "#0"},
				"south": {"uv": [11.75, 6.5, 12, 7], "texture": "#0"},
				"west": {"uv": [7, 11.75, 7.25, 12.25], "texture": "#0"},
				"up": {"uv": [12.25, 4.75, 12, 4.5], "texture": "#0"},
				"down": {"uv": [5, 12, 4.75, 12.25], "texture": "#0"}
			}
		},
		{
			"from": [19.5, 18, 4],
			"to": [20.5, 21, 15],
			"rotation": {"angle": 0, "axis": "y", "origin": [13.75, 19, 7.5]},
			"faces": {
				"north": {"uv": [11.75, 7, 12, 7.5], "texture": "#0"},
				"east": {"uv": [4, 4, 6.75, 4.5], "texture": "#0"},
				"south": {"uv": [7.25, 11.75, 7.5, 12.25], "texture": "#0"},
				"west": {"uv": [4, 4.5, 6.75, 5], "texture": "#0"},
				"up": {"uv": [8, 10.75, 7.75, 8], "texture": "#0"},
				"down": {"uv": [8.25, 8, 8, 10.75], "texture": "#0"}
			}
		},
		{
			"from": [18.5, 18, 2],
			"to": [19.5, 21, 5],
			"rotation": {"angle": 0, "axis": "y", "origin": [13.75, 19, 7.5]},
			"faces": {
				"north": {"uv": [7.5, 11.75, 7.75, 12.25], "texture": "#0"},
				"east": {"uv": [10.25, 0.5, 11, 1], "texture": "#0"},
				"south": {"uv": [11.75, 7.5, 12, 8], "texture": "#0"},
				"west": {"uv": [10.25, 3.5, 11, 4], "texture": "#0"},
				"up": {"uv": [3.25, 11.75, 3, 11], "texture": "#0"},
				"down": {"uv": [6.5, 11, 6.25, 11.75], "texture": "#0"}
			}
		},
		{
			"from": [18.5, 20, 4],
			"to": [19.5, 22, 15],
			"rotation": {"angle": 0, "axis": "y", "origin": [13.75, 19, 7.5]},
			"faces": {
				"north": {"uv": [12, 5, 12.25, 5.25], "texture": "#0"},
				"east": {"uv": [8.25, 2.5, 11, 2.75], "texture": "#0"},
				"south": {"uv": [12, 5.25, 12.25, 5.5], "texture": "#0"},
				"west": {"uv": [8.25, 2.75, 11, 3], "texture": "#0"},
				"up": {"uv": [8.5, 10.75, 8.25, 8], "texture": "#0"},
				"down": {"uv": [8.75, 8, 8.5, 10.75], "texture": "#0"}
			}
		},
		{
			"from": [17.5, 20, 3],
			"to": [18.5, 22, 16],
			"rotation": {"angle": 0, "axis": "y", "origin": [13.75, 19, 7.5]},
			"faces": {
				"north": {"uv": [12, 5.5, 12.25, 5.75], "texture": "#0"},
				"east": {"uv": [7.25, 5.75, 10.5, 6], "texture": "#0"},
				"south": {"uv": [12, 5.75, 12.25, 6], "texture": "#0"},
				"west": {"uv": [7.25, 6, 10.5, 6.25], "texture": "#0"},
				"up": {"uv": [0.25, 10.5, 0, 7.25], "texture": "#0"},
				"down": {"uv": [0.5, 7.25, 0.25, 10.5], "texture": "#0"}
			}
		},
		{
			"from": [16.5, 20, 1],
			"to": [17.5, 23, 16],
			"rotation": {"angle": 0, "axis": "y", "origin": [13.75, 19, 7.5]},
			"faces": {
				"north": {"uv": [7.75, 11.75, 8, 12.25], "texture": "#0"},
				"east": {"uv": [1, 2, 4.75, 2.5], "texture": "#0"},
				"south": {"uv": [8, 11.75, 8.25, 12.25], "texture": "#0"},
				"west": {"uv": [1, 2.5, 4.75, 3], "texture": "#0"},
				"up": {"uv": [4.75, 10.75, 4.5, 7], "texture": "#0"},
				"down": {"uv": [5, 7, 4.75, 10.75], "texture": "#0"}
			}
		},
		{
			"from": [15.5, 21, 1],
			"to": [16.5, 24, 16],
			"rotation": {"angle": 0, "axis": "y", "origin": [13.75, 19, 7.5]},
			"faces": {
				"north": {"uv": [11.75, 8, 12, 8.5], "texture": "#0"},
				"east": {"uv": [1, 3, 4.75, 3.5], "texture": "#0"},
				"south": {"uv": [8.25, 11.75, 8.5, 12.25], "texture": "#0"},
				"west": {"uv": [1, 3.5, 4.75, 4], "texture": "#0"},
				"up": {"uv": [5.25, 10.75, 5, 7], "texture": "#0"},
				"down": {"uv": [5.5, 7, 5.25, 10.75], "texture": "#0"}
			}
		},
		{
			"from": [13.5, 23, 1],
			"to": [15.5, 25, 16],
			"rotation": {"angle": 0, "axis": "y", "origin": [13.75, 19, 7.5]},
			"faces": {
				"north": {"uv": [11.75, 2.75, 12.25, 3], "texture": "#0"},
				"east": {"uv": [7, 0, 10.75, 0.25], "texture": "#0"},
				"south": {"uv": [11.75, 4.75, 12.25, 5], "texture": "#0"},
				"west": {"uv": [7, 0.25, 10.75, 0.5], "texture": "#0"},
				"up": {"uv": [1.5, 7.75, 1, 4], "texture": "#0"},
				"down": {"uv": [2, 4, 1.5, 7.75], "texture": "#0"}
			}
		},
		{
			"from": [12.5, 24, 1],
			"to": [14.5, 26, 14],
			"rotation": {"angle": 0, "axis": "y", "origin": [13.75, 19, 7.5]},
			"faces": {
				"north": {"uv": [8.5, 11.75, 9, 12], "texture": "#0"},
				"east": {"uv": [7.25, 6.25, 10.5, 6.5], "texture": "#0"},
				"south": {"uv": [11.75, 8.5, 12.25, 8.75], "texture": "#0"},
				"west": {"uv": [7.25, 6.5, 10.5, 6.75], "texture": "#0"},
				"up": {"uv": [3.5, 7.25, 3, 4], "texture": "#0"},
				"down": {"uv": [4, 4, 3.5, 7.25], "texture": "#0"}
			}
		},
		{
			"from": [12.5, 23, 14],
			"to": [14.5, 25, 17],
			"rotation": {"angle": 0, "axis": "y", "origin": [13.75, 19, 7.5]},
			"faces": {
				"north": {"uv": [11.75, 8.75, 12.25, 9], "texture": "#0"},
				"east": {"uv": [11, 2.75, 11.75, 3], "texture": "#0"},
				"south": {"uv": [11.75, 9, 12.25, 9.25], "texture": "#0"},
				"west": {"uv": [11, 3.5, 11.75, 3.75], "texture": "#0"},
				"up": {"uv": [10.75, 10.75, 10.25, 10], "texture": "#0"},
				"down": {"uv": [0.5, 10.5, 0, 11.25], "texture": "#0"}
			}
		},
		{
			"from": [11.5, 24, 14],
			"to": [13.5, 26, 17],
			"rotation": {"angle": 0, "axis": "y", "origin": [13.75, 19, 7.5]},
			"faces": {
				"north": {"uv": [11.75, 9.25, 12.25, 9.5], "texture": "#0"},
				"east": {"uv": [11, 3.75, 11.75, 4], "texture": "#0"},
				"south": {"uv": [11.75, 9.5, 12.25, 9.75], "texture": "#0"},
				"west": {"uv": [7, 11, 7.75, 11.25], "texture": "#0"},
				"up": {"uv": [1.5, 11.25, 1, 10.5], "texture": "#0"},
				"down": {"uv": [2, 10.5, 1.5, 11.25], "texture": "#0"}
			}
		},
		{
			"from": [9.5, 25, 12],
			"to": [11.5, 27, 17],
			"rotation": {"angle": 0, "axis": "y", "origin": [13.75, 19, 7.5]},
			"faces": {
				"north": {"uv": [11.75, 9.75, 12.25, 10], "texture": "#0"},
				"east": {"uv": [10.5, 5.5, 11.75, 5.75], "texture": "#0"},
				"south": {"uv": [10, 11.75, 10.5, 12], "texture": "#0"},
				"west": {"uv": [10.5, 5.75, 11.75, 6], "texture": "#0"},
				"up": {"uv": [3, 10, 2.5, 8.75], "texture": "#0"},
				"down": {"uv": [4, 8.75, 3.5, 10], "texture": "#0"}
			}
		},
		{
			"from": [7.5, 26, 12],
			"to": [9.5, 28, 17],
			"rotation": {"angle": 0, "axis": "y", "origin": [13.75, 19, 7.5]},
			"faces": {
				"north": {"uv": [11.75, 10, 12.25, 10.25], "texture": "#0"},
				"east": {"uv": [10.5, 6, 11.75, 6.25], "texture": "#0"},
				"south": {"uv": [11.75, 10.25, 12.25, 10.5], "texture": "#0"},
				"west": {"uv": [10.5, 6.25, 11.75, 6.5], "texture": "#0"},
				"up": {"uv": [6, 10, 5.5, 8.75], "texture": "#0"},
				"down": {"uv": [9.25, 8, 8.75, 9.25], "texture": "#0"}
			}
		},
		{
			"from": [11.5, 24, 9],
			"to": [12.5, 27, 14],
			"rotation": {"angle": 0, "axis": "y", "origin": [13.75, 19, 7.5]},
			"faces": {
				"north": {"uv": [9, 11.75, 9.25, 12.25], "texture": "#0"},
				"east": {"uv": [8.25, 3, 9.5, 3.5], "texture": "#0"},
				"south": {"uv": [10.5, 11.75, 10.75, 12.25], "texture": "#0"},
				"west": {"uv": [8.5, 1, 9.75, 1.5], "texture": "#0"},
				"up": {"uv": [7, 11.5, 6.75, 10.25], "texture": "#0"},
				"down": {"uv": [9.5, 10.25, 9.25, 11.5], "texture": "#0"}
			}
		},
		{
			"from": [10.5, 25, 4],
			"to": [12.5, 27, 9],
			"rotation": {"angle": 0, "axis": "y", "origin": [13.75, 19, 7.5]},
			"faces": {
				"north": {"uv": [11.75, 10.5, 12.25, 10.75], "texture": "#0"},
				"east": {"uv": [10.5, 6.5, 11.75, 6.75], "texture": "#0"},
				"south": {"uv": [10.75, 11.75, 11.25, 12], "texture": "#0"},
				"west": {"uv": [10.5, 7.5, 11.75, 7.75], "texture": "#0"},
				"up": {"uv": [1.5, 10.5, 1, 9.25], "texture": "#0"},
				"down": {"uv": [2, 9.25, 1.5, 10.5], "texture": "#0"}
			}
		},
		{
			"from": [11.5, 25, 1],
			"to": [12.5, 27, 4],
			"rotation": {"angle": 0, "axis": "y", "origin": [13.75, 19, 7.5]},
			"faces": {
				"north": {"uv": [12, 6, 12.25, 6.25], "texture": "#0"},
				"east": {"uv": [11, 7.75, 11.75, 8], "texture": "#0"},
				"south": {"uv": [12, 6.25, 12.25, 6.5], "texture": "#0"},
				"west": {"uv": [11, 8, 11.75, 8.25], "texture": "#0"},
				"up": {"uv": [6.75, 11.75, 6.5, 11], "texture": "#0"},
				"down": {"uv": [8, 11, 7.75, 11.75], "texture": "#0"}
			}
		},
		{
			"from": [10.5, 26, 1],
			"to": [11.5, 28, 4],
			"rotation": {"angle": 0, "axis": "y", "origin": [13.75, 19, 7.5]},
			"faces": {
				"north": {"uv": [12, 6.5, 12.25, 6.75], "texture": "#0"},
				"east": {"uv": [11, 8.25, 11.75, 8.5], "texture": "#0"},
				"south": {"uv": [6.75, 12, 7, 12.25], "texture": "#0"},
				"west": {"uv": [11, 8.5, 11.75, 8.75], "texture": "#0"},
				"up": {"uv": [8.25, 11.75, 8, 11], "texture": "#0"},
				"down": {"uv": [11.25, 9.25, 11, 10], "texture": "#0"}
			}
		},
		{
			"from": [9.5, 26, 1],
			"to": [10.5, 28, 8],
			"rotation": {"angle": 0, "axis": "y", "origin": [13.75, 19, 7.5]},
			"faces": {
				"north": {"uv": [12, 6.75, 12.25, 7], "texture": "#0"},
				"east": {"uv": [9.5, 7.25, 11.25, 7.5], "texture": "#0"},
				"south": {"uv": [12, 7, 12.25, 7.25], "texture": "#0"},
				"west": {"uv": [9.75, 1, 11.5, 1.25], "texture": "#0"},
				"up": {"uv": [6, 11.75, 5.75, 10], "texture": "#0"},
				"down": {"uv": [10.25, 7.75, 10, 9.5], "texture": "#0"}
			}
		},
		{
			"from": [7.5, 27, 1],
			"to": [9.5, 29, 8],
			"rotation": {"angle": 0, "axis": "y", "origin": [13.75, 19, 7.5]},
			"faces": {
				"north": {"uv": [11.75, 10.75, 12.25, 11], "texture": "#0"},
				"east": {"uv": [9.75, 1.25, 11.5, 1.5], "texture": "#0"},
				"south": {"uv": [11.75, 11, 12.25, 11.25], "texture": "#0"},
				"west": {"uv": [9.75, 1.5, 11.5, 1.75], "texture": "#0"},
				"up": {"uv": [7.5, 3.75, 7, 2], "texture": "#0"},
				"down": {"uv": [6, 7, 5.5, 8.75], "texture": "#0"}
			}
		},
		{
			"from": [4.5, 26, 2],
			"to": [6.5, 28, 8],
			"rotation": {"angle": 0, "axis": "y", "origin": [13.75, 19, 7.5]},
			"faces": {
				"north": {"uv": [11.25, 11.75, 11.75, 12], "texture": "#0"},
				"east": {"uv": [10.5, 1.75, 12, 2], "texture": "#0"},
				"south": {"uv": [11.75, 11.25, 12.25, 11.5], "texture": "#0"},
				"west": {"uv": [10.5, 2, 12, 2.25], "texture": "#0"},
				"up": {"uv": [4, 8.75, 3.5, 7.25], "texture": "#0"},
				"down": {"uv": [1.5, 7.75, 1, 9.25], "texture": "#0"}
			}
		},
		{
			"from": [5.5, 27, 2],
			"to": [7.5, 29, 8],
			"rotation": {"angle": 0, "axis": "y", "origin": [13.75, 19, 7.5]},
			"faces": {
				"north": {"uv": [11.75, 11.5, 12.25, 11.75], "texture": "#0"},
				"east": {"uv": [10.5, 3, 12, 3.25], "texture": "#0"},
				"south": {"uv": [11.75, 11.75, 12.25, 12], "texture": "#0"},
				"west": {"uv": [10.5, 3.25, 12, 3.5], "texture": "#0"},
				"up": {"uv": [2, 9.25, 1.5, 7.75], "texture": "#0"},
				"down": {"uv": [2.5, 7.75, 2, 9.25], "texture": "#0"}
			}
		},
		{
			"from": [9.5, 25, 8],
			"to": [10.5, 27, 12],
			"rotation": {"angle": 0, "axis": "y", "origin": [13.75, 19, 7.5]},
			"faces": {
				"north": {"uv": [12, 7.25, 12.25, 7.5], "texture": "#0"},
				"east": {"uv": [10.75, 2.25, 11.75, 2.5], "texture": "#0"},
				"south": {"uv": [12, 7.5, 12.25, 7.75], "texture": "#0"},
				"west": {"uv": [7.25, 10.75, 8.25, 11], "texture": "#0"},
				"up": {"uv": [5.5, 11.75, 5.25, 10.75], "texture": "#0"},
				"down": {"uv": [11, 7.75, 10.75, 8.75], "texture": "#0"}
			}
		},
		{
			"from": [10.5, 25, 9],
			"to": [11.5, 28, 12],
			"rotation": {"angle": 0, "axis": "y", "origin": [13.75, 19, 7.5]},
			"faces": {
				"north": {"uv": [12, 0, 12.25, 0.5], "texture": "#0"},
				"east": {"uv": [10.5, 4, 11.25, 4.5], "texture": "#0"},
				"south": {"uv": [0.5, 12, 0.75, 12.5], "texture": "#0"},
				"west": {"uv": [10.5, 4.5, 11.25, 5], "texture": "#0"},
				"up": {"uv": [10.25, 11.75, 10, 11], "texture": "#0"},
				"down": {"uv": [11.25, 10, 11, 10.75], "texture": "#0"}
			}
		},
		{
			"from": [8.5, 26, 8],
			"to": [9.5, 29, 12],
			"rotation": {"angle": 0, "axis": "y", "origin": [13.75, 19, 7.5]},
			"faces": {
				"north": {"uv": [1, 12, 1.25, 12.5], "texture": "#0"},
				"east": {"uv": [9.5, 3, 10.5, 3.5], "texture": "#0"},
				"south": {"uv": [1.25, 12, 1.5, 12.5], "texture": "#0"},
				"west": {"uv": [9.5, 5, 10.5, 5.5], "texture": "#0"},
				"up": {"uv": [8.5, 11.75, 8.25, 10.75], "texture": "#0"},
				"down": {"uv": [8.75, 10.75, 8.5, 11.75], "texture": "#0"}
			}
		},
		{
			"from": [5.5, 27, 8],
			"to": [8.5, 29, 12],
			"rotation": {"angle": 0, "axis": "y", "origin": [13.75, 19, 7.5]},
			"faces": {
				"north": {"uv": [10.25, 11, 11, 11.25], "texture": "#0"},
				"east": {"uv": [10.75, 8.75, 11.75, 9], "texture": "#0"},
				"south": {"uv": [11, 10.75, 11.75, 11], "texture": "#0"},
				"west": {"uv": [10.75, 9, 11.75, 9.25], "texture": "#0"},
				"up": {"uv": [8.25, 3.5, 7.5, 2.5], "texture": "#0"},
				"down": {"uv": [3.25, 7.75, 2.5, 8.75], "texture": "#0"}
			}
		},
		{
			"from": [4.5, 26, 8],
			"to": [7.5, 28, 14],
			"rotation": {"angle": 0, "axis": "y", "origin": [13.75, 19, 7.5]},
			"faces": {
				"north": {"uv": [11, 11, 11.75, 11.25], "texture": "#0"},
				"east": {"uv": [10.5, 5, 12, 5.25], "texture": "#0"},
				"south": {"uv": [11.25, 0, 12, 0.25], "texture": "#0"},
				"west": {"uv": [10.5, 5.25, 12, 5.5], "texture": "#0"},
				"up": {"uv": [0.75, 7.25, 0, 5.75], "texture": "#0"},
				"down": {"uv": [7, 5.5, 6.25, 7], "texture": "#0"}
			}
		},
		{
			"from": [4.5, 25, 14],
			"to": [7.5, 27, 17],
			"rotation": {"angle": 0, "axis": "y", "origin": [13.75, 19, 7.5]},
			"faces": {
				"north": {"uv": [11.25, 0.25, 12, 0.5], "texture": "#0"},
				"east": {"uv": [1, 11.25, 1.75, 11.5], "texture": "#0"},
				"south": {"uv": [11.25, 4, 12, 4.25], "texture": "#0"},
				"west": {"uv": [4.25, 11.25, 5, 11.5], "texture": "#0"},
				"up": {"uv": [9.5, 7.5, 8.75, 6.75], "texture": "#0"},
				"down": {"uv": [9.75, 1.5, 9, 2.25], "texture": "#0"}
			}
		},
		{
			"from": [4, 0, 8],
			"to": [11, 1, 9],
			"faces": {
				"north": {"uv": [9, 8, 12.5, 8.5], "texture": "#1"},
				"east": {"uv": [9.5, 0.5, 10, 1], "texture": "#1"},
				"south": {"uv": [9, 8.5, 12.5, 9], "texture": "#1"},
				"west": {"uv": [9.5, 1, 10, 1.5], "texture": "#1"},
				"up": {"uv": [12.5, 9.5, 9, 9], "texture": "#1"},
				"down": {"uv": [13, 0, 9.5, 0.5], "texture": "#1"}
			}
		},
		{
			"from": [10.2, 1.6, 8],
			"to": [27.2, 2.6, 9],
			"rotation": {"angle": 45, "axis": "z", "origin": [12.5, 1.5, 8.5]},
			"faces": {
				"north": {"uv": [0, 0, 8.5, 0.5], "texture": "#1"},
				"east": {"uv": [9.5, 1.5, 10, 2], "texture": "#1"},
				"south": {"uv": [0, 0.5, 8.5, 1], "texture": "#1"},
				"west": {"uv": [9.5, 2, 10, 2.5], "texture": "#1"},
				"up": {"uv": [8.5, 1.5, 0, 1], "texture": "#1"},
				"down": {"uv": [8.5, 1.5, 0, 2], "texture": "#1"}
			}
		},
		{
			"from": [1.11091, 5.09619, 8],
			"to": [2.11091, 22.09619, 9],
			"rotation": {"angle": 45, "axis": "z", "origin": [8.61091, 6.09619, 8.5]},
			"faces": {
				"north": {"uv": [0, 2, 0.5, 10.5], "texture": "#1"},
				"east": {"uv": [0.5, 2, 1, 10.5], "texture": "#1"},
				"south": {"uv": [1, 2, 1.5, 10.5], "texture": "#1"},
				"west": {"uv": [1.5, 2, 2, 10.5], "texture": "#1"},
				"up": {"uv": [10, 3, 9.5, 2.5], "texture": "#1"},
				"down": {"uv": [10, 3, 9.5, 3.5], "texture": "#1"}
			}
		},
		{
			"from": [-2.14214, 7.21591, 11.22836],
			"to": [-1.14214, 23.21591, 12.22836],
			"rotation": {"angle": 22.5, "axis": "x", "origin": [-1.64214, 14.21591, 7.72836]},
			"faces": {
				"north": {"uv": [2, 2, 2.5, 10], "texture": "#1"},
				"east": {"uv": [2.5, 2, 3, 10], "texture": "#1"},
				"south": {"uv": [3, 2, 3.5, 10], "texture": "#1"},
				"west": {"uv": [3.5, 2, 4, 10], "texture": "#1"},
				"up": {"uv": [10, 4, 9.5, 3.5], "texture": "#1"},
				"down": {"uv": [10, 4, 9.5, 4.5], "texture": "#1"}
			}
		},
		{
			"from": [-2.14214, 7.60906, 5.30656],
			"to": [-1.14214, 24.60906, 6.30656],
			"rotation": {"angle": -22.5, "axis": "x", "origin": [-1.64214, 13.60906, 11.80656]},
			"faces": {
				"north": {"uv": [4, 2, 4.5, 10], "texture": "#1"},
				"east": {"uv": [4.5, 2, 5, 10], "texture": "#1"},
				"south": {"uv": [5, 2, 5.5, 10], "texture": "#1"},
				"west": {"uv": [5.5, 2, 6, 10], "texture": "#1"},
				"up": {"uv": [10, 5, 9.5, 4.5], "texture": "#1"},
				"down": {"uv": [10, 5, 9.5, 5.5], "texture": "#1"}
			}
		},
		{
			"from": [15.85786, 7.60906, 5.30656],
			"to": [16.85786, 25.60906, 6.30656],
			"rotation": {"angle": -22.5, "axis": "x", "origin": [16.35786, 13.60906, 11.80656]},
			"faces": {
				"north": {"uv": [6, 2, 6.5, 10], "texture": "#1"},
				"east": {"uv": [6.5, 2, 7, 10], "texture": "#1"},
				"south": {"uv": [7, 2, 7.5, 10], "texture": "#1"},
				"west": {"uv": [7.5, 2, 8, 10], "texture": "#1"},
				"up": {"uv": [10, 6, 9.5, 5.5], "texture": "#1"},
				"down": {"uv": [10, 6, 9.5, 6.5], "texture": "#1"}
			}
		},
		{
			"from": [15.85786, 7.21591, 11.22836],
			"to": [16.85786, 24.21591, 12.22836],
			"rotation": {"angle": 22.5, "axis": "x", "origin": [16.35786, 14.21591, 7.72836]},
			"faces": {
				"north": {"uv": [8, 2, 8.5, 10], "texture": "#1"},
				"east": {"uv": [8.5, 0, 9, 8], "texture": "#1"},
				"south": {"uv": [8.5, 8, 9, 16], "texture": "#1"},
				"west": {"uv": [9, 0, 9.5, 8], "texture": "#1"},
				"up": {"uv": [10, 7, 9.5, 6.5], "texture": "#1"},
				"down": {"uv": [10, 7, 9.5, 7.5], "texture": "#1"}
			}
		}
	],
	"display": {
		"thirdperson_righthand": {
			"rotation": [62.25, 0, 0],
			"translation": [-5.75, 3, 7.5],
			"scale": [1.4043, 1, 1]
		},
		"thirdperson_lefthand": {
			"rotation": [62.2, 0, 0],
			"translation": [-5.75, 3, 7.5],
			"scale": [1.37, 1, 1]
		},
		"firstperson_righthand": {
			"translation": [-8.25, 0.75, 7.25]
		},
		"firstperson_lefthand": {
			"translation": [-8.25, 0.75, 7.25]
		},
		"ground": {
			"translation": [0, 1.5, 0],
			"scale": [0.6, 0.5, 0.5]
		},
		"gui": {
			"translation": [0.25, -2.5, 0],
			"scale": [0.5, 0.4, 0.4]
		},
		"head": {
			"translation": [0.25, 14, 0],
			"scale": [1.38, 1, 1]
		},
		"fixed": {
			"translation": [0.5, -2, -4.75],
			"scale": [0.6, 0.5, 0.5]
		}
	},
	"groups": [
		{
			"name": "parachute",
			"origin": [16.35786, 14.21591, 7.72836],
			"color": 0,
			"children": [
				{
					"name": "right parachute",
					"origin": [0, 0, 0],
					"color": 0,
					"children": [0, 1, 2, 3, 4, 5, 6, 7, 8, 9, 10, 11, 12, 13, 14, 15, 16, 17, 18, 19, 20, 21]
				},
				{
					"name": "left parachute",
					"origin": [0, 0, 0],
					"color": 0,
					"children": [22, 23, 24, 25, 26, 27, 28, 29, 30, 31, 32, 33, 34, 35, 36, 37, 38, 39, 40, 41, 42, 43, 44, 45, 46, 47, 48, 49, 50, 51, 52, 53, 54, 55]
				}
			]
		},
		{
			"name": "string",
			"origin": [16.35786, 14.21591, 7.72836],
			"color": 0,
			"children": [56, 57, 58, 59, 60, 61, 62]
		}
	]
}