{
	"credit": "Made with Blockbench",
	"texture_size": [64, 64],
	"textures": {
		"0": "custom/steelframe1texture",
		"particle": "custom/steelframe1texture"
	},
	"elements": [
		{
			"from": [6, 0, 2],
			"to": [8, 2, 14],
			"faces": {
				"north": {"uv": [1, 7.5, 1.5, 8], "texture": "#0"},
				"east": {"uv": [0, 0, 3, 0.5], "texture": "#0"},
				"south": {"uv": [1.5, 7.5, 2, 8], "texture": "#0"},
				"west": {"uv": [0, 0.5, 3, 1], "texture": "#0"},
				"up": {"uv": [0.5, 4, 0, 1], "texture": "#0"},
				"down": {"uv": [1, 1, 0.5, 4], "texture": "#0"}
			}
		},
		{
			"from": [8, 0, 2],
			"to": [8.25, 2, 14],
			"faces": {
				"north": {"uv": [5, 7.5, 5.25, 8], "texture": "#0"},
				"east": {"uv": [1, 1, 4, 1.5], "texture": "#0"},
				"south": {"uv": [5.25, 7.5, 5.5, 8], "texture": "#0"},
				"west": {"uv": [1, 1.5, 4, 2], "texture": "#0"},
				"up": {"uv": [0.25, 10, 0, 7], "texture": "#0"},
				"down": {"uv": [0.5, 7, 0.25, 10], "texture": "#0"}
			}
		},
		{
			"from": [5.75, 0, 2],
			"to": [6, 2, 14],
			"faces": {
				"north": {"uv": [5.5, 7.5, 5.75, 8], "texture": "#0"},
				"east": {"uv": [1, 2, 4, 2.5], "texture": "#0"},
				"south": {"uv": [5.75, 7.5, 6, 8], "texture": "#0"},
				"west": {"uv": [1, 2.5, 4, 3], "texture": "#0"},
				"up": {"uv": [0.75, 10, 0.5, 7], "texture": "#0"},
				"down": {"uv": [1, 7, 0.75, 10], "texture": "#0"}
			}
		},
		{
			"from": [6, 2, 2],
			"to": [8, 2.25, 14],
			"faces": {
				"north": {"uv": [6, 7.5, 6.5, 7.75], "texture": "#0"},
				"east": {"uv": [1, 7, 4, 7.25], "texture": "#0"},
				"south": {"uv": [6.5, 7.5, 7, 7.75], "texture": "#0"},
				"west": {"uv": [7, 1, 10, 1.25], "texture": "#0"},
				"up": {"uv": [1.5, 6, 1, 3], "texture": "#0"},
				"down": {"uv": [2, 3, 1.5, 6], "texture": "#0"}
			}
		},
		{
			"from": [6, -0.25, 2],
			"to": [8, 0, 14],
			"faces": {
				"north": {"uv": [7, 7.5, 7.5, 7.75], "texture": "#0"},
				"east": {"uv": [7, 1.25, 10, 1.5], "texture": "#0"},
				"south": {"uv": [7.5, 7.5, 8, 7.75], "texture": "#0"},
				"west": {"uv": [7, 1.5, 10, 1.75], "texture": "#0"},
				"up": {"uv": [2.5, 6, 2, 3], "texture": "#0"},
				"down": {"uv": [3, 3, 2.5, 6], "texture": "#0"}
			}
		},
		{
			"from": [10, 0, 2],
			"to": [12, 2, 14],
			"faces": {
				"north": {"uv": [2, 7.5, 2.5, 8], "texture": "#0"},
				"east": {"uv": [3, 0, 6, 0.5], "texture": "#0"},
				"south": {"uv": [2.5, 7.5, 3, 8], "texture": "#0"},
				"west": {"uv": [3, 0.5, 6, 1], "texture": "#0"},
				"up": {"uv": [3.5, 6, 3, 3], "texture": "#0"},
				"down": {"uv": [4, 3, 3.5, 6], "texture": "#0"}
			}
		},
		{
			"from": [12, 0, 2],
			"to": [12.25, 2, 14],
			"faces": {
				"north": {"uv": [6, 7.75, 6.25, 8.25], "texture": "#0"},
				"east": {"uv": [4, 1, 7, 1.5], "texture": "#0"},
				"south": {"uv": [6.25, 7.75, 6.5, 8.25], "texture": "#0"},
				"west": {"uv": [4, 1.5, 7, 2], "texture": "#0"},
				"up": {"uv": [4.25, 10, 4, 7], "texture": "#0"},
				"down": {"uv": [4.5, 7, 4.25, 10], "texture": "#0"}
			}
		},
		{
			"from": [9.75, 0, 2],
			"to": [10, 2, 14],
			"faces": {
				"north": {"uv": [6.5, 7.75, 6.75, 8.25], "texture": "#0"},
				"east": {"uv": [4, 2, 7, 2.5], "texture": "#0"},
				"south": {"uv": [6.75, 7.75, 7, 8.25], "texture": "#0"},
				"west": {"uv": [4, 2.5, 7, 3], "texture": "#0"},
				"up": {"uv": [4.75, 10, 4.5, 7], "texture": "#0"},
				"down": {"uv": [5, 7, 4.75, 10], "texture": "#0"}
			}
		},
		{
			"from": [10, 2, 2],
			"to": [12, 2.25, 14],
			"faces": {
				"north": {"uv": [7, 7.75, 7.5, 8], "texture": "#0"},
				"east": {"uv": [7, 1.75, 10, 2], "texture": "#0"},
				"south": {"uv": [7.5, 7.75, 8, 8], "texture": "#0"},
				"west": {"uv": [7, 2, 10, 2.25], "texture": "#0"},
				"up": {"uv": [0.5, 7, 0, 4], "texture": "#0"},
				"down": {"uv": [1, 4, 0.5, 7], "texture": "#0"}
			}
		},
		{
			"from": [10, -0.25, 2],
			"to": [12, 0, 14],
			"faces": {
				"north": {"uv": [1, 8, 1.5, 8.25], "texture": "#0"},
				"east": {"uv": [7, 2.25, 10, 2.5], "texture": "#0"},
				"south": {"uv": [1.5, 8, 2, 8.25], "texture": "#0"},
				"west": {"uv": [7, 2.5, 10, 2.75], "texture": "#0"},
				"up": {"uv": [4.5, 6, 4, 3], "texture": "#0"},
				"down": {"uv": [5, 3, 4.5, 6], "texture": "#0"}
			}
		},
		{
			"from": [3.19239, 2, 7.19239],
			"to": [15.19239, 4, 9.19239],
			"rotation": {"angle": -22.5, "axis": "y", "origin": [9.19239, 3, 9.19239]},
			"faces": {
				"north": {"uv": [5, 3, 8, 3.5], "texture": "#0"},
				"east": {"uv": [3, 7.5, 3.5, 8], "texture": "#0"},
				"south": {"uv": [5, 3.5, 8, 4], "texture": "#0"},
				"west": {"uv": [3.5, 7.5, 4, 8], "texture": "#0"},
				"up": {"uv": [8, 4.5, 5, 4], "texture": "#0"},
				"down": {"uv": [8, 4.5, 5, 5], "texture": "#0"}
			}
		},
		{
			"from": [3.19239, 2, 6.94239],
			"to": [15.19239, 4, 7.19239],
			"rotation": {"angle": -22.5, "axis": "y", "origin": [9.19239, 3, 9.19239]},
			"faces": {
				"north": {"uv": [5, 5, 8, 5.5], "texture": "#0"},
				"east": {"uv": [2, 8, 2.25, 8.5], "texture": "#0"},
				"south": {"uv": [5, 5.5, 8, 6], "texture": "#0"},
				"west": {"uv": [2.25, 8, 2.5, 8.5], "texture": "#0"},
				"up": {"uv": [10, 3, 7, 2.75], "texture": "#0"},
				"down": {"uv": [8, 7, 5, 7.25], "texture": "#0"}
			}
		},
		{
			"from": [3.19239, 2, 9.19239],
			"to": [15.19239, 4, 9.44239],
			"rotation": {"angle": -22.5, "axis": "y", "origin": [9.19239, 3, 9.19239]},
			"faces": {
				"north": {"uv": [6, 0, 9, 0.5], "texture": "#0"},
				"east": {"uv": [2.5, 8, 2.75, 8.5], "texture": "#0"},
				"south": {"uv": [6, 0.5, 9, 1], "texture": "#0"},
				"west": {"uv": [2.75, 8, 3, 8.5], "texture": "#0"},
				"up": {"uv": [10, 6.25, 7, 6], "texture": "#0"},
				"down": {"uv": [10, 6.25, 7, 6.5], "texture": "#0"}
			}
		},
		{
			"from": [3.19239, 4, 7.19239],
			"to": [15.19239, 4.25, 9.19239],
			"rotation": {"angle": -22.5, "axis": "y", "origin": [9.19239, 3, 9.19239]},
			"faces": {
				"north": {"uv": [7, 6.5, 10, 6.75], "texture": "#0"},
				"east": {"uv": [3, 8, 3.5, 8.25], "texture": "#0"},
				"south": {"uv": [7, 6.75, 10, 7], "texture": "#0"},
				"west": {"uv": [8, 3, 8.5, 3.25], "texture": "#0"},
				"up": {"uv": [4, 6.5, 1, 6], "texture": "#0"},
				"down": {"uv": [7, 6, 4, 6.5], "texture": "#0"}
			}
		},
		{
			"from": [3.19239, 1.75, 7.19239],
			"to": [15.19239, 2, 9.19239],
			"rotation": {"angle": -22.5, "axis": "y", "origin": [9.19239, 3, 9.19239]},
			"faces": {
				"north": {"uv": [1, 7.25, 4, 7.5], "texture": "#0"},
				"east": {"uv": [8, 3.25, 8.5, 3.5], "texture": "#0"},
				"south": {"uv": [5, 7.25, 8, 7.5], "texture": "#0"},
				"west": {"uv": [3.5, 8, 4, 8.25], "texture": "#0"},
				"up": {"uv": [4, 7, 1, 6.5], "texture": "#0"},
				"down": {"uv": [7, 6.5, 4, 7], "texture": "#0"}
			}
		}
	],
	"display": {
		"thirdperson_righthand": {
			"rotation": [47.32, -44.44, -14.47],
			"translation": [0.25, 3, 3.5],
			"scale": [0.5, 0.5, 0.5]
		},
		"thirdperson_lefthand": {
			"rotation": [47.32, -44.44, -14.47],
			"translation": [0.25, 3, 3.5],
			"scale": [0.5, 0.5, 0.5]
		},
		"firstperson_righthand": {
			"rotation": [10.42, -67.72, 11.52],
			"translation": [1.25, 3.75, -6.5]
		},
		"firstperson_lefthand": {
			"rotation": [145.79, -82.99, 147.87],
			"translation": [1.25, 3.75, -3.75]
		},
		"ground": {
			"translation": [0, 2.75, 0],
			"scale": [0.75, 0.75, 0.75]
		},
		"gui": {
			"rotation": [9.37, -14.4, -6.75],
			"translation": [-0.25, 5.5, 0]
		},
		"head": {
			"translation": [0, 14.75, 0]
		},
		"fixed": {
			"rotation": [-90, -23.25, 0],
			"translation": [-0.75, 0, -7]
		}
	},
	"groups": [
		{
			"name": "steel",
			"origin": [9.19239, 3, 9.19239],
			"color": 0,
			"nbt": "{}",
			"armAnimationEnabled": false,
			"children": [
				{
					"name": "frame1",
					"origin": [9.19239, 3, 9.19239],
					"color": 0,
					"nbt": "{}",
					"armAnimationEnabled": false,
					"children": [0, 1, 2, 3, 4, 5, 6, 7, 8, 9, 10, 11, 12, 13, 14]
				}
			]
		}
	]
}