{
	"credit": "Made with Blockbench",
	"texture_size": [32, 32],
	"textures": {
		"0": "custom/vssframe2texture",
		"particle": "custom/vssframe2texture"
	},
	"elements": [
		{
			"from": [7, 4, 7],
			"to": [9, 6, 11],
			"faces": {
				"north": {"uv": [9.5, 6, 10.5, 7], "texture": "#0"},
				"east": {"uv": [6, 3, 8, 4], "texture": "#0"},
				"south": {"uv": [9.5, 7, 10.5, 8], "texture": "#0"},
				"west": {"uv": [6, 4, 8, 5], "texture": "#0"},
				"up": {"uv": [6, 8, 5, 6], "texture": "#0"},
				"down": {"uv": [7, 6, 6, 8], "texture": "#0"}
			}
		},
		{
			"from": [7, 2, 7],
			"to": [9, 4, 10],
			"faces": {
				"north": {"uv": [7.5, 9.5, 8.5, 10.5], "texture": "#0"},
				"east": {"uv": [8, 4, 9.5, 5], "texture": "#0"},
				"south": {"uv": [2, 10, 3, 11], "texture": "#0"},
				"west": {"uv": [8, 7, 9.5, 8], "texture": "#0"},
				"up": {"uv": [9, 9.5, 8, 8], "texture": "#0"},
				"down": {"uv": [9.5, 0, 8.5, 1.5], "texture": "#0"}
			}
		},
		{
			"from": [7, 4, 6.5],
			"to": [9, 6, 7],
			"faces": {
				"north": {"uv": [7.5, 9.5, 8.5, 10.5], "texture": "#0"},
				"east": {"uv": [8, 4, 9.5, 5], "texture": "#0"},
				"south": {"uv": [2, 10, 3, 11], "texture": "#0"},
				"west": {"uv": [8, 7, 9.5, 8], "texture": "#0"},
				"up": {"uv": [9, 9.5, 8, 8], "texture": "#0"},
				"down": {"uv": [9.5, 0, 8.5, 1.5], "texture": "#0"}
			}
		},
		{
			"from": [7, 0, 7],
			"to": [9, 2, 8.8],
			"faces": {
				"north": {"uv": [7.5, 9.5, 8.5, 10.5], "texture": "#0"},
				"east": {"uv": [8, 4, 9.5, 5], "texture": "#0"},
				"south": {"uv": [2, 10, 3, 11], "texture": "#0"},
				"west": {"uv": [8, 7, 9.5, 8], "texture": "#0"},
				"up": {"uv": [9, 9.5, 8, 8], "texture": "#0"},
				"down": {"uv": [9.5, 0, 8.5, 1.5], "texture": "#0"}
			}
		}
	],
	"display": {
		"thirdperson_righthand": {
			"rotation": [68, -180, 0],
			"translation": [0.5, 2.5, 8],
			"scale": [0.9, 0.9, 0.9]
		},
		"thirdperson_lefthand": {
			"rotation": [68, -180, 0],
			"translation": [0.5, 2.5, 8],
			"scale": [0.9, 0.9, 0.9]
		},
		"firstperson_righthand": {
			"rotation": [0, -180, 0],
			"translation": [-0.5, 6.25, 0.75]
		},
		"firstperson_lefthand": {
			"rotation": [0, -180, 0],
			"translation": [-0.5, 6.25, 0.75]
		},
		"ground": {
			"translation": [0, 6.5, 0]
		},
		"gui": {
			"rotation": [0, 77.5, 0],
			"translation": [-0.75, 6, 0],
			"scale": [1.3, 1.3, 1.3]
		},
		"head": {
			"rotation": [13.75, 0, 0],
			"translation": [0, 0.25, -5.5]
		},
		"fixed": {
			"rotation": [0, -90, 0],
			"translation": [0, 6.25, -0.25],
			"scale": [1.4, 1.4, 1.4]
		}
	},
	"groups": [
		{
			"name": "vss",
			"origin": [0, 0, 0],
			"color": 0,
			"nbt": "{}",
			"armAnimationEnabled": false,
			"children": [
				{
					"name": "frame2",
					"origin": [0, 0, 0],
					"color": 0,
					"nbt": "{}",
					"armAnimationEnabled": false,
					"children": [0, 1, 2, 3]
				}
			]
		}
	]
}