{
	"credit": "Made with Blockbench",
	"textures": {
		"0": "custom/sword_texture",
		"particle": "custom/sword_texture"
	},
	"elements": [
		{
			"from": [6, 6, 8],
			"to": [10, 17, 9],
			"faces": {
				"north": {"uv": [2, 0, 6, 8], "texture": "#0"},
				"east": {"uv": [2, 8, 3, 16], "texture": "#0"},
				"south": {"uv": [4, 0, 8, 8], "texture": "#0"},
				"west": {"uv": [3, 8, 4, 16], "texture": "#0"},
				"up": {"uv": [10, 9, 6, 8], "texture": "#0"},
				"down": {"uv": [10, 9, 6, 10], "texture": "#0"}
			}
		},
		{
			"from": [7, 17, 8],
			"to": [9, 22, 9],
			"faces": {
				"north": {"uv": [0, 8, 2, 16], "texture": "#0"},
				"east": {"uv": [4, 8, 5, 16], "texture": "#0"},
				"south": {"uv": [8, 0, 10, 8], "texture": "#0"},
				"west": {"uv": [5, 8, 6, 16], "texture": "#0"},
				"up": {"uv": [12, 1, 10, 0], "texture": "#0"},
				"down": {"uv": [12, 1, 10, 2], "texture": "#0"}
			}
		},
		{
			"from": [2, 1, 8],
			"to": [8, 3, 9],
			"rotation": {"angle": -45, "axis": "z", "origin": [10, 3, 8.5]},
			"faces": {
				"north": {"uv": [0, 0, 2, 6], "rotation": 90, "texture": "#0"},
				"east": {"uv": [0, 0, 2, 1], "rotation": 270, "texture": "#0"},
				"south": {"uv": [14, 0, 16, 6], "rotation": 270, "texture": "#0"},
				"west": {"uv": [0, 0, 2, 1], "rotation": 270, "texture": "#0"},
				"up": {"uv": [0, 0, 1, 6], "rotation": 270, "texture": "#0"},
				"down": {"uv": [0, 0, 1, 6], "rotation": 270, "texture": "#0"}
			}
		},
		{
			"from": [7, 0, 8],
			"to": [9, 6, 9],
			"faces": {
				"north": {"uv": [0, 0, 2, 6], "texture": "#0"},
				"east": {"uv": [0, 0, 1, 6], "texture": "#0"},
				"south": {"uv": [0, 0, 2, 6], "texture": "#0"},
				"west": {"uv": [0, 0, 1, 6], "texture": "#0"},
				"up": {"uv": [0, 0, 2, 1], "texture": "#0"},
				"down": {"uv": [0, 0, 2, 1], "texture": "#0"}
			}
		},
		{
			"from": [7, 2, 8],
			"to": [9, 8, 9],
			"rotation": {"angle": -45, "axis": "z", "origin": [10, 3, 8.5]},
			"faces": {
				"north": {"uv": [0, 0, 2, 6], "texture": "#0"},
				"east": {"uv": [0, 0, 1, 6], "texture": "#0"},
				"south": {"uv": [0, 0, 2, 6], "texture": "#0"},
				"west": {"uv": [0, 0, 1, 6], "texture": "#0"},
				"up": {"uv": [0, 0, 2, 1], "texture": "#0"},
				"down": {"uv": [0, 0, 2, 1], "texture": "#0"}
			}
		}
	],
	"display": {
		"thirdperson_righthand": {
			"rotation": [0, 90, 0],
			"translation": [0, 6, 1.5]
		},
		"thirdperson_lefthand": {
			"rotation": [0, 90, 0],
			"translation": [0, 6, 1.5]
		},
		"firstperson_righthand": {
			"rotation": [-1.75, 90, 0],
			"translation": [0, 2, -2.25]
		},
		"firstperson_lefthand": {
			"rotation": [-1, 90, 0],
			"translation": [0, 2, -2.25]
		},
		"ground": {
			"rotation": [-0.43, -0.02, 11],
			"translation": [0, 0.5, 0],
			"scale": [0.5, 0.5, 0.5]
		},
		"gui": {
			"rotation": [0, 0, -33.75],
			"translation": [0, -1.5, 0],
			"scale": [0.75, 0.75, 0.75]
		},
		"head": {
			"rotation": [-56.5, 0, 0],
			"translation": [0, -0.75, 0]
		},
		"fixed": {
			"rotation": [0, 0, 21.25],
			"translation": [0.5, -1, -0.75],
			"scale": [0.75, 0.75, 0.75]
		}
	},
	"groups": [
		{
			"name": "blade",
			"origin": [0, 0, 0],
			"color": 0,
			"children": [0, 1]
		},
		{
			"name": "handle",
			"origin": [10, 3, 8.5],
			"color": 0,
			"children": [2, 3, 4]
		}
	]
}