{
	"credit": "Made with Blockbench",
	"texture_size": [32, 32],
	"textures": {
		"0": "custom/frame1chiptexture",
		"particle": "custom/frame1chiptexture"
	},
	"elements": [
		{
			"from": [6, 0, 2],
			"to": [8, 0.5, 3],
			"faces": {
				"north": {"uv": [2.5, 7.5, 3.5, 8], "texture": "#0"},
				"east": {"uv": [8, 3.5, 8.5, 4], "texture": "#0"},
				"south": {"uv": [3.5, 7.5, 4.5, 8], "texture": "#0"},
				"west": {"uv": [5, 8, 5.5, 8.5], "texture": "#0"},
				"up": {"uv": [8.5, 4.5, 7.5, 4], "texture": "#0"},
				"down": {"uv": [5.5, 7.5, 4.5, 8], "texture": "#0"}
			}
		},
		{
			"from": [5, 0, 3],
			"to": [9, 0.5, 4],
			"faces": {
				"north": {"uv": [6.5, 0.5, 8.5, 1], "texture": "#0"},
				"east": {"uv": [8, 5, 8.5, 5.5], "texture": "#0"},
				"south": {"uv": [2.5, 6.5, 4.5, 7], "texture": "#0"},
				"west": {"uv": [5.5, 8, 6, 8.5], "texture": "#0"},
				"up": {"uv": [6.5, 7, 4.5, 6.5], "texture": "#0"},
				"down": {"uv": [8.5, 4.5, 6.5, 5], "texture": "#0"}
			}
		},
		{
			"from": [5, 0, 4],
			"to": [10, 0.5, 6],
			"faces": {
				"north": {"uv": [0, 6.5, 2.5, 7], "texture": "#0"},
				"east": {"uv": [5.5, 7.5, 6.5, 8], "texture": "#0"},
				"south": {"uv": [6.5, 0, 9, 0.5], "texture": "#0"},
				"west": {"uv": [6.5, 7.5, 7.5, 8], "texture": "#0"},
				"up": {"uv": [2.5, 5, 0, 4], "texture": "#0"},
				"down": {"uv": [6.5, 0, 4, 1], "texture": "#0"}
			}
		},
		{
			"from": [3, 0, 6],
			"to": [11, 0.5, 10],
			"faces": {
				"north": {"uv": [4, 2.5, 8, 3], "texture": "#0"},
				"east": {"uv": [6.5, 6.5, 8.5, 7], "texture": "#0"},
				"south": {"uv": [4, 3, 8, 3.5], "texture": "#0"},
				"west": {"uv": [0, 7, 2, 7.5], "texture": "#0"},
				"up": {"uv": [4, 2, 0, 0], "texture": "#0"},
				"down": {"uv": [4, 2, 0, 4], "texture": "#0"}
			}
		},
		{
			"from": [3, 0, 10],
			"to": [13, 0.5, 11],
			"faces": {
				"north": {"uv": [4, 1, 9, 1.5], "texture": "#0"},
				"east": {"uv": [6, 8, 6.5, 8.5], "texture": "#0"},
				"south": {"uv": [4, 1.5, 9, 2], "texture": "#0"},
				"west": {"uv": [6.5, 8, 7, 8.5], "texture": "#0"},
				"up": {"uv": [9, 2.5, 4, 2], "texture": "#0"},
				"down": {"uv": [7.5, 4, 2.5, 4.5], "texture": "#0"}
			}
		},
		{
			"from": [5, 0, 11],
			"to": [13, 0.5, 12],
			"faces": {
				"north": {"uv": [4, 3.5, 8, 4], "texture": "#0"},
				"east": {"uv": [7, 8, 7.5, 8.5], "texture": "#0"},
				"south": {"uv": [2.5, 4.5, 6.5, 5], "texture": "#0"},
				"west": {"uv": [8, 7, 8.5, 7.5], "texture": "#0"},
				"up": {"uv": [4, 5.5, 0, 5], "texture": "#0"},
				"down": {"uv": [8, 5, 4, 5.5], "texture": "#0"}
			}
		},
		{
			"from": [7, 0, 12],
			"to": [14, 0.5, 13],
			"faces": {
				"north": {"uv": [0, 5.5, 3.5, 6], "texture": "#0"},
				"east": {"uv": [7.5, 8, 8, 8.5], "texture": "#0"},
				"south": {"uv": [3.5, 5.5, 7, 6], "texture": "#0"},
				"west": {"uv": [8, 8, 8.5, 8.5], "texture": "#0"},
				"up": {"uv": [3.5, 6.5, 0, 6], "texture": "#0"},
				"down": {"uv": [7, 6, 3.5, 6.5], "texture": "#0"}
			}
		},
		{
			"from": [9, 0, 13],
			"to": [13, 0.5, 14],
			"faces": {
				"north": {"uv": [2, 7, 4, 7.5], "texture": "#0"},
				"east": {"uv": [0, 8.5, 0.5, 9], "texture": "#0"},
				"south": {"uv": [4, 7, 6, 7.5], "texture": "#0"},
				"west": {"uv": [0.5, 8.5, 1, 9], "texture": "#0"},
				"up": {"uv": [9, 6, 7, 5.5], "texture": "#0"},
				"down": {"uv": [8, 7, 6, 7.5], "texture": "#0"}
			}
		},
		{
			"from": [11, 0, 14],
			"to": [13, 0.5, 15],
			"faces": {
				"north": {"uv": [7.5, 7.5, 8.5, 8], "texture": "#0"},
				"east": {"uv": [8.5, 0.5, 9, 1], "texture": "#0"},
				"south": {"uv": [0, 8, 1, 8.5], "texture": "#0"},
				"west": {"uv": [2.5, 8.5, 3, 9], "texture": "#0"},
				"up": {"uv": [3.5, 8.5, 2.5, 8], "texture": "#0"},
				"down": {"uv": [9, 2.5, 8, 3], "texture": "#0"}
			}
		},
		{
			"from": [11, 0, 8],
			"to": [12, 0.5, 10],
			"faces": {
				"north": {"uv": [3, 8.5, 3.5, 9], "texture": "#0"},
				"east": {"uv": [8, 3, 9, 3.5], "texture": "#0"},
				"south": {"uv": [3.5, 8.5, 4, 9], "texture": "#0"},
				"west": {"uv": [3.5, 8, 4.5, 8.5], "texture": "#0"},
				"up": {"uv": [1.5, 9, 1, 8], "texture": "#0"},
				"down": {"uv": [5, 8, 4.5, 9], "texture": "#0"}
			}
		},
		{
			"from": [2, 0, 7],
			"to": [3, 0.5, 10],
			"faces": {
				"north": {"uv": [8.5, 3.5, 9, 4], "texture": "#0"},
				"east": {"uv": [7, 6, 8.5, 6.5], "texture": "#0"},
				"south": {"uv": [4, 8.5, 4.5, 9], "texture": "#0"},
				"west": {"uv": [0, 7.5, 1.5, 8], "texture": "#0"},
				"up": {"uv": [2, 9, 1.5, 7.5], "texture": "#0"},
				"down": {"uv": [2.5, 7.5, 2, 9], "texture": "#0"}
			}
		},
		{
			"from": [1, 0, 9],
			"to": [2, 0.5, 10],
			"faces": {
				"north": {"uv": [8.5, 4, 9, 4.5], "texture": "#0"},
				"east": {"uv": [8.5, 4.5, 9, 5], "texture": "#0"},
				"south": {"uv": [5, 8.5, 5.5, 9], "texture": "#0"},
				"west": {"uv": [8.5, 5, 9, 5.5], "texture": "#0"},
				"up": {"uv": [6, 9, 5.5, 8.5], "texture": "#0"},
				"down": {"uv": [6.5, 8.5, 6, 9], "texture": "#0"}
			}
		},
		{
			"from": [4, 0, 5],
			"to": [5, 0.5, 6],
			"faces": {
				"north": {"uv": [8.5, 6, 9, 6.5], "texture": "#0"},
				"east": {"uv": [6.5, 8.5, 7, 9], "texture": "#0"},
				"south": {"uv": [8.5, 6.5, 9, 7], "texture": "#0"},
				"west": {"uv": [7, 8.5, 7.5, 9], "texture": "#0"},
				"up": {"uv": [9, 7.5, 8.5, 7], "texture": "#0"},
				"down": {"uv": [8, 8.5, 7.5, 9], "texture": "#0"}
			}
		}
	],
	"display": {
		"thirdperson_righthand": {
			"rotation": [25, -180, 0],
			"translation": [0, 2.25, 0.25],
			"scale": [0.25, 0.25, 0.25]
		},
		"thirdperson_lefthand": {
			"rotation": [25, -180, 0],
			"translation": [0, 2.25, 0.25],
			"scale": [0.25, 0.25, 0.25]
		},
		"firstperson_righthand": {
			"rotation": [-180, 20.75, -180],
			"translation": [5.5, -1.25, -15]
		},
		"firstperson_lefthand": {
			"rotation": [-180, 20.75, -180],
			"translation": [5.5, -1.25, -15]
		},
		"ground": {
			"translation": [0, 0.75, 0],
			"scale": [0.5, 0.5, 0.5]
		},
		"gui": {
			"rotation": [-90, 0, 180],
			"translation": [-0.5, 0, 0],
			"scale": [0.75, 0.75, 0.75]
		},
		"head": {
			"translation": [0, 11.75, -6.25]
		},
		"fixed": {
			"rotation": [-90, 0, 0],
			"translation": [0, 0, -7.25]
		}
	},
	"groups": [
		{
			"name": "chip",
			"origin": [0, 0, 0],
			"color": 0,
			"nbt": "{}",
			"armAnimationEnabled": false,
			"children": [0, 1, 2, 3, 4, 5, 6, 7, 8, 9, 10, 11, 12]
		}
	]
}