{
	"credit": "Made with Blockbench",
	"textures": {
		"2": "custom/rpgframe2texture",
		"particle": "custom/rpgframe3texture"
	},
	"elements": [
		{
			"from": [7, 1, 0],
			"to": [9, 3, 2],
			"faces": {
				"north": {"uv": [11, 0, 13, 2], "texture": "#2"},
				"east": {"uv": [5, 11, 7, 13], "texture": "#2"},
				"south": {"uv": [11, 5, 13, 7], "texture": "#2"},
				"west": {"uv": [0, 12, 2, 14], "texture": "#2"},
				"up": {"uv": [4, 14, 2, 12], "texture": "#2"},
				"down": {"uv": [14, 2, 12, 4], "texture": "#2"}
			}
		},
		{
			"from": [7.1, 1.1, 2],
			"to": [8.9, 2.9, 10],
			"faces": {
				"north": {"uv": [11, 0, 13, 2], "texture": "#2"},
				"east": {"uv": [5, 11, 7, 13], "texture": "#2"},
				"south": {"uv": [11, 5, 13, 7], "texture": "#2"},
				"west": {"uv": [0, 12, 2, 14], "texture": "#2"},
				"up": {"uv": [4, 14, 2, 12], "texture": "#2"},
				"down": {"uv": [14, 2, 12, 4], "texture": "#2"}
			}
		},
		{
			"from": [7.4, 1.4, 21],
			"to": [8.6, 2.6, 32],
			"faces": {
				"north": {"uv": [11, 0, 13, 2], "texture": "#2"},
				"east": {"uv": [5, 11, 7, 13], "texture": "#2"},
				"south": {"uv": [11, 5, 13, 7], "texture": "#2"},
				"west": {"uv": [0, 12, 2, 14], "texture": "#2"},
				"up": {"uv": [4, 14, 2, 12], "texture": "#2"},
				"down": {"uv": [14, 2, 12, 4], "texture": "#2"}
			}
		},
		{
			"from": [7.25, 1.25, 10],
			"to": [8.75, 2.75, 21],
			"faces": {
				"north": {"uv": [11, 0, 13, 2], "texture": "#2"},
				"east": {"uv": [5, 11, 7, 13], "texture": "#2"},
				"south": {"uv": [11, 5, 13, 7], "texture": "#2"},
				"west": {"uv": [0, 12, 2, 14], "texture": "#2"},
				"up": {"uv": [4, 14, 2, 12], "texture": "#2"},
				"down": {"uv": [14, 2, 12, 4], "texture": "#2"}
			}
		},
		{
			"from": [6.75, 0.75, -2],
			"to": [9.25, 3.25, 0],
			"faces": {
				"north": {"uv": [0, 0, 3, 3], "texture": "#2"},
				"east": {"uv": [9, 0, 11, 3], "texture": "#2"},
				"south": {"uv": [0, 3, 3, 6], "texture": "#2"},
				"west": {"uv": [3, 9, 5, 12], "texture": "#2"},
				"up": {"uv": [12, 5, 9, 3], "texture": "#2"},
				"down": {"uv": [8, 9, 5, 11], "texture": "#2"}
			}
		},
		{
			"from": [6.5, 0.5, -5],
			"to": [9.5, 3.5, -2],
			"faces": {
				"north": {"uv": [3, 0, 6, 3], "texture": "#2"},
				"east": {"uv": [3, 3, 6, 6], "texture": "#2"},
				"south": {"uv": [0, 6, 3, 9], "texture": "#2"},
				"west": {"uv": [6, 0, 9, 3], "texture": "#2"},
				"up": {"uv": [6, 9, 3, 6], "texture": "#2"},
				"down": {"uv": [9, 3, 6, 6], "texture": "#2"}
			}
		},
		{
			"from": [6.75, 0.75, -7],
			"to": [9.25, 3.25, -5],
			"faces": {
				"north": {"uv": [6, 6, 9, 9], "texture": "#2"},
				"east": {"uv": [9, 5, 11, 8], "texture": "#2"},
				"south": {"uv": [0, 9, 3, 12], "texture": "#2"},
				"west": {"uv": [8, 9, 10, 12], "texture": "#2"},
				"up": {"uv": [13, 10, 10, 8], "texture": "#2"},
				"down": {"uv": [13, 10, 10, 12], "texture": "#2"}
			}
		},
		{
			"from": [7, 1, -9],
			"to": [9, 3, -7],
			"faces": {
				"north": {"uv": [7, 12, 9, 14], "texture": "#2"},
				"east": {"uv": [9, 12, 11, 14], "texture": "#2"},
				"south": {"uv": [11, 12, 13, 14], "texture": "#2"},
				"west": {"uv": [13, 0, 15, 2], "texture": "#2"},
				"up": {"uv": [6, 15, 4, 13], "texture": "#2"},
				"down": {"uv": [15, 4, 13, 6], "texture": "#2"}
			}
		},
		{
			"from": [7.25, 1.25, -10],
			"to": [8.75, 2.75, -9],
			"faces": {
				"north": {"uv": [13, 6, 15, 8], "texture": "#2"},
				"east": {"uv": [6, 13, 7, 15], "texture": "#2"},
				"south": {"uv": [13, 8, 15, 10], "texture": "#2"},
				"west": {"uv": [13, 10, 14, 12], "texture": "#2"},
				"up": {"uv": [13, 8, 11, 7], "texture": "#2"},
				"down": {"uv": [15, 12, 13, 13], "texture": "#2"}
			}
		}
	],
	"display": {
		"thirdperson_righthand": {
			"rotation": [160.5, 0, 0],
			"translation": [0.75, -3.75, 5.75],
			"scale": [0.7, 0.7, 0.7]
		},
		"thirdperson_lefthand": {
			"rotation": [160.5, 0, 0],
			"translation": [0.75, -3.75, 5.75],
			"scale": [0.7, 0.7, 0.7]
		},
		"firstperson_righthand": {
			"rotation": [90, 0, 0],
			"translation": [-1, -4, 7]
		},
		"firstperson_lefthand": {
			"rotation": [90, 0, 0],
			"translation": [-1, -4, 7]
		},
		"ground": {
			"translation": [0, 0.75, 0],
			"scale": [0.5, 0.5, 0.5]
		},
		"gui": {
			"rotation": [5, 90, 0],
			"translation": [-1, 3.5, 0],
			"scale": [0.4, 0.7, 0.36]
		},
		"head": {
			"rotation": [14, 0, 0],
			"translation": [0, 0.75, 6.25]
		},
		"fixed": {
			"rotation": [0, 90, 0],
			"translation": [-1, 2.25, -0.75],
			"scale": [0.4, 0.5, 0.4]
		}
	},
	"groups": [
		{
			"name": "rpg",
			"origin": [8, 9.7, 31.5],
			"color": 0,
			"nbt": "{}",
			"armAnimationEnabled": false,
			"children": [
				{
					"name": "frame2",
					"origin": [0, 0, 0],
					"color": 0,
					"nbt": "{}",
					"armAnimationEnabled": false,
					"children": [0, 1, 2, 3, 4, 5, 6, 7, 8]
				}
			]
		}
	]
}