{
	"credit": "Made with Blockbench",
	"texture_size": [64, 64],
	"textures": {
		"0": "custom/stoneframe1texture",
		"particle": "custom/stoneframe1texture"
	},
	"elements": [
		{
			"from": [3, 0, 3],
			"to": [12, 1, 12],
			"faces": {
				"north": {"uv": [6.75, 0, 9, 0.25], "texture": "#0"},
				"east": {"uv": [6.75, 0.25, 9, 0.5], "texture": "#0"},
				"south": {"uv": [6.75, 0.5, 9, 0.75], "texture": "#0"},
				"west": {"uv": [6.75, 0.75, 9, 1], "texture": "#0"},
				"up": {"uv": [2.25, 2.25, 0, 0], "texture": "#0"},
				"down": {"uv": [2.25, 2.25, 0, 4.5], "texture": "#0"}
			}
		},
		{
			"from": [3, 1.2, 3],
			"to": [12, 2.2, 12],
			"faces": {
				"north": {"uv": [6.75, 1, 9, 1.25], "texture": "#0"},
				"east": {"uv": [6.75, 1.25, 9, 1.5], "texture": "#0"},
				"south": {"uv": [6.75, 1.5, 9, 1.75], "texture": "#0"},
				"west": {"uv": [6.75, 1.75, 9, 2], "texture": "#0"},
				"up": {"uv": [4.5, 2.25, 2.25, 0], "texture": "#0"},
				"down": {"uv": [4.5, 2.25, 2.25, 4.5], "texture": "#0"}
			}
		},
		{
			"from": [3, 2.4, 3],
			"to": [12, 3.4, 12],
			"faces": {
				"north": {"uv": [6.75, 2, 9, 2.25], "texture": "#0"},
				"east": {"uv": [2.25, 6.75, 4.5, 7], "texture": "#0"},
				"south": {"uv": [6.75, 2.25, 9, 2.5], "texture": "#0"},
				"west": {"uv": [6.75, 2.5, 9, 2.75], "texture": "#0"},
				"up": {"uv": [2.25, 6.75, 0, 4.5], "texture": "#0"},
				"down": {"uv": [6.75, 0, 4.5, 2.25], "texture": "#0"}
			}
		},
		{
			"from": [3.25, 1, 3.25],
			"to": [11.75, 1.2, 11.75],
			"faces": {
				"north": {"uv": [6.75, 2.75, 9, 3], "texture": "#0"},
				"east": {"uv": [6.75, 3, 9, 3.25], "texture": "#0"},
				"south": {"uv": [6.75, 3.25, 9, 3.5], "texture": "#0"},
				"west": {"uv": [6.75, 3.5, 9, 3.75], "texture": "#0"},
				"up": {"uv": [4.5, 6.75, 2.25, 4.5], "texture": "#0"},
				"down": {"uv": [6.75, 2.25, 4.5, 4.5], "texture": "#0"}
			}
		},
		{
			"from": [3.25, 2.2, 3.25],
			"to": [11.75, 2.4, 11.75],
			"faces": {
				"north": {"uv": [6.75, 3.75, 9, 4], "texture": "#0"},
				"east": {"uv": [6.75, 4, 9, 4.25], "texture": "#0"},
				"south": {"uv": [6.75, 4.25, 9, 4.5], "texture": "#0"},
				"west": {"uv": [4.5, 6.75, 6.75, 7], "texture": "#0"},
				"up": {"uv": [6.75, 6.75, 4.5, 4.5], "texture": "#0"},
				"down": {"uv": [2.25, 6.75, 0, 9], "texture": "#0"}
			}
		}
	],
	"display": {
		"thirdperson_righthand": {
			"rotation": [0, -59, 0],
			"translation": [0, 3.75, 0],
			"scale": [0.5, 0.5, 0.5]
		},
		"thirdperson_lefthand": {
			"rotation": [0, -59, 0],
			"translation": [0, 3.75, 0],
			"scale": [0.5, 0.5, 0.5]
		},
		"firstperson_righthand": {
			"rotation": [-6.47, 5.19, 3.63],
			"translation": [3.5, -1.25, -13.75]
		},
		"firstperson_lefthand": {
			"rotation": [-6.47, 5.19, 3.63],
			"translation": [3.5, -1.25, -13.75]
		},
		"ground": {
			"translation": [0, 2.5, 0],
			"scale": [0.75, 0.75, 0.75]
		},
		"gui": {
			"rotation": [-76, 0, 23],
			"translation": [-1.5, 1.25, 0]
		},
		"head": {
			"translation": [0, 14.5, 0]
		},
		"fixed": {
			"rotation": [-90, -54, 0],
			"translation": [0, 0, -7]
		}
	},
	"groups": [
		{
			"name": "stone",
			"origin": [0, 0, 0],
			"color": 0,
			"nbt": "{}",
			"armAnimationEnabled": false,
			"children": [0, 1, 2, 3, 4]
		}
	]
}