{
	"credit": "Made with Blockbench",
	"textures": {
		"0": "custom/webleyframe1texture",
		"1": "custom/webleyframe2texture",
		"particle": "custom/webleyframe1texture"
	},
	"elements": [
		{
			"from": [7, 2, 12],
			"to": [9, 4, 16],
			"rotation": {"angle": 0, "axis": "y", "origin": [0, 0, 6]},
			"faces": {
				"north": {"uv": [8, 3, 10, 5], "texture": "#0"},
				"east": {"uv": [0, 0, 4, 2], "texture": "#0"},
				"south": {"uv": [4, 8, 6, 10], "texture": "#0"},
				"west": {"uv": [0, 2, 4, 4], "texture": "#0"},
				"up": {"uv": [2, 8, 0, 4], "texture": "#0"},
				"down": {"uv": [6, 0, 4, 4], "texture": "#0"}
			}
		},
		{
			"from": [7, 0, 13],
			"to": [9, 2, 16],
			"rotation": {"angle": 0, "axis": "y", "origin": [0, 0, 6]},
			"faces": {
				"north": {"uv": [6, 8, 8, 10], "texture": "#0"},
				"east": {"uv": [2, 4, 5, 6], "texture": "#0"},
				"south": {"uv": [8, 8, 10, 10], "texture": "#0"},
				"west": {"uv": [5, 4, 8, 6], "texture": "#0"},
				"up": {"uv": [8, 3, 6, 0], "texture": "#0"},
				"down": {"uv": [4, 6, 2, 9], "texture": "#0"}
			}
		},
		{
			"from": [7, 4, 12],
			"to": [9, 6, 15],
			"rotation": {"angle": 0, "axis": "y", "origin": [0, 0, 6]},
			"faces": {
				"north": {"uv": [2, 9, 4, 11], "texture": "#0"},
				"east": {"uv": [4, 6, 7, 8], "texture": "#0"},
				"south": {"uv": [10, 0, 12, 2], "texture": "#0"},
				"west": {"uv": [7, 6, 10, 8], "texture": "#0"},
				"up": {"uv": [2, 11, 0, 8], "texture": "#0"},
				"down": {"uv": [10, 0, 8, 3], "texture": "#0"}
			}
		},
		{
			"from": [7, 4, 11],
			"to": [9, 5, 12],
			"rotation": {"angle": 0, "axis": "y", "origin": [0, 0, 6]},
			"faces": {
				"north": {"uv": [6, 3, 8, 4], "texture": "#0"},
				"east": {"uv": [4, 10, 5, 11], "texture": "#0"},
				"south": {"uv": [8, 5, 10, 6], "texture": "#0"},
				"west": {"uv": [10, 4, 11, 5], "texture": "#0"},
				"up": {"uv": [12, 3, 10, 2], "texture": "#0"},
				"down": {"uv": [12, 3, 10, 4], "texture": "#0"}
			}
		},
		{
			"from": [7.4, 6, 13],
			"to": [8.6, 6.8, 13.5],
			"rotation": {"angle": 0, "axis": "y", "origin": [0, 0, 6]},
			"faces": {
				"north": {"uv": [13, 7, 14.2, 7.8], "texture": "#1"},
				"east": {"uv": [13, 7, 12.5, 7.8], "texture": "#1"},
				"south": {"uv": [13, 7, 14.2, 7.8], "texture": "#1"},
				"west": {"uv": [13, 7, 13.5, 7.8], "texture": "#1"},
				"up": {"uv": [13, 7, 14.2, 7.5], "texture": "#1"},
				"down": {"uv": [13, 7, 14.2, 7.5], "texture": "#1"}
			}
		},
		{
			"from": [7.4, 6, 13.5],
			"to": [8.6, 7.2, 14],
			"rotation": {"angle": 0, "axis": "y", "origin": [0, 0, 6]},
			"faces": {
				"north": {"uv": [3.2, 11.5, 2, 12.7], "texture": "#1"},
				"east": {"uv": [2.5, 11.5, 2, 12.7], "texture": "#1"},
				"south": {"uv": [3.2, 11.5, 2, 12.7], "texture": "#1"},
				"west": {"uv": [2.5, 11.5, 2, 12.7], "texture": "#1"},
				"up": {"uv": [3.2, 11.5, 2, 12], "texture": "#1"},
				"down": {"uv": [3.2, 11.5, 2, 12], "texture": "#1"}
			}
		},
		{
			"from": [7, 6, 12],
			"to": [9, 8, 13],
			"rotation": {"angle": 0, "axis": "y", "origin": [0, 0, 6]},
			"faces": {
				"north": {"uv": [15, 7, 13, 9], "texture": "#1"},
				"east": {"uv": [13, 7, 14, 9], "texture": "#1"},
				"south": {"uv": [15, 7, 13, 9], "texture": "#1"},
				"west": {"uv": [14, 7, 13, 9], "texture": "#1"},
				"up": {"uv": [15, 7, 13, 8], "texture": "#1"},
				"down": {"uv": [15, 7, 13, 8], "texture": "#1"}
			}
		},
		{
			"from": [7, 6, 11],
			"to": [9, 9, 12],
			"rotation": {"angle": 0, "axis": "y", "origin": [0, 0, 6]},
			"faces": {
				"north": {"uv": [16, 7, 14, 10], "texture": "#1"},
				"east": {"uv": [14, 7, 15, 10], "texture": "#1"},
				"south": {"uv": [16, 7, 14, 10], "texture": "#1"},
				"west": {"uv": [15, 7, 14, 10], "texture": "#1"},
				"up": {"uv": [16, 7, 14, 8], "texture": "#1"},
				"down": {"uv": [16, 7, 14, 8], "texture": "#1"}
			}
		},
		{
			"from": [7, 5, 8],
			"to": [9, 6, 11],
			"rotation": {"angle": 0, "axis": "y", "origin": [0, 0, 6]},
			"faces": {
				"north": {"uv": [4, 8, 2, 9], "texture": "#1"},
				"east": {"uv": [5, 8, 2, 9], "texture": "#1"},
				"south": {"uv": [4, 8, 2, 9], "texture": "#1"},
				"west": {"uv": [5, 8, 2, 9], "texture": "#1"},
				"up": {"uv": [4, 8, 2, 11], "texture": "#1"},
				"down": {"uv": [4, 8, 2, 11], "texture": "#1"}
			}
		},
		{
			"from": [7.9, 2.7, 10],
			"to": [8.1, 3, 12],
			"rotation": {"angle": -45, "axis": "x", "origin": [8, 4.15, 9.5]},
			"faces": {
				"north": {"uv": [15.2, 10, 15, 10.3], "texture": "#1"},
				"east": {"uv": [14, 10, 16, 10.3], "texture": "#1"},
				"south": {"uv": [15.2, 10, 15, 10.3], "texture": "#1"},
				"west": {"uv": [16, 10, 14, 10.3], "texture": "#1"},
				"up": {"uv": [15.2, 10, 15, 12], "texture": "#1"},
				"down": {"uv": [15.2, 10, 15, 12], "texture": "#1"}
			}
		},
		{
			"from": [7.9, 3.122, 10.05],
			"to": [8.1, 3.422, 11.05],
			"rotation": {"angle": -22.5, "axis": "x", "origin": [8, 2.87721, 10.06569]},
			"faces": {
				"north": {"uv": [7.2, 11, 7, 11.3], "texture": "#1"},
				"east": {"uv": [7, 11, 8, 11.3], "texture": "#1"},
				"south": {"uv": [7.2, 11, 7, 11.3], "texture": "#1"},
				"west": {"uv": [8, 11, 7, 11.3], "texture": "#1"},
				"up": {"uv": [7.2, 11, 7, 12], "texture": "#1"},
				"down": {"uv": [7.2, 11, 7, 12], "texture": "#1"}
			}
		},
		{
			"from": [7.89, 3.1, 8.96],
			"to": [8.09, 3.4, 9.96],
			"rotation": {"angle": 0, "axis": "y", "origin": [8, 3.0446, 9.43817]},
			"faces": {
				"north": {"uv": [15.2, 7, 15, 7.3], "texture": "#1"},
				"east": {"uv": [15, 7, 16, 7.3], "texture": "#1"},
				"south": {"uv": [15.2, 7, 15, 7.3], "texture": "#1"},
				"west": {"uv": [16, 7, 15, 7.3], "texture": "#1"},
				"up": {"uv": [15.2, 7, 15, 8], "texture": "#1"},
				"down": {"uv": [15.2, 7, 15, 8], "texture": "#1"}
			}
		},
		{
			"from": [7.89, 4.2, 9.5],
			"to": [8.09, 5, 9.8],
			"rotation": {"angle": 0, "axis": "y", "origin": [8, 3.0446, 9.43817]},
			"faces": {
				"north": {"uv": [13.2, 10, 13, 10.8], "texture": "#1"},
				"east": {"uv": [12.3, 10, 12.6, 10.8], "texture": "#1"},
				"south": {"uv": [13.2, 10, 13, 10.8], "texture": "#1"},
				"west": {"uv": [13.3, 10, 13, 10.8], "texture": "#1"},
				"up": {"uv": [13.2, 10, 13, 10.3], "texture": "#1"},
				"down": {"uv": [13.2, 10, 13, 10.3], "texture": "#1"}
			}
		},
		{
			"from": [7.89, 4.2, 9.2],
			"to": [8.09, 4.5, 9.5],
			"rotation": {"angle": 0, "axis": "y", "origin": [8, 3.0446, 9.43817]},
			"faces": {
				"north": {"uv": [11.2, 11.7, 11, 12], "texture": "#1"},
				"east": {"uv": [10.3, 11.7, 10.6, 12], "texture": "#1"},
				"south": {"uv": [11.2, 11.7, 11, 12], "texture": "#1"},
				"west": {"uv": [11.3, 11.7, 11, 12], "texture": "#1"},
				"up": {"uv": [11.2, 11.7, 11, 12], "texture": "#1"},
				"down": {"uv": [11.2, 11.7, 11, 12], "texture": "#1"}
			}
		},
		{
			"from": [7.9, 3.3, 7.98],
			"to": [8.1, 3.6, 8.98],
			"rotation": {"angle": 22.5, "axis": "x", "origin": [8.00247, 3.24907, 8.45981]},
			"faces": {
				"north": {"uv": [2.2, 11, 2, 11.3], "texture": "#1"},
				"east": {"uv": [3, 11, 2, 11.3], "texture": "#1"},
				"south": {"uv": [2.2, 11, 2, 11.3], "texture": "#1"},
				"west": {"uv": [3, 11, 2, 11.3], "texture": "#1"},
				"up": {"uv": [2.2, 11, 2, 12], "texture": "#1"},
				"down": {"uv": [2.2, 11, 2, 12], "texture": "#1"}
			}
		},
		{
			"from": [7.9, 3.35, 7.88],
			"to": [8.1, 4.35, 8.18],
			"rotation": {"angle": -22.5, "axis": "x", "origin": [8, 3.80966, 7.63148]},
			"faces": {
				"north": {"uv": [9.2, 7, 9, 8], "texture": "#1"},
				"east": {"uv": [8.3, 7, 8.6, 8], "texture": "#1"},
				"south": {"uv": [9.2, 7, 9, 8], "texture": "#1"},
				"west": {"uv": [9.3, 7, 9, 8], "texture": "#1"},
				"up": {"uv": [9.2, 7, 9, 7.3], "texture": "#1"},
				"down": {"uv": [9.2, 7, 9, 7.3], "texture": "#1"}
			}
		},
		{
			"from": [7.9, 4.46, 7.85],
			"to": [8.1, 5.46, 8.15],
			"rotation": {"angle": 22.5, "axis": "x", "origin": [8, 4.92332, 7.60154]},
			"faces": {
				"north": {"uv": [8.2, 7, 8, 8], "texture": "#1"},
				"east": {"uv": [7.3, 7, 7.6, 8], "texture": "#1"},
				"south": {"uv": [8.2, 7, 8, 8], "texture": "#1"},
				"west": {"uv": [8.3, 7, 8, 8], "texture": "#1"},
				"up": {"uv": [8.2, 7, 8, 7.3], "texture": "#1"},
				"down": {"uv": [8.2, 7, 8, 7.3], "texture": "#1"}
			}
		},
		{
			"from": [6.5, 6, 8],
			"to": [9.5, 8, 11],
			"rotation": {"angle": 0, "axis": "y", "origin": [0, 0, 6]},
			"faces": {
				"north": {"uv": [6, 7, 3, 9], "texture": "#1"},
				"east": {"uv": [6, 7, 3, 9], "texture": "#1"},
				"south": {"uv": [6, 7, 3, 9], "texture": "#1"},
				"west": {"uv": [6, 7, 3, 9], "texture": "#1"},
				"up": {"uv": [6, 7, 3, 10], "texture": "#1"},
				"down": {"uv": [6, 7, 3, 10], "texture": "#1"}
			}
		},
		{
			"from": [7, 8, 8],
			"to": [9, 9, 11],
			"rotation": {"angle": 0, "axis": "y", "origin": [0, 0, 6]},
			"faces": {
				"north": {"uv": [16, 7, 14, 8], "texture": "#1"},
				"east": {"uv": [16, 7, 13, 8], "texture": "#1"},
				"south": {"uv": [16, 7, 14, 8], "texture": "#1"},
				"west": {"uv": [16, 7, 13, 8], "texture": "#1"},
				"up": {"uv": [16, 7, 14, 10], "texture": "#1"},
				"down": {"uv": [16, 7, 14, 10], "texture": "#1"}
			}
		},
		{
			"from": [7, 6, 6],
			"to": [9, 9, 8],
			"rotation": {"angle": 0, "axis": "y", "origin": [0, 0, 6]},
			"faces": {
				"north": {"uv": [11, 7, 9, 10], "texture": "#1"},
				"east": {"uv": [11, 7, 9, 10], "texture": "#1"},
				"south": {"uv": [11, 7, 9, 10], "texture": "#1"},
				"west": {"uv": [11, 7, 9, 10], "texture": "#1"},
				"up": {"uv": [11, 7, 9, 9], "texture": "#1"},
				"down": {"uv": [11, 7, 9, 9], "texture": "#1"}
			}
		},
		{
			"from": [7.5, 7, -3],
			"to": [8.5, 9, 6],
			"rotation": {"angle": 0, "axis": "y", "origin": [0, 0, 6]},
			"faces": {
				"north": {"uv": [8, 7, 7, 9], "texture": "#1"},
				"east": {"uv": [16, 7, 7, 9], "texture": "#1"},
				"south": {"uv": [8, 7, 7, 9], "texture": "#1"},
				"west": {"uv": [16, 7, 7, 9], "texture": "#1"},
				"up": {"uv": [8, 7, 7, 16], "texture": "#1"},
				"down": {"uv": [8, 7, 7, 16], "texture": "#1"}
			}
		},
		{
			"from": [7.5, 9, -3],
			"to": [8.5, 9.4, -2],
			"rotation": {"angle": 0, "axis": "y", "origin": [0, 0, 6]},
			"faces": {
				"north": {"uv": [9, 7, 8, 7.4], "texture": "#1"},
				"east": {"uv": [8, 7, 9, 7.4], "texture": "#1"},
				"south": {"uv": [9, 7, 8, 7.4], "texture": "#1"},
				"west": {"uv": [9, 7, 8, 7.4], "texture": "#1"},
				"up": {"uv": [9, 7, 8, 8], "texture": "#1"},
				"down": {"uv": [9, 7, 8, 8], "texture": "#1"}
			}
		},
		{
			"from": [8.5, 7, -3],
			"to": [9, 8.8, 6],
			"rotation": {"angle": 0, "axis": "y", "origin": [0, 0, 6]},
			"faces": {
				"north": {"uv": [11.5, 7, 11, 8.8], "texture": "#1"},
				"east": {"uv": [16, 7, 7, 8.8], "texture": "#1"},
				"south": {"uv": [11.5, 7, 11, 8.8], "texture": "#1"},
				"west": {"uv": [16, 7, 7, 8.8], "texture": "#1"},
				"up": {"uv": [11.5, 7, 11, 16], "texture": "#1"},
				"down": {"uv": [11.5, 7, 11, 16], "texture": "#1"}
			}
		},
		{
			"from": [7, 7, -3],
			"to": [7.5, 8.8, 6],
			"rotation": {"angle": 0, "axis": "y", "origin": [0, 0, 6]},
			"faces": {
				"north": {"uv": [12.5, 7, 12, 8.8], "texture": "#1"},
				"east": {"uv": [16, 7, 7, 8.8], "texture": "#1"},
				"south": {"uv": [12.5, 7, 12, 8.8], "texture": "#1"},
				"west": {"uv": [16, 7, 7, 8.8], "texture": "#1"},
				"up": {"uv": [12.5, 7, 12, 16], "texture": "#1"},
				"down": {"uv": [12.5, 7, 12, 16], "texture": "#1"}
			}
		},
		{
			"from": [7, 5, 11],
			"to": [9, 6, 12],
			"rotation": {"angle": 0, "axis": "y", "origin": [0, 0, 6]},
			"faces": {
				"north": {"uv": [9, 7, 7, 8], "texture": "#1"},
				"east": {"uv": [7, 7, 8, 8], "texture": "#1"},
				"south": {"uv": [9, 7, 7, 8], "texture": "#1"},
				"west": {"uv": [8, 7, 7, 8], "texture": "#1"},
				"up": {"uv": [9, 7, 7, 8], "texture": "#1"},
				"down": {"uv": [9, 7, 7, 8], "texture": "#1"}
			}
		}
	],
	"display": {
		"thirdperson_righthand": {
			"rotation": [70.25, 0, 0],
			"translation": [0.75, 3.75, 4.5],
			"scale": [0.5, 0.5, 0.5]
		},
		"thirdperson_lefthand": {
			"rotation": [70.25, 0, 0],
			"translation": [0.75, 3.75, 4.5],
			"scale": [0.5, 0.5, 0.5]
		},
		"firstperson_righthand": {
			"translation": [-3.25, 4.5, -2]
		},
		"firstperson_lefthand": {
			"translation": [-3.25, 4.5, -2]
		},
		"ground": {
			"translation": [0, 1, 0],
			"scale": [0.5, 0.5, 0.5]
		},
		"gui": {
			"rotation": [0, 90, 0],
			"translation": [0.75, 0.75, 0],
			"scale": [0.5, 0.5, 0.5]
		},
		"fixed": {
			"rotation": [0, -90, 0],
			"translation": [-0.75, 0.5, -0.75],
			"scale": [0.6, 0.6, 0.6]
		}
	},
	"groups": [
		{
			"name": "webley",
			"origin": [0, 0, 0],
			"color": 0,
			"nbt": "{}",
			"armAnimationEnabled": false,
			"children": [
				{
					"name": "frame1",
					"origin": [0, 0, 0],
					"color": 0,
					"nbt": "{}",
					"armAnimationEnabled": false,
					"children": [0, 1, 2, 3]
				},
				{
					"name": "frame2",
					"origin": [0, 0, 0],
					"color": 0,
					"nbt": "{}",
					"armAnimationEnabled": false,
					"children": [4, 5, 6, 7, 8, 9, 10, 11, 12, 13, 14, 15, 16, 17, 18, 19, 20, 21, 22, 23, 24]
				}
			]
		}
	]
}