{
	"credit": "Made with Blockbench",
	"texture_size": [32, 32],
	"textures": {
		"0": "block/medkitframe1texture",
		"1": "block/medkitframe2texture",
		"particle": "block/medkitframe1texture"
	},
	"elements": [
		{
			"from": [1, 14, 6.5],
			"to": [15, 15, 8.5],
			"faces": {
				"north": {"uv": [0, 4, 14, 5], "texture": "#0"},
				"east": {"uv": [0, 8, 2, 9], "texture": "#0"},
				"south": {"uv": [0, 5, 14, 6], "texture": "#0"},
				"west": {"uv": [2, 8, 4, 9], "texture": "#0"},
				"up": {"uv": [14, 2, 0, 0], "texture": "#0"},
				"down": {"uv": [14, 2, 0, 4], "texture": "#0"}
			}
		},
		{
			"from": [1, 12, 6.5],
			"to": [2, 14, 8.5],
			"faces": {
				"north": {"uv": [4, 8, 5, 10], "texture": "#0"},
				"east": {"uv": [0, 6, 2, 8], "texture": "#0"},
				"south": {"uv": [5, 8, 6, 10], "texture": "#0"},
				"west": {"uv": [2, 6, 4, 8], "texture": "#0"},
				"up": {"uv": [7, 10, 6, 8], "texture": "#0"},
				"down": {"uv": [9, 6, 8, 8], "texture": "#0"}
			}
		},
		{
			"from": [14, 12, 6.5],
			"to": [15, 14, 8.5],
			"faces": {
				"north": {"uv": [7, 8, 8, 10], "texture": "#0"},
				"east": {"uv": [4, 6, 6, 8], "texture": "#0"},
				"south": {"uv": [8, 8, 9, 10], "texture": "#0"},
				"west": {"uv": [6, 6, 8, 8], "texture": "#0"},
				"up": {"uv": [1, 11, 0, 9], "texture": "#0"},
				"down": {"uv": [2, 9, 1, 11], "texture": "#0"}
			}
		},
		{
			"from": [0, 0, 6],
			"to": [16, 12, 9],
			"faces": {
				"north": {"uv": [0, 0, 8, 6], "texture": "#1"},
				"east": {"uv": [8, 3, 9.5, 9], "texture": "#1"},
				"south": {"uv": [0, 6, 8, 12], "texture": "#1"},
				"west": {"uv": [8, 9, 9.5, 15], "texture": "#1"},
				"up": {"uv": [16, 1.5, 8, 0], "texture": "#1"},
				"down": {"uv": [16, 1.5, 8, 3], "texture": "#1"}
			}
		}
	],
	"display": {
		"thirdperson_righthand": {
			"translation": [0, 3, 1],
			"scale": [0.55, 0.55, 0.55]
		},
		"thirdperson_lefthand": {
			"translation": [0, 3, 1],
			"scale": [0.55, 0.55, 0.55]
		},
		"firstperson_righthand": {
			"rotation": [0, -90, 25],
			"translation": [1.13, 3.2, 1.13],
			"scale": [0.68, 0.68, 0.68]
		},
		"firstperson_lefthand": {
			"rotation": [0, -90, 25],
			"translation": [1.13, 3.2, 1.13],
			"scale": [0.68, 0.68, 0.68]
		},
		"ground": {
			"translation": [0, 2, 0],
			"scale": [0.5, 0.5, 0.5]
		},
		"head": {
			"rotation": [0, 180, 0],
			"translation": [0, 13, 7]
		},
		"fixed": {
			"rotation": [0, 180, 0]
		}
	},
	"groups": [
		{
			"name": "frame1",
			"origin": [0, 0, 0],
			"color": 0,
			"nbt": "{}",
			"armAnimationEnabled": false,
			"children": [0, 1, 2]
		},
		{
			"name": "frame2",
			"origin": [0, 0, 0],
			"color": 0,
			"nbt": "{}",
			"armAnimationEnabled": false,
			"children": [3]
		}
	]
}