{
	"credit": "Made with Blockbench",
	"texture_size": [32, 32],
	"textures": {
		"1": "custom/barretframe2texture",
		"particle": "custom/barrettframe1texture"
	},
	"elements": [
		{
			"from": [7.5, 3, 3.5],
			"to": [8.5, 5, 10.5],
			"faces": {
				"north": {"uv": [8.5, 11, 9, 12], "texture": "#1"},
				"east": {"uv": [0, 0, 3.5, 1], "texture": "#1"},
				"south": {"uv": [11, 9.5, 11.5, 10.5], "texture": "#1"},
				"west": {"uv": [0, 1, 3.5, 2], "texture": "#1"},
				"up": {"uv": [4, 9.5, 3.5, 6], "texture": "#1"},
				"down": {"uv": [4.5, 6, 4, 9.5], "texture": "#1"}
			}
		},
		{
			"from": [7.5, 5, 3.1],
			"to": [8.5, 7.7, 10.8],
			"faces": {
				"north": {"uv": [8.5, 11, 9, 12], "texture": "#1"},
				"east": {"uv": [0, 0, 3.5, 1], "texture": "#1"},
				"south": {"uv": [11, 9.5, 11.5, 10.5], "texture": "#1"},
				"west": {"uv": [0, 1, 3.5, 2], "texture": "#1"},
				"up": {"uv": [4, 9.5, 3.5, 6], "texture": "#1"},
				"down": {"uv": [4.5, 6, 4, 9.5], "texture": "#1"}
			}
		},
		{
			"from": [7.5, 1, 5.5],
			"to": [8.5, 3, 10.5],
			"faces": {
				"north": {"uv": [11, 10.5, 11.5, 11.5], "texture": "#1"},
				"east": {"uv": [2.5, 5, 5, 6], "texture": "#1"},
				"south": {"uv": [11.5, 0, 12, 1], "texture": "#1"},
				"west": {"uv": [5, 5, 7.5, 6], "texture": "#1"},
				"up": {"uv": [6, 11.5, 5.5, 9], "texture": "#1"},
				"down": {"uv": [6.5, 9, 6, 11.5], "texture": "#1"}
			}
		}
	],
	"display": {
		"thirdperson_righthand": {
			"rotation": [70, 0, 0],
			"translation": [0.75, 2.75, 5.75],
			"scale": [0.8, 0.8, 0.8]
		},
		"thirdperson_lefthand": {
			"rotation": [70, 0, 0],
			"translation": [0.75, 2.75, 5.75],
			"scale": [0.8, 0.8, 0.8]
		},
		"firstperson_righthand": {
			"translation": [5.75, -0.25, -6.5]
		},
		"firstperson_lefthand": {
			"translation": [5.75, -0.25, -6.5]
		},
		"ground": {
			"translation": [0, 3.75, 0],
			"scale": [0.8, 0.8, 0.8]
		},
		"gui": {
			"rotation": [0, 60.25, 0],
			"translation": [0.75, 2.75, 0],
			"scale": [0.9, 0.9, 0.9]
		},
		"head": {
			"rotation": [6.5, 0, 0],
			"translation": [0, 2, -2.5]
		},
		"fixed": {
			"rotation": [0, -90, 0],
			"translation": [-0.5, 2.5, -0.25],
			"scale": [0.9, 0.9, 0.9]
		}
	},
	"groups": [
		{
			"name": "barrett",
			"origin": [0, 0, 0],
			"color": 0,
			"nbt": "{}",
			"armAnimationEnabled": false,
			"children": [
				{
					"name": "frame2",
					"origin": [8, 2, 25.5],
					"color": 0,
					"nbt": "{}",
					"armAnimationEnabled": false,
					"children": [0, 1, 2]
				},
				{
					"name": "frame1",
					"origin": [0, 0, 0],
					"color": 0,
					"nbt": "{}",
					"armAnimationEnabled": false,
					"children": []
				}
			]
		}
	]
}