{
	"credit": "Made with Blockbench",
	"textures": {
		"1": "custom/glockframetexture"
	},
	"elements": [
		{
			"from": [7, 3.49686, 9.4979],
			"to": [8.5, 3.99686, 11.4979],
			"rotation": {"angle": 0, "axis": "y", "origin": [7.75, 1.49686, 10.4979]},
			"faces": {
				"north": {"uv": [14, 0, 16, 6], "texture": "#1"},
				"east": {"uv": [14, 0, 16, 6], "texture": "#1"},
				"south": {"uv": [14, 0, 16, 6], "texture": "#1"},
				"west": {"uv": [14, 0, 16, 6], "texture": "#1"},
				"up": {"uv": [16, 2, 14, 0], "texture": "#1"},
				"down": {"uv": [16, 2, 14, 4], "texture": "#1"}
			}
		},
		{
			"from": [7, 2.5, 10],
			"to": [8.5, 3.5, 11.8],
			"rotation": {"angle": 0, "axis": "y", "origin": [7.75, 1.49686, 10.4979]},
			"faces": {
				"north": {"uv": [14, 0, 16, 6], "texture": "#1"},
				"east": {"uv": [14, 0, 16, 6], "texture": "#1"},
				"south": {"uv": [14, 0, 16, 6], "texture": "#1"},
				"west": {"uv": [14, 0, 16, 6], "texture": "#1"},
				"up": {"uv": [16, 2, 14, 0], "texture": "#1"},
				"down": {"uv": [16, 2, 14, 4], "texture": "#1"}
			}
		},
		{
			"from": [7, 1, 10.5],
			"to": [8.5, 2.5, 11.8],
			"rotation": {"angle": 0, "axis": "y", "origin": [7.75, 1.49686, 10.4979]},
			"faces": {
				"north": {"uv": [14, 0, 16, 6], "texture": "#1"},
				"east": {"uv": [14, 0, 16, 6], "texture": "#1"},
				"south": {"uv": [14, 0, 16, 6], "texture": "#1"},
				"west": {"uv": [14, 0, 16, 6], "texture": "#1"},
				"up": {"uv": [16, 2, 14, 0], "texture": "#1"},
				"down": {"uv": [16, 2, 14, 4], "texture": "#1"}
			}
		},
		{
			"from": [7, 1.2, 11.8],
			"to": [8.5, 2.7, 12],
			"rotation": {"angle": 0, "axis": "y", "origin": [7.75, 1.49686, 10.4979]},
			"faces": {
				"north": {"uv": [14, 0, 16, 6], "texture": "#1"},
				"east": {"uv": [14, 0, 16, 6], "texture": "#1"},
				"south": {"uv": [14, 0, 16, 6], "texture": "#1"},
				"west": {"uv": [14, 0, 16, 6], "texture": "#1"},
				"up": {"uv": [16, 2, 14, 0], "texture": "#1"},
				"down": {"uv": [16, 2, 14, 4], "texture": "#1"}
			}
		},
		{
			"from": [7, 4, 11.5],
			"to": [8.5, 5, 12],
			"rotation": {"angle": 0, "axis": "y", "origin": [8.5, 2.5, 9]},
			"faces": {
				"north": {"uv": [7, 0, 9, 1], "texture": "#1"},
				"east": {"uv": [7, 8, 8, 9], "texture": "#1"},
				"south": {"uv": [7, 1, 9, 2], "texture": "#1"},
				"west": {"uv": [8, 7, 9, 8], "texture": "#1"},
				"up": {"uv": [9, 3, 7, 2], "texture": "#1"},
				"down": {"uv": [9, 3, 7, 4], "texture": "#1"}
			}
		},
		{
			"from": [7, 4, 4],
			"to": [8.5, 6, 11],
			"rotation": {"angle": 0, "axis": "y", "origin": [8.5, 2.5, 9]},
			"faces": {
				"north": {"uv": [4, 4, 6, 6], "texture": "#1"},
				"east": {"uv": [0, 0, 7, 2], "texture": "#1"},
				"south": {"uv": [4, 6, 6, 8], "texture": "#1"},
				"west": {"uv": [0, 0, 7, 2], "texture": "#1"},
				"up": {"uv": [2, 11, 0, 4], "texture": "#1"},
				"down": {"uv": [4, 4, 2, 11], "texture": "#1"}
			}
		},
		{
			"from": [7.25, 6, 10.5],
			"to": [8.25, 6.5, 11],
			"rotation": {"angle": 0, "axis": "y", "origin": [8.5, 2.5, 9]},
			"faces": {
				"north": {"uv": [8, 8, 9, 9], "texture": "#1"},
				"east": {"uv": [9, 0, 10, 1], "texture": "#1"},
				"south": {"uv": [9, 1, 10, 2], "texture": "#1"},
				"west": {"uv": [9, 2, 10, 3], "texture": "#1"},
				"up": {"uv": [10, 4, 9, 3], "texture": "#1"},
				"down": {"uv": [10, 4, 9, 5], "texture": "#1"}
			}
		},
		{
			"from": [7.25, 6, 4],
			"to": [8.25, 6.5, 4.5],
			"rotation": {"angle": 0, "axis": "y", "origin": [8.5, 2.5, 9]},
			"faces": {
				"north": {"uv": [5, 9, 6, 10], "texture": "#1"},
				"east": {"uv": [9, 5, 10, 6], "texture": "#1"},
				"south": {"uv": [6, 9, 7, 10], "texture": "#1"},
				"west": {"uv": [7, 9, 8, 10], "texture": "#1"},
				"up": {"uv": [10, 8, 9, 7], "texture": "#1"},
				"down": {"uv": [9, 9, 8, 10], "texture": "#1"}
			}
		},
		{
			"from": [7.4, 5.5, 3.7],
			"to": [8.1, 5.8, 5.1],
			"rotation": {"angle": 0, "axis": "y", "origin": [8.5, 2.5, 9]},
			"faces": {
				"north": {"uv": [9, 8, 10, 9], "texture": "#1"},
				"east": {"uv": [9, 9, 10, 10], "texture": "#1"},
				"south": {"uv": [10, 0, 11, 1], "texture": "#1"},
				"west": {"uv": [10, 1, 11, 2], "texture": "#1"},
				"up": {"uv": [11, 3, 10, 2], "texture": "#1"},
				"down": {"uv": [11, 3, 10, 4], "texture": "#1"}
			}
		},
		{
			"from": [7.4, 4.5, 3.7],
			"to": [8.1, 4.8, 5.1],
			"rotation": {"angle": 0, "axis": "y", "origin": [8.5, 2.5, 9]},
			"faces": {
				"north": {"uv": [4, 10, 5, 11], "texture": "#1"},
				"east": {"uv": [10, 4, 11, 5], "texture": "#1"},
				"south": {"uv": [5, 10, 6, 11], "texture": "#1"},
				"west": {"uv": [10, 5, 11, 6], "texture": "#1"},
				"up": {"uv": [7, 11, 6, 10], "texture": "#1"},
				"down": {"uv": [11, 6, 10, 7], "texture": "#1"}
			}
		},
		{
			"from": [8.1, 4.8, 3.7],
			"to": [8.4, 5.5, 5.1],
			"rotation": {"angle": 0, "axis": "y", "origin": [7.75, 5.65, 3.95]},
			"faces": {
				"north": {"uv": [7, 10, 8, 11], "texture": "#1"},
				"east": {"uv": [10, 7, 11, 8], "texture": "#1"},
				"south": {"uv": [8, 10, 9, 11], "texture": "#1"},
				"west": {"uv": [10, 8, 11, 9], "texture": "#1"},
				"up": {"uv": [10, 11, 9, 10], "texture": "#1"},
				"down": {"uv": [11, 9, 10, 10], "texture": "#1"}
			}
		},
		{
			"from": [7.1, 4.8, 3.7],
			"to": [7.4, 5.5, 5.1],
			"rotation": {"angle": 0, "axis": "y", "origin": [7.75, 5.65, 3.95]},
			"faces": {
				"north": {"uv": [10, 10, 11, 11], "texture": "#1"},
				"east": {"uv": [0, 11, 1, 12], "texture": "#1"},
				"south": {"uv": [11, 0, 12, 1], "texture": "#1"},
				"west": {"uv": [1, 11, 2, 12], "texture": "#1"},
				"up": {"uv": [12, 2, 11, 1], "texture": "#1"},
				"down": {"uv": [3, 11, 2, 12], "texture": "#1"}
			}
		},
		{
			"from": [7, 4, 11],
			"to": [8.5, 6, 11.5],
			"rotation": {"angle": 0, "axis": "y", "origin": [8.5, 2.5, 9]},
			"faces": {
				"north": {"uv": [6, 4, 8, 6], "texture": "#1"},
				"east": {"uv": [4, 8, 5, 10], "texture": "#1"},
				"south": {"uv": [6, 6, 8, 8], "texture": "#1"},
				"west": {"uv": [8, 4, 9, 6], "texture": "#1"},
				"up": {"uv": [7, 9, 5, 8], "texture": "#1"},
				"down": {"uv": [10, 6, 8, 7], "texture": "#1"}
			}
		},
		{
			"from": [7.7, 2.5, 7.96404],
			"to": [7.95, 3, 10.96404],
			"rotation": {"angle": 0, "axis": "x", "origin": [8, 3.69448, 7.96404]},
			"faces": {
				"north": {"uv": [15.75, 0, 16, 0.5], "rotation": 180, "texture": "#1"},
				"east": {"uv": [15.5, 0, 16, 3], "rotation": 90, "texture": "#1"},
				"south": {"uv": [0, 0, 0.25, 0.5], "texture": "#1"},
				"west": {"uv": [15.5, 0, 16, 3], "rotation": 270, "texture": "#1"},
				"up": {"uv": [15.75, 0, 16, 3], "texture": "#1"},
				"down": {"uv": [15.75, 0, 16, 3], "rotation": 180, "texture": "#1"}
			}
		},
		{
			"from": [7.7, 3.5, 9],
			"to": [7.95, 4, 9.25],
			"rotation": {"angle": 0, "axis": "x", "origin": [8, 3.69448, 7.96404]},
			"faces": {
				"north": {"uv": [15.75, 0, 16, 0.5], "rotation": 180, "texture": "#1"},
				"east": {"uv": [15.75, 0, 16, 0.5], "rotation": 180, "texture": "#1"},
				"south": {"uv": [15.75, 0, 16, 0.5], "rotation": 180, "texture": "#1"},
				"west": {"uv": [15.75, 0, 16, 0.5], "rotation": 180, "texture": "#1"},
				"up": {"uv": [15.75, 0, 16, 0.25], "texture": "#1"},
				"down": {"uv": [15.75, 0, 16, 0.25], "texture": "#1"}
			}
		},
		{
			"from": [7.7, 3.5, 8.75],
			"to": [7.95, 3.75, 9],
			"rotation": {"angle": 0, "axis": "x", "origin": [8, 3.69448, 7.96404]},
			"faces": {
				"north": {"uv": [15.75, 0, 16, 0.25], "rotation": 180, "texture": "#1"},
				"east": {"uv": [15.75, 0, 16, 0.25], "rotation": 180, "texture": "#1"},
				"south": {"uv": [15.75, 0, 16, 0.25], "rotation": 180, "texture": "#1"},
				"west": {"uv": [15.75, 0, 16, 0.25], "rotation": 180, "texture": "#1"},
				"up": {"uv": [15.75, 0, 16, 0.25], "texture": "#1"},
				"down": {"uv": [15.75, 0, 16, 0.25], "texture": "#1"}
			}
		},
		{
			"from": [7.7, 3, 7.96404],
			"to": [7.95, 4, 8.46404],
			"rotation": {"angle": 0, "axis": "x", "origin": [8, 3.69448, 7.96404]},
			"faces": {
				"north": {"uv": [15.75, 0, 16, 1], "rotation": 180, "texture": "#1"},
				"east": {"uv": [15, 0, 16, 0.5], "rotation": 90, "texture": "#1"},
				"south": {"uv": [15.75, 0, 16, 1], "texture": "#1"},
				"west": {"uv": [15, 0, 16, 0.5], "rotation": 270, "texture": "#1"},
				"up": {"uv": [15.75, 0, 16, 0.5], "texture": "#1"},
				"down": {"uv": [15.75, 0, 16, 0.5], "rotation": 180, "texture": "#1"}
			}
		}
	],
	"display": {
		"thirdperson_righthand": {
			"rotation": [69, 0, 0],
			"translation": [1, 5, 6.25]
		},
		"thirdperson_lefthand": {
			"rotation": [69, 0, 0],
			"translation": [0.5, 5, 6.25]
		},
		"firstperson_righthand": {
			"translation": [-8.75, 8.75, 5]
		},
		"firstperson_lefthand": {
			"translation": [-9.25, 8.75, 5]
		},
		"ground": {
			"translation": [0, 3.5, 0]
		},
		"gui": {
			"rotation": [0, 90, 0],
			"translation": [0, 5.5, 0],
			"scale": [1.5, 1.5, 1.5]
		},
		"head": {
			"rotation": [27, 0, 0],
			"translation": [0, 6, -3.75]
		},
		"fixed": {
			"rotation": [0, 90, 0],
			"translation": [0, 5.25, -1.25],
			"scale": [1.5, 1.5, 1.5]
		}
	},
	"groups": [
		{
			"name": "handle",
			"origin": [8.5, 2.5, 9],
			"color": 0,
			"nbt": "{}",
			"armAnimationEnabled": false,
			"children": [0, 1, 2, 3]
		},
		{
			"name": "frame",
			"origin": [8, 8, 8],
			"color": 0,
			"nbt": "{}",
			"armAnimationEnabled": false,
			"children": [4, 5, 6, 7, 8, 9, 10, 11, 12]
		},
		{
			"name": "trigger",
			"origin": [8, 8, 8],
			"color": 0,
			"nbt": "{}",
			"armAnimationEnabled": false,
			"children": [13, 14, 15, 16]
		}
	]
}