{
	"credit": "Made with Blockbench",
	"texture_size": [32, 32],
	"textures": {
		"0": "custom/barrettframe1texture",
		"1": "custom/barretframe2texture",
		"particle": "custom/barrettframe1texture"
	},
	"elements": [
		{
			"from": [7, 0, 15],
			"to": [9, 1, 18],
			"faces": {
				"north": {"uv": [10, 9.5, 11, 10], "texture": "#1"},
				"east": {"uv": [0, 10, 1.5, 10.5], "texture": "#1"},
				"south": {"uv": [10.5, 4.5, 11.5, 5], "texture": "#1"},
				"west": {"uv": [10, 5, 11.5, 5.5], "texture": "#1"},
				"up": {"uv": [5.5, 7.5, 4.5, 6], "texture": "#1"},
				"down": {"uv": [6.5, 6, 5.5, 7.5], "texture": "#1"}
			}
		},
		{
			"from": [7, 1, 16],
			"to": [9, 3, 18],
			"faces": {
				"north": {"uv": [8, 9, 9, 10], "texture": "#1"},
				"east": {"uv": [9, 9, 10, 10], "texture": "#1"},
				"south": {"uv": [9.5, 0, 10.5, 1], "texture": "#1"},
				"west": {"uv": [9.5, 1, 10.5, 2], "texture": "#1"},
				"up": {"uv": [10.5, 3, 9.5, 2], "texture": "#1"},
				"down": {"uv": [10.5, 3, 9.5, 4], "texture": "#1"}
			}
		},
		{
			"from": [7, 0.5, 18],
			"to": [9, 2.5, 18.5],
			"faces": {
				"north": {"uv": [3.5, 9.5, 4.5, 10.5], "texture": "#1"},
				"east": {"uv": [6.5, 10.5, 7, 11.5], "texture": "#1"},
				"south": {"uv": [9.5, 4, 10.5, 5], "texture": "#1"},
				"west": {"uv": [7, 10.5, 7.5, 11.5], "texture": "#1"},
				"up": {"uv": [11.5, 8, 10.5, 7.5], "texture": "#1"},
				"down": {"uv": [9, 10.5, 8, 11], "texture": "#1"}
			}
		},
		{
			"from": [7, 3, 15],
			"to": [9, 5, 18],
			"faces": {
				"north": {"uv": [6.5, 9.5, 7.5, 10.5], "texture": "#1"},
				"east": {"uv": [6.5, 3, 8, 4], "texture": "#1"},
				"south": {"uv": [9.5, 7.5, 10.5, 8.5], "texture": "#1"},
				"west": {"uv": [6.5, 4, 8, 5], "texture": "#1"},
				"up": {"uv": [7.5, 7.5, 6.5, 6], "texture": "#1"},
				"down": {"uv": [8, 0, 7, 1.5], "texture": "#1"}
			}
		},
		{
			"from": [7, 5, 14],
			"to": [9, 8, 17],
			"faces": {
				"north": {"uv": [7, 1.5, 8, 3], "texture": "#1"},
				"east": {"uv": [5.5, 0, 7, 1.5], "texture": "#1"},
				"south": {"uv": [4.5, 7.5, 5.5, 9], "texture": "#1"},
				"west": {"uv": [5.5, 1.5, 7, 3], "texture": "#1"},
				"up": {"uv": [8.5, 6.5, 7.5, 5], "texture": "#1"},
				"down": {"uv": [6.5, 7.5, 5.5, 9], "texture": "#1"}
			}
		},
		{
			"from": [8, 4, 10.1],
			"to": [8, 4.6, 13.1],
			"rotation": {"angle": 22.5, "axis": "x", "origin": [8, 4.3, 13.5]},
			"faces": {
				"north": {"uv": [0, 0, 0, 0.5], "texture": "#1"},
				"east": {"uv": [10, 5.5, 11.5, 6], "texture": "#1"},
				"south": {"uv": [0, 0, 0, 0.5], "texture": "#1"},
				"west": {"uv": [8, 10, 9.5, 10.5], "texture": "#1"},
				"up": {"uv": [0, 1.5, 0, 0], "texture": "#1"},
				"down": {"uv": [0, 0, 0, 1.5], "texture": "#1"}
			}
		},
		{
			"from": [8, 6.37486, 12.21],
			"to": [8, 8.37486, 12.81],
			"rotation": {"angle": 22.5, "axis": "x", "origin": [8, 6.87486, 12.51]},
			"faces": {
				"north": {"uv": [0, 0, 0, 1], "texture": "#1"},
				"east": {"uv": [9, 10.5, 9.5, 11.5], "texture": "#1"},
				"south": {"uv": [0, 0, 0, 1], "texture": "#1"},
				"west": {"uv": [9.5, 10.5, 10, 11.5], "texture": "#1"},
				"up": {"uv": [0, 0.5, 0, 0], "texture": "#1"},
				"down": {"uv": [0, 0, 0, 0.5], "texture": "#1"}
			}
		},
		{
			"from": [8, 6.37486, 11.7],
			"to": [8, 6.87486, 12.3],
			"rotation": {"angle": 22.5, "axis": "x", "origin": [8, 6.87486, 12.51]},
			"faces": {
				"north": {"uv": [0, 0, 0, 0.5], "texture": "#1"},
				"east": {"uv": [10.5, 8, 11, 8.5], "texture": "#1"},
				"south": {"uv": [0, 0, 0, 0.5], "texture": "#1"},
				"west": {"uv": [11.5, 3, 12, 3.5], "texture": "#1"},
				"up": {"uv": [0, 0.5, 0, 0], "texture": "#1"},
				"down": {"uv": [0, 0, 0, 0.5], "texture": "#1"}
			}
		},
		{
			"from": [8, 4.2, 13],
			"to": [8, 4.8, 16],
			"rotation": {"angle": 0, "axis": "x", "origin": [8, 4.3, 13.5]},
			"faces": {
				"north": {"uv": [0, 0, 0, 0.5], "texture": "#1"},
				"east": {"uv": [10, 9, 11.5, 9.5], "texture": "#1"},
				"south": {"uv": [0, 0, 0, 0.5], "texture": "#1"},
				"west": {"uv": [9.5, 10, 11, 10.5], "texture": "#1"},
				"up": {"uv": [0, 1.5, 0, 0], "texture": "#1"},
				"down": {"uv": [0, 0, 0, 1.5], "texture": "#1"}
			}
		},
		{
			"from": [8.5, 1.5, -2],
			"to": [9.5, 11.5, -1],
			"rotation": {"angle": 22.5, "axis": "z", "origin": [14, 8.5, -3.5]},
			"faces": {
				"north": {"uv": [4, 0, 4.5, 5], "texture": "#1"},
				"east": {"uv": [4.5, 0, 5, 5], "texture": "#1"},
				"south": {"uv": [0, 5, 0.5, 10], "texture": "#1"},
				"west": {"uv": [5, 0, 5.5, 5], "texture": "#1"},
				"up": {"uv": [12, 4, 11.5, 3.5], "texture": "#1"},
				"down": {"uv": [5, 11.5, 4.5, 12], "texture": "#1"}
			}
		},
		{
			"from": [5.64597, -2.26118, -2],
			"to": [6.64597, 7.73882, -1],
			"rotation": {"angle": -22.5, "axis": "z", "origin": [10.14597, 4.73882, -1.5]},
			"faces": {
				"north": {"uv": [0.5, 5, 1, 10], "texture": "#1"},
				"east": {"uv": [1, 5, 1.5, 10], "texture": "#1"},
				"south": {"uv": [1.5, 5, 2, 10], "texture": "#1"},
				"west": {"uv": [2, 5, 2.5, 10], "texture": "#1"},
				"up": {"uv": [12, 5, 11.5, 4.5], "texture": "#1"},
				"down": {"uv": [5.5, 11.5, 5, 12], "texture": "#1"}
			}
		},
		{
			"from": [8.5, 8.5, -15],
			"to": [9.5, 10.5, -12],
			"rotation": {"angle": 22.5, "axis": "y", "origin": [8, 9.5, -14.5]},
			"faces": {
				"north": {"uv": [10, 10.5, 10.5, 11.5], "texture": "#1"},
				"east": {"uv": [6.5, 7.5, 8, 8.5], "texture": "#1"},
				"south": {"uv": [10.5, 10.5, 11, 11.5], "texture": "#1"},
				"west": {"uv": [7.5, 6.5, 9, 7.5], "texture": "#1"},
				"up": {"uv": [2, 11.5, 1.5, 10], "texture": "#1"},
				"down": {"uv": [2.5, 10, 2, 11.5], "texture": "#1"}
			}
		},
		{
			"from": [7.5, 8.5, -15],
			"to": [8.5, 10.5, -12],
			"rotation": {"angle": 22.5, "axis": "y", "origin": [8, 9.5, -14.5]},
			"faces": {
				"north": {"uv": [11, 0, 11.5, 1], "texture": "#1"},
				"east": {"uv": [8, 0, 9.5, 1], "texture": "#1"},
				"south": {"uv": [11, 1, 11.5, 2], "texture": "#1"},
				"west": {"uv": [8, 1, 9.5, 2], "texture": "#1"},
				"up": {"uv": [0.5, 12, 0, 10.5], "texture": "#1"},
				"down": {"uv": [11, 0, 10.5, 1.5], "texture": "#1"}
			}
		},
		{
			"from": [6.5, 8.5, -15],
			"to": [7.5, 10.5, -12],
			"rotation": {"angle": -22.5, "axis": "y", "origin": [8, 9.5, -14.5]},
			"faces": {
				"north": {"uv": [11, 2, 11.5, 3], "texture": "#1"},
				"east": {"uv": [8, 2, 9.5, 3], "texture": "#1"},
				"south": {"uv": [2.5, 11, 3, 12], "texture": "#1"},
				"west": {"uv": [8, 3, 9.5, 4], "texture": "#1"},
				"up": {"uv": [1, 12, 0.5, 10.5], "texture": "#1"},
				"down": {"uv": [1.5, 10.5, 1, 12], "texture": "#1"}
			}
		},
		{
			"from": [7.5, 8.5, -15],
			"to": [8.5, 10.5, -12],
			"rotation": {"angle": -22.5, "axis": "y", "origin": [8, 9.5, -14.5]},
			"faces": {
				"north": {"uv": [3, 11, 3.5, 12], "texture": "#1"},
				"east": {"uv": [8, 4, 9.5, 5], "texture": "#1"},
				"south": {"uv": [11, 3, 11.5, 4], "texture": "#1"},
				"west": {"uv": [8, 7.5, 9.5, 8.5], "texture": "#1"},
				"up": {"uv": [11, 3, 10.5, 1.5], "texture": "#1"},
				"down": {"uv": [11, 3, 10.5, 4.5], "texture": "#1"}
			}
		},
		{
			"from": [7.5, 9, -12],
			"to": [8.5, 10, -4],
			"faces": {
				"north": {"uv": [11.5, 5, 12, 5.5], "texture": "#1"},
				"east": {"uv": [9, 6.5, 11.5, 7], "texture": "#1"},
				"south": {"uv": [5.5, 11.5, 6, 12], "texture": "#1"},
				"west": {"uv": [9, 7, 11.5, 7.5], "texture": "#1"},
				"up": {"uv": [5, 11.5, 4.5, 9], "texture": "#1"},
				"down": {"uv": [5.5, 9, 5, 11.5], "texture": "#1"}
			}
		},
		{
			"from": [7.5, 9, -16],
			"to": [8.5, 10, -15],
			"faces": {
				"north": {"uv": [11.5, 5.5, 12, 6], "texture": "#1"},
				"east": {"uv": [6, 11.5, 6.5, 12], "texture": "#1"},
				"south": {"uv": [11.5, 6, 12, 6.5], "texture": "#1"},
				"west": {"uv": [6.5, 11.5, 7, 12], "texture": "#1"},
				"up": {"uv": [12, 7, 11.5, 6.5], "texture": "#1"},
				"down": {"uv": [7.5, 11.5, 7, 12], "texture": "#1"}
			}
		},
		{
			"from": [7.5, 8.5, -15],
			"to": [8.5, 10.5, -12],
			"faces": {
				"north": {"uv": [8, 11, 8.5, 12], "texture": "#1"},
				"east": {"uv": [8.5, 5, 10, 6], "texture": "#1"},
				"south": {"uv": [11, 8, 11.5, 9], "texture": "#1"},
				"west": {"uv": [6.5, 8.5, 8, 9.5], "texture": "#1"},
				"up": {"uv": [4, 12, 3.5, 10.5], "texture": "#1"},
				"down": {"uv": [4.5, 10.5, 4, 12], "texture": "#1"}
			}
		},
		{
			"from": [7.5, 3, 3.5],
			"to": [8.5, 5, 10.5],
			"faces": {
				"north": {"uv": [8.5, 11, 9, 12], "texture": "#1"},
				"east": {"uv": [0, 0, 3.5, 1], "texture": "#1"},
				"south": {"uv": [11, 9.5, 11.5, 10.5], "texture": "#1"},
				"west": {"uv": [0, 1, 3.5, 2], "texture": "#1"},
				"up": {"uv": [4, 9.5, 3.5, 6], "texture": "#1"},
				"down": {"uv": [4.5, 6, 4, 9.5], "texture": "#1"}
			}
		},
		{
			"from": [7.5, 1, 5.5],
			"to": [8.5, 3, 10.5],
			"faces": {
				"north": {"uv": [11, 10.5, 11.5, 11.5], "texture": "#1"},
				"east": {"uv": [2.5, 5, 5, 6], "texture": "#1"},
				"south": {"uv": [11.5, 0, 12, 1], "texture": "#1"},
				"west": {"uv": [5, 5, 7.5, 6], "texture": "#1"},
				"up": {"uv": [6, 11.5, 5.5, 9], "texture": "#1"},
				"down": {"uv": [6.5, 9, 6, 11.5], "texture": "#1"}
			}
		},
		{
			"from": [7, 4, 30],
			"to": [9, 8, 31],
			"faces": {
				"north": {"uv": [5.5, 3, 6.5, 5], "texture": "#1"},
				"east": {"uv": [3.5, 0, 4, 2], "texture": "#1"},
				"south": {"uv": [2.5, 6, 3.5, 8], "texture": "#1"},
				"west": {"uv": [7.5, 9.5, 8, 11.5], "texture": "#1"},
				"up": {"uv": [12, 4.5, 11, 4], "texture": "#1"},
				"down": {"uv": [12.5, 1, 11.5, 1.5], "texture": "#1"}
			}
		},
		{
			"from": [7, 3.7, 24],
			"to": [9, 8.8, 25],
			"rotation": {"angle": -22.5, "axis": "x", "origin": [8, 6, 25.5]},
			"faces": {
				"north": {"uv": [0, 2, 1, 5], "texture": "#1"},
				"east": {"uv": [2.5, 8, 3, 11], "texture": "#1"},
				"south": {"uv": [1, 2, 2, 5], "texture": "#1"},
				"west": {"uv": [3, 8, 3.5, 11], "texture": "#1"},
				"up": {"uv": [2.5, 12, 1.5, 11.5], "texture": "#1"},
				"down": {"uv": [12.5, 1.5, 11.5, 2], "texture": "#1"}
			}
		},
		{
			"from": [7, 3, 25],
			"to": [9, 4, 31],
			"rotation": {"angle": 0, "axis": "x", "origin": [8, 2, 25.5]},
			"faces": {
				"north": {"uv": [11.5, 2, 12.5, 2.5], "texture": "#1"},
				"east": {"uv": [8.5, 6, 11.5, 6.5], "texture": "#1"},
				"south": {"uv": [11.5, 2.5, 12.5, 3], "texture": "#1"},
				"west": {"uv": [8, 8.5, 11, 9], "texture": "#1"},
				"up": {"uv": [3, 5, 2, 2], "texture": "#1"},
				"down": {"uv": [4, 2, 3, 5], "texture": "#1"}
			}
		},
		{
			"from": [7, 8, -4],
			"to": [9, 11, 32],
			"faces": {
				"north": {"uv": [3, 1.5, 3.5, 2.25], "texture": "#0"},
				"east": {"uv": [0, 0, 9.75, 0.75], "texture": "#0"},
				"south": {"uv": [2, 3, 2.5, 3.75], "texture": "#0"},
				"west": {"uv": [0, 0.75, 9.75, 1.5], "texture": "#0"},
				"up": {"uv": [0.5, 11.25, 0, 1.5], "texture": "#0"},
				"down": {"uv": [1, 1.5, 0.5, 11.25], "texture": "#0"}
			}
		},
		{
			"from": [7, 11, 3],
			"to": [9, 12, 21],
			"faces": {
				"north": {"uv": [0, 0, 1.5, 1.25], "texture": "#0"},
				"east": {"uv": [0, 0, 1.5, 1.25], "texture": "#0"},
				"south": {"uv": [0, 0, 1.5, 1.25], "texture": "#0"},
				"west": {"uv": [0, 0, 1.5, 1.25], "texture": "#0"},
				"up": {"uv": [0, 0, 1.5, 1.25], "texture": "#0"},
				"down": {"uv": [0, 0, 1.5, 1.25], "texture": "#0"}
			}
		},
		{
			"from": [7, 12, 6],
			"to": [9, 13, 13],
			"faces": {
				"north": {"uv": [0, 0, 1.5, 0.75], "texture": "#0"},
				"east": {"uv": [0, 0, 1.5, 0.75], "texture": "#0"},
				"south": {"uv": [0, 0, 1.5, 0.75], "texture": "#0"},
				"west": {"uv": [0, 0, 1.5, 0.75], "texture": "#0"},
				"up": {"uv": [0, 0, 1.5, 0.75], "texture": "#0"},
				"down": {"uv": [0, 0, 1.5, 0.75], "texture": "#0"}
			}
		},
		{
			"from": [7.2, 5, 3],
			"to": [8.7, 8, 11],
			"faces": {
				"north": {"uv": [3, 2.25, 3.5, 3], "texture": "#0"},
				"east": {"uv": [1, 1.5, 3, 2.25], "texture": "#0"},
				"south": {"uv": [2.5, 3, 3, 3.75], "texture": "#0"},
				"west": {"uv": [1, 2.25, 3, 3], "texture": "#0"},
				"up": {"uv": [1.5, 5, 1, 3], "texture": "#0"},
				"down": {"uv": [2, 3, 1.5, 5], "texture": "#0"}
			}
		}
	],
	"display": {
		"thirdperson_righthand": {
			"rotation": [70, 0, 0],
			"translation": [0, 10.75, 5.25]
		},
		"thirdperson_lefthand": {
			"rotation": [70, 0, 0],
			"translation": [0, 10.75, 5.25]
		},
		"firstperson_righthand": {
			"translation": [-9, 2.75, 2.25]
		},
		"firstperson_lefthand": {
			"translation": [-9, 2.75, 2.25]
		},
		"ground": {
			"translation": [0, 0.5, 0],
			"scale": [0.5, 0.5, 0.5]
		},
		"gui": {
			"rotation": [0, 90, 0],
			"scale": [0.3, 0.35, 0.3]
		},
		"head": {
			"rotation": [13, 0, 0],
			"translation": [0, -0.25, 6.75]
		},
		"fixed": {
			"rotation": [0, -90, 0],
			"translation": [0.25, 0, -0.25],
			"scale": [0.4, 0.4, 0.4]
		}
	},
	"groups": [
		{
			"name": "barrett",
			"origin": [0, 0, 0],
			"color": 0,
			"nbt": "{}",
			"armAnimationEnabled": false,
			"children": [
				{
					"name": "frame2",
					"origin": [8, 2, 25.5],
					"color": 0,
					"nbt": "{}",
					"armAnimationEnabled": false,
					"children": [0, 1, 2, 3, 4, 5, 6, 7, 8, 9, 10, 11, 12, 13, 14, 15, 16, 17, 18, 19, 20, 21, 22]
				},
				{
					"name": "frame1",
					"origin": [0, 0, 0],
					"color": 0,
					"nbt": "{}",
					"armAnimationEnabled": false,
					"children": [23, 24, 25, 26]
				}
			]
		}
	]
}