{
	"credit": "Made with Blockbench",
	"textures": {
		"0": "custom/augframe1texture",
		"1": "custom/augframe2texture",
		"2": "custom/augframe3texture",
		"particle": "custom/augframe1texture"
	},
	"elements": [
		{
			"from": [7, 7, 8],
			"to": [9, 8, 23],
			"faces": {
				"north": {"uv": [5.25, 3.25, 5.75, 3.5], "texture": "#0"},
				"east": {"uv": [2, 0.5, 5.75, 0.75], "texture": "#0"},
				"south": {"uv": [3.75, 5.25, 4.25, 5.5], "texture": "#0"},
				"west": {"uv": [2, 0.75, 5.75, 1], "texture": "#0"},
				"up": {"uv": [1.5, 3.75, 1, 0], "texture": "#0"},
				"down": {"uv": [2, 0, 1.5, 3.75], "texture": "#0"}
			}
		},
		{
			"from": [7, 4, 18],
			"to": [9, 6, 24],
			"faces": {
				"north": {"uv": [4.75, 1.5, 5.25, 2], "texture": "#0"},
				"east": {"uv": [2, 1, 3.5, 1.5], "texture": "#0"},
				"south": {"uv": [4.75, 2, 5.25, 2.5], "texture": "#0"},
				"west": {"uv": [2, 1.5, 3.5, 2], "texture": "#0"},
				"up": {"uv": [2.5, 3.5, 2, 2], "texture": "#0"},
				"down": {"uv": [3, 2, 2.5, 3.5], "texture": "#0"}
			}
		},
		{
			"from": [7, 2, 21],
			"to": [9, 3, 24],
			"faces": {
				"north": {"uv": [4.25, 5.25, 4.75, 5.5], "texture": "#0"},
				"east": {"uv": [5, 4.5, 5.75, 4.75], "texture": "#0"},
				"south": {"uv": [4.75, 5.25, 5.25, 5.5], "texture": "#0"},
				"west": {"uv": [5.25, 3, 6, 3.25], "texture": "#0"},
				"up": {"uv": [1.5, 4.5, 1, 3.75], "texture": "#0"},
				"down": {"uv": [2, 3.75, 1.5, 4.5], "texture": "#0"}
			}
		},
		{
			"from": [7, 3, 19],
			"to": [9, 4, 24],
			"faces": {
				"north": {"uv": [5.25, 4.75, 5.75, 5], "texture": "#0"},
				"east": {"uv": [3.75, 4.5, 5, 4.75], "texture": "#0"},
				"south": {"uv": [5.25, 5, 5.75, 5.25], "texture": "#0"},
				"west": {"uv": [4.75, 1.25, 6, 1.5], "texture": "#0"},
				"up": {"uv": [4, 3.75, 3.5, 2.5], "texture": "#0"},
				"down": {"uv": [3.5, 3.5, 3, 4.75], "texture": "#0"}
			}
		},
		{
			"from": [7, 6, -1],
			"to": [9, 7, 24],
			"faces": {
				"north": {"uv": [5.25, 5.25, 5.75, 5.5], "texture": "#0"},
				"east": {"uv": [2, 0, 8.25, 0.25], "texture": "#0"},
				"south": {"uv": [5.5, 1, 6, 1.25], "texture": "#0"},
				"west": {"uv": [2, 0.25, 8.25, 0.5], "texture": "#0"},
				"up": {"uv": [0.5, 6.25, 0, 0], "texture": "#0"},
				"down": {"uv": [1, 0, 0.5, 6.25], "texture": "#0"}
			}
		},
		{
			"from": [7, 5, 12],
			"to": [9, 6, 18],
			"faces": {
				"north": {"uv": [2, 5.5, 2.5, 5.75], "texture": "#0"},
				"east": {"uv": [3.5, 3.75, 5, 4], "texture": "#0"},
				"south": {"uv": [2.5, 5.5, 3, 5.75], "texture": "#0"},
				"west": {"uv": [4, 1, 5.5, 1.25], "texture": "#0"},
				"up": {"uv": [3.5, 3.5, 3, 2], "texture": "#0"},
				"down": {"uv": [4, 1, 3.5, 2.5], "texture": "#0"}
			}
		},
		{
			"from": [7, 4, 6],
			"to": [9, 6, 9],
			"faces": {
				"north": {"uv": [4.75, 2.5, 5.25, 3], "texture": "#0"},
				"east": {"uv": [4, 1.25, 4.75, 1.75], "texture": "#0"},
				"south": {"uv": [3, 4.75, 3.5, 5.25], "texture": "#0"},
				"west": {"uv": [4, 1.75, 4.75, 2.25], "texture": "#0"},
				"up": {"uv": [4.5, 3, 4, 2.25], "texture": "#0"},
				"down": {"uv": [4.5, 3, 4, 3.75], "texture": "#0"}
			}
		},
		{
			"from": [7, 2, 7],
			"to": [9, 4, 10],
			"faces": {
				"north": {"uv": [4.75, 3, 5.25, 3.5], "texture": "#0"},
				"east": {"uv": [3.5, 4, 4.25, 4.5], "texture": "#0"},
				"south": {"uv": [3.75, 4.75, 4.25, 5.25], "texture": "#0"},
				"west": {"uv": [4.25, 4, 5, 4.5], "texture": "#0"},
				"up": {"uv": [1.5, 5.25, 1, 4.5], "texture": "#0"},
				"down": {"uv": [2, 4.5, 1.5, 5.25], "texture": "#0"}
			}
		},
		{
			"from": [7, 0, 8],
			"to": [9, 2, 10],
			"faces": {
				"north": {"uv": [4.25, 4.75, 4.75, 5.25], "texture": "#0"},
				"east": {"uv": [4.75, 4.75, 5.25, 5.25], "texture": "#0"},
				"south": {"uv": [2, 5, 2.5, 5.5], "texture": "#0"},
				"west": {"uv": [2.5, 5, 3, 5.5], "texture": "#0"},
				"up": {"uv": [5.5, 4, 5, 3.5], "texture": "#0"},
				"down": {"uv": [5.5, 4, 5, 4.5], "texture": "#0"}
			}
		},
		{
			"from": [7, 0.5, 10],
			"to": [9, 2.5, 10.5],
			"faces": {
				"north": {"uv": [1, 5.25, 1.5, 5.75], "texture": "#0"},
				"east": {"uv": [5.5, 3.5, 5.75, 4], "texture": "#0"},
				"south": {"uv": [1.5, 5.25, 2, 5.75], "texture": "#0"},
				"west": {"uv": [3.75, 5.5, 4, 6], "texture": "#0"},
				"up": {"uv": [4.5, 5.75, 4, 5.5], "texture": "#0"},
				"down": {"uv": [6, 4, 5.5, 4.25], "texture": "#0"}
			}
		},
		{
			"from": [7, 1.07, 4.32],
			"to": [9, 7.07, 5.32],
			"rotation": {"angle": -22.5, "axis": "x", "origin": [8, 0.5, 5]},
			"faces": {
				"north": {"uv": [2, 3.5, 2.5, 5], "texture": "#0"},
				"east": {"uv": [4.5, 2.25, 4.75, 3.75], "texture": "#0"},
				"south": {"uv": [2.5, 3.5, 3, 5], "texture": "#0"},
				"west": {"uv": [3.5, 4.5, 3.75, 6], "texture": "#0"},
				"up": {"uv": [6, 4.5, 5.5, 4.25], "texture": "#0"},
				"down": {"uv": [5, 5.5, 4.5, 5.75], "texture": "#0"}
			}
		},
		{
			"from": [7, 0.42, 4.12],
			"to": [9, 1.42, 6.12],
			"rotation": {"angle": 22.5, "axis": "x", "origin": [8, 0.5, 5]},
			"faces": {
				"north": {"uv": [5, 5.5, 5.5, 5.75], "texture": "#0"},
				"east": {"uv": [5.5, 5.5, 6, 5.75], "texture": "#0"},
				"south": {"uv": [5.75, 0.5, 6.25, 0.75], "texture": "#0"},
				"west": {"uv": [5.75, 0.75, 6.25, 1], "texture": "#0"},
				"up": {"uv": [5.75, 2, 5.25, 1.5], "texture": "#0"},
				"down": {"uv": [5.75, 2, 5.25, 2.5], "texture": "#0"}
			}
		},
		{
			"from": [7, 0, 6],
			"to": [9, 1, 8],
			"faces": {
				"north": {"uv": [1, 5.75, 1.5, 6], "texture": "#0"},
				"east": {"uv": [1.5, 5.75, 2, 6], "texture": "#0"},
				"south": {"uv": [5.75, 1.5, 6.25, 1.75], "texture": "#0"},
				"west": {"uv": [5.75, 1.75, 6.25, 2], "texture": "#0"},
				"up": {"uv": [5.75, 3, 5.25, 2.5], "texture": "#0"},
				"down": {"uv": [3.5, 5.25, 3, 5.75], "texture": "#0"}
			}
		},
		{
			"from": [7.25, 8, 7],
			"to": [8.75, 8.5, 9],
			"faces": {
				"north": {"uv": [0, 11, 1, 11.5], "texture": "#1"},
				"east": {"uv": [11, 1.5, 12, 2], "texture": "#1"},
				"south": {"uv": [11, 2, 12, 2.5], "texture": "#1"},
				"west": {"uv": [11, 2.5, 12, 3], "texture": "#1"},
				"up": {"uv": [10.5, 7, 9.5, 6], "texture": "#1"},
				"down": {"uv": [11, 3, 10, 4], "texture": "#1"}
			}
		},
		{
			"from": [7, 7, -1],
			"to": [9, 8, 8],
			"faces": {
				"north": {"uv": [3, 11, 4, 11.5], "texture": "#1"},
				"east": {"uv": [5, 6, 9.5, 6.5], "texture": "#1"},
				"south": {"uv": [11, 3, 12, 3.5], "texture": "#1"},
				"west": {"uv": [5, 6.5, 9.5, 7], "texture": "#1"},
				"up": {"uv": [5, 8.5, 4, 4], "texture": "#1"},
				"down": {"uv": [1, 5, 0, 9.5], "texture": "#1"}
			}
		},
		{
			"from": [7, 10.2, 0],
			"to": [9, 10.7, 10],
			"faces": {
				"north": {"uv": [11, 3.5, 12, 4], "texture": "#1"},
				"east": {"uv": [5, 4, 10, 4.5], "texture": "#1"},
				"south": {"uv": [4, 11, 5, 11.5], "texture": "#1"},
				"west": {"uv": [5, 4.5, 10, 5], "texture": "#1"},
				"up": {"uv": [1, 5, 0, 0], "texture": "#1"},
				"down": {"uv": [2, 0, 1, 5], "texture": "#1"}
			}
		},
		{
			"from": [7, 12.2, 0],
			"to": [9, 12.7, 10],
			"faces": {
				"north": {"uv": [11, 4, 12, 4.5], "texture": "#1"},
				"east": {"uv": [5, 5, 10, 5.5], "texture": "#1"},
				"south": {"uv": [11, 4.5, 12, 5], "texture": "#1"},
				"west": {"uv": [5, 5.5, 10, 6], "texture": "#1"},
				"up": {"uv": [3, 5, 2, 0], "texture": "#1"},
				"down": {"uv": [4, 0, 3, 5], "texture": "#1"}
			}
		},
		{
			"from": [8.75, 10.45, 0],
			"to": [9.25, 12.45, 10],
			"rotation": {"angle": 0, "axis": "z", "origin": [8, 11.45, 5]},
			"faces": {
				"north": {"uv": [9.5, 10, 10, 11], "texture": "#1"},
				"east": {"uv": [4, 0, 9, 1], "texture": "#1"},
				"south": {"uv": [7.5, 10.5, 8, 11.5], "texture": "#1"},
				"west": {"uv": [4, 1, 9, 2], "texture": "#1"},
				"up": {"uv": [1.5, 10, 1, 5], "texture": "#1"},
				"down": {"uv": [2, 5, 1.5, 10], "texture": "#1"}
			}
		},
		{
			"from": [6.75, 10.45, 0],
			"to": [7.25, 12.45, 10],
			"rotation": {"angle": 0, "axis": "z", "origin": [8, 11.45, 5]},
			"faces": {
				"north": {"uv": [5, 11, 5.5, 12], "texture": "#1"},
				"east": {"uv": [4, 2, 9, 3], "texture": "#1"},
				"south": {"uv": [11, 5, 11.5, 6], "texture": "#1"},
				"west": {"uv": [4, 3, 9, 4], "texture": "#1"},
				"up": {"uv": [2.5, 10, 2, 5], "texture": "#1"},
				"down": {"uv": [3, 5, 2.5, 10], "texture": "#1"}
			}
		},
		{
			"from": [7.25, 6.25, -5],
			"to": [8.75, 7.75, -1],
			"faces": {
				"north": {"uv": [10, 4, 11, 5], "texture": "#1"},
				"east": {"uv": [5, 7, 7, 8], "texture": "#1"},
				"south": {"uv": [10, 5, 11, 6], "texture": "#1"},
				"west": {"uv": [7, 7, 9, 8], "texture": "#1"},
				"up": {"uv": [4, 7, 3, 5], "texture": "#1"},
				"down": {"uv": [4, 7, 3, 9], "texture": "#1"}
			}
		},
		{
			"from": [7.6, 6.7, -13],
			"to": [8.4, 7.5, -5],
			"faces": {
				"north": {"uv": [7.5, 11.5, 8, 12], "texture": "#1"},
				"east": {"uv": [5, 8, 9, 8.5], "texture": "#1"},
				"south": {"uv": [1, 12, 1.5, 12.5], "texture": "#1"},
				"west": {"uv": [4, 8.5, 8, 9], "texture": "#1"},
				"up": {"uv": [8.5, 12.5, 8, 8.5], "texture": "#1"},
				"down": {"uv": [9, 8.5, 8.5, 12.5], "texture": "#1"}
			}
		},
		{
			"from": [7.25, 8, 7],
			"to": [8.75, 10, 8],
			"rotation": {"angle": 22.5, "axis": "x", "origin": [8, 10, 6.5]},
			"faces": {
				"north": {"uv": [10, 7, 11, 8], "texture": "#1"},
				"east": {"uv": [5.5, 11, 6, 12], "texture": "#1"},
				"south": {"uv": [10, 8, 11, 9], "texture": "#1"},
				"west": {"uv": [6, 11, 6.5, 12], "texture": "#1"},
				"up": {"uv": [7.5, 11.5, 6.5, 11], "texture": "#1"},
				"down": {"uv": [12, 7, 11, 7.5], "texture": "#1"}
			}
		},
		{
			"from": [7.25, 5, 1],
			"to": [8.75, 8.5, 2],
			"rotation": {"angle": 22.5, "axis": "x", "origin": [8, 10, 6.5]},
			"faces": {
				"north": {"uv": [9, 0, 10, 2], "texture": "#1"},
				"east": {"uv": [9, 10, 9.5, 12], "texture": "#1"},
				"south": {"uv": [9, 2, 10, 4], "texture": "#1"},
				"west": {"uv": [10, 9, 10.5, 11], "texture": "#1"},
				"up": {"uv": [12, 8, 11, 7.5], "texture": "#1"},
				"down": {"uv": [12, 8, 11, 8.5], "texture": "#1"}
			}
		},
		{
			"from": [7.25, 9.42, 6.885],
			"to": [8.75, 10.42, 7.885],
			"rotation": {"angle": 0, "axis": "x", "origin": [8, 13.31283, 8.95461]},
			"faces": {
				"north": {"uv": [11, 8.5, 12, 9], "texture": "#1"},
				"east": {"uv": [1.5, 12, 2, 12.5], "texture": "#1"},
				"south": {"uv": [9.5, 11, 10.5, 11.5], "texture": "#1"},
				"west": {"uv": [12, 1.5, 12.5, 2], "texture": "#1"},
				"up": {"uv": [11.5, 11.5, 10.5, 11], "texture": "#1"},
				"down": {"uv": [1, 11.5, 0, 12], "texture": "#1"}
			}
		},
		{
			"from": [7, 4, 14],
			"to": [9, 5, 17],
			"faces": {
				"north": {"uv": [1, 11.5, 2, 12], "texture": "#1"},
				"east": {"uv": [3, 10.5, 4.5, 11], "texture": "#1"},
				"south": {"uv": [2, 11.5, 3, 12], "texture": "#1"},
				"west": {"uv": [4.5, 10.5, 6, 11], "texture": "#1"},
				"up": {"uv": [4, 10.5, 3, 9], "texture": "#1"},
				"down": {"uv": [5, 9, 4, 10.5], "texture": "#1"}
			}
		},
		{
			"from": [7, 2, 13.6],
			"to": [9, 3, 16.6],
			"faces": {
				"north": {"uv": [3, 11.5, 4, 12], "texture": "#1"},
				"east": {"uv": [6, 10.5, 7.5, 11], "texture": "#1"},
				"south": {"uv": [4, 11.5, 5, 12], "texture": "#1"},
				"west": {"uv": [10.5, 6, 12, 6.5], "texture": "#1"},
				"up": {"uv": [6, 10.5, 5, 9], "texture": "#1"},
				"down": {"uv": [7, 9, 6, 10.5], "texture": "#1"}
			}
		},
		{
			"from": [7, 1, 13.4],
			"to": [9, 2, 16.4],
			"faces": {
				"north": {"uv": [11.5, 5, 12.5, 5.5], "texture": "#1"},
				"east": {"uv": [10.5, 6.5, 12, 7], "texture": "#1"},
				"south": {"uv": [11.5, 5.5, 12.5, 6], "texture": "#1"},
				"west": {"uv": [10.5, 9, 12, 9.5], "texture": "#1"},
				"up": {"uv": [8, 10.5, 7, 9], "texture": "#1"},
				"down": {"uv": [10, 7, 9, 8.5], "texture": "#1"}
			}
		},
		{
			"from": [7, 0, 13.2],
			"to": [9, 1, 16.2],
			"faces": {
				"north": {"uv": [6.5, 11.5, 7.5, 12], "texture": "#1"},
				"east": {"uv": [10.5, 9.5, 12, 10], "texture": "#1"},
				"south": {"uv": [9.5, 11.5, 10.5, 12], "texture": "#1"},
				"west": {"uv": [10.5, 10, 12, 10.5], "texture": "#1"},
				"up": {"uv": [10, 10, 9, 8.5], "texture": "#1"},
				"down": {"uv": [1, 9.5, 0, 11], "texture": "#1"}
			}
		},
		{
			"from": [7, -1, 13],
			"to": [9, 0, 16],
			"faces": {
				"north": {"uv": [10.5, 11.5, 11.5, 12], "texture": "#1"},
				"east": {"uv": [10.5, 10.5, 12, 11], "texture": "#1"},
				"south": {"uv": [11.5, 11, 12.5, 11.5], "texture": "#1"},
				"west": {"uv": [11, 0, 12.5, 0.5], "texture": "#1"},
				"up": {"uv": [11, 1.5, 10, 0], "texture": "#1"},
				"down": {"uv": [2, 10, 1, 11.5], "texture": "#1"}
			}
		},
		{
			"from": [7, 3, 13.8],
			"to": [9, 4, 16.8],
			"faces": {
				"north": {"uv": [11.5, 11.5, 12.5, 12], "texture": "#1"},
				"east": {"uv": [11, 0.5, 12.5, 1], "texture": "#1"},
				"south": {"uv": [0, 12, 1, 12.5], "texture": "#1"},
				"west": {"uv": [11, 1, 12.5, 1.5], "texture": "#1"},
				"up": {"uv": [11, 3, 10, 1.5], "texture": "#1"},
				"down": {"uv": [3, 10, 2, 11.5], "texture": "#1"}
			}
		},
		{
			"from": [8, 10.45, 8.3],
			"to": [8.1, 11.25, 8.8],
			"rotation": {"angle": 0, "axis": "z", "origin": [8, 11.45, 5]},
			"faces": {
				"north": {"uv": [0, 0, 1, 1], "texture": "#2"},
				"east": {"uv": [0, 1, 1, 2], "texture": "#2"},
				"south": {"uv": [1, 0, 2, 1], "texture": "#2"},
				"west": {"uv": [1, 1, 2, 2], "texture": "#2"},
				"up": {"uv": [1, 3, 0, 2], "texture": "#2"},
				"down": {"uv": [3, 0, 2, 1], "texture": "#2"}
			}
		},
		{
			"from": [7.9, 11.25, 8.3],
			"to": [8, 11.45, 8.8],
			"rotation": {"angle": 0, "axis": "z", "origin": [8, 11.45, 5]},
			"faces": {
				"north": {"uv": [1, 2, 2, 3], "texture": "#2"},
				"east": {"uv": [2, 1, 3, 2], "texture": "#2"},
				"south": {"uv": [2, 2, 3, 3], "texture": "#2"},
				"west": {"uv": [0, 3, 1, 4], "texture": "#2"},
				"up": {"uv": [4, 1, 3, 0], "texture": "#2"},
				"down": {"uv": [2, 3, 1, 4], "texture": "#2"}
			}
		},
		{
			"from": [8, 11.45, 8.3],
			"to": [8.1, 11.55, 8.8],
			"rotation": {"angle": 0, "axis": "z", "origin": [8, 11.45, 5]},
			"faces": {
				"north": {"uv": [3, 1, 4, 2], "texture": "#2"},
				"east": {"uv": [2, 3, 3, 4], "texture": "#2"},
				"south": {"uv": [3, 2, 4, 3], "texture": "#2"},
				"west": {"uv": [3, 3, 4, 4], "texture": "#2"},
				"up": {"uv": [1, 5, 0, 4], "texture": "#2"},
				"down": {"uv": [5, 0, 4, 1], "texture": "#2"}
			}
		},
		{
			"from": [8.1, 11.25, 8.3],
			"to": [8.2, 11.45, 8.8],
			"rotation": {"angle": 0, "axis": "z", "origin": [8, 11.45, 5]},
			"faces": {
				"north": {"uv": [1, 4, 2, 5], "texture": "#2"},
				"east": {"uv": [4, 1, 5, 2], "texture": "#2"},
				"south": {"uv": [2, 4, 3, 5], "texture": "#2"},
				"west": {"uv": [4, 2, 5, 3], "texture": "#2"},
				"up": {"uv": [4, 5, 3, 4], "texture": "#2"},
				"down": {"uv": [5, 3, 4, 4], "texture": "#2"}
			}
		}
	],
	"display": {
		"thirdperson_righthand": {
			"rotation": [70.25, 0, 0],
			"translation": [0.5, 2.5, 6.75],
			"scale": [0.8, 0.8, 0.8]
		},
		"thirdperson_lefthand": {
			"rotation": [70.25, 0, 0],
			"translation": [0.5, 2.5, 6.75],
			"scale": [0.8, 0.8, 0.8]
		},
		"firstperson_righthand": {
			"translation": [-9, 5, 5.5]
		},
		"firstperson_lefthand": {
			"translation": [-9, 5, 5.5]
		},
		"ground": {
			"translation": [0, 1, 0],
			"scale": [0.5, 0.5, 0.5]
		},
		"gui": {
			"rotation": [0, 90, 0],
			"translation": [0.75, 0, 0],
			"scale": [0.4, 0.4, 0.4]
		},
		"fixed": {
			"rotation": [0, -90, 0],
			"translation": [-1, 0, -0.75],
			"scale": [0.5, 0.5, 0.5]
		}
	},
	"groups": [
		{
			"name": "aug",
			"origin": [0, 0, 0],
			"color": 0,
			"nbt": "{}",
			"armAnimationEnabled": false,
			"children": [
				{
					"name": "frame1",
					"origin": [0, 0, 0],
					"color": 0,
					"nbt": "{}",
					"armAnimationEnabled": false,
					"children": [0, 1, 2, 3, 4, 5, 6, 7, 8, 9, 10, 11, 12]
				},
				{
					"name": "frame2",
					"origin": [0, 0, 0],
					"color": 0,
					"nbt": "{}",
					"armAnimationEnabled": false,
					"children": [13, 14, 15, 16, 17, 18, 19, 20, 21, 22, 23, 24, 25, 26, 27, 28, 29]
				},
				{
					"name": "frame3",
					"origin": [8, 11.45, 5],
					"color": 0,
					"nbt": "{}",
					"armAnimationEnabled": false,
					"children": [30, 31, 32, 33]
				}
			]
		}
	]
}