{
	"credit": "Made with Blockbench",
	"texture_size": [32, 32],
	"textures": {
		"0": "custom/vssframe2texture",
		"1": "custom/vssframe1texture",
		"particle": "custom/vssframe2texture"
	},
	"elements": [
		{
			"from": [7, 1, 8],
			"to": [9, 2, 10],
			"faces": {
				"north": {"uv": [8.5, 6, 9.5, 7], "texture": "#0"},
				"east": {"uv": [2, 9, 3, 10], "texture": "#0"},
				"south": {"uv": [9, 5, 10, 6], "texture": "#0"},
				"west": {"uv": [9, 8, 10, 9], "texture": "#0"},
				"up": {"uv": [10, 10, 9, 9], "texture": "#0"},
				"down": {"uv": [1, 9.5, 0, 10.5], "texture": "#0"}
			}
		},
		{
			"from": [7, 2, 7],
			"to": [9, 4, 10],
			"faces": {
				"north": {"uv": [9.5, 0, 10.5, 1], "texture": "#0"},
				"east": {"uv": [2, 7, 3.5, 8], "texture": "#0"},
				"south": {"uv": [1, 9.5, 2, 10.5], "texture": "#0"},
				"west": {"uv": [7, 6, 8.5, 7], "texture": "#0"},
				"up": {"uv": [8, 8.5, 7, 7], "texture": "#0"},
				"down": {"uv": [8.5, 0, 7.5, 1.5], "texture": "#0"}
			}
		},
		{
			"from": [7, 4, 6],
			"to": [9, 6, 9],
			"faces": {
				"north": {"uv": [9.5, 1, 10.5, 2], "texture": "#0"},
				"east": {"uv": [2, 8, 3.5, 9], "texture": "#0"},
				"south": {"uv": [9.5, 3, 10.5, 4], "texture": "#0"},
				"west": {"uv": [8, 3, 9.5, 4], "texture": "#0"},
				"up": {"uv": [6, 9.5, 5, 8], "texture": "#0"},
				"down": {"uv": [7, 8, 6, 9.5], "texture": "#0"}
			}
		},
		{
			"from": [8, 4, 3],
			"to": [8, 4.5, 6],
			"faces": {
				"north": {"uv": [0, 0, 0, 0.5], "texture": "#0"},
				"east": {"uv": [7.5, 1.5, 9.5, 2], "texture": "#0"},
				"south": {"uv": [0, 0, 0, 0.5], "texture": "#0"},
				"west": {"uv": [9.5, 4, 11.5, 4.5], "texture": "#0"},
				"up": {"uv": [0, 2, 0, 0], "texture": "#0"},
				"down": {"uv": [0, 0, 0, 2], "texture": "#0"}
			}
		},
		{
			"from": [8, 5, 5],
			"to": [8, 6, 5.5],
			"faces": {
				"north": {"uv": [0, 0, 0, 0.5], "texture": "#0"},
				"east": {"uv": [9.5, 4.5, 10, 5], "texture": "#0"},
				"south": {"uv": [0, 0, 0, 0.5], "texture": "#0"},
				"west": {"uv": [8.5, 9.5, 9, 10], "texture": "#0"},
				"up": {"uv": [0, 0.5, 0, 0], "texture": "#0"},
				"down": {"uv": [0, 0, 0, 0.5], "texture": "#0"}
			}
		},
		{
			"from": [8, 5, 4.5],
			"to": [8, 5.5, 5],
			"faces": {
				"north": {"uv": [0, 0, 0, 0.5], "texture": "#0"},
				"east": {"uv": [6.5, 10.5, 7, 11], "texture": "#0"},
				"south": {"uv": [0, 0, 0, 0.5], "texture": "#0"},
				"west": {"uv": [10.5, 10.5, 11, 11], "texture": "#0"},
				"up": {"uv": [0, 0.5, 0, 0], "texture": "#0"},
				"down": {"uv": [0, 0, 0, 0.5], "texture": "#0"}
			}
		},
		{
			"from": [7, 6, -6],
			"to": [9, 8, 9],
			"faces": {
				"north": {"uv": [5, 9.5, 6, 10.5], "texture": "#0"},
				"east": {"uv": [0, 0, 7.5, 1], "texture": "#0"},
				"south": {"uv": [6, 9.5, 7, 10.5], "texture": "#0"},
				"west": {"uv": [0, 1, 7.5, 2], "texture": "#0"},
				"up": {"uv": [1, 9.5, 0, 2], "texture": "#0"},
				"down": {"uv": [2, 2, 1, 9.5], "texture": "#0"}
			}
		},
		{
			"from": [7, 4, -1],
			"to": [9, 6, 3],
			"faces": {
				"north": {"uv": [9.5, 6, 10.5, 7], "texture": "#0"},
				"east": {"uv": [6, 3, 8, 4], "texture": "#0"},
				"south": {"uv": [9.5, 7, 10.5, 8], "texture": "#0"},
				"west": {"uv": [6, 4, 8, 5], "texture": "#0"},
				"up": {"uv": [6, 8, 5, 6], "texture": "#0"},
				"down": {"uv": [7, 6, 6, 8], "texture": "#0"}
			}
		},
		{
			"from": [7, 2, -1],
			"to": [9, 4, 2],
			"faces": {
				"north": {"uv": [7.5, 9.5, 8.5, 10.5], "texture": "#0"},
				"east": {"uv": [8, 4, 9.5, 5], "texture": "#0"},
				"south": {"uv": [2, 10, 3, 11], "texture": "#0"},
				"west": {"uv": [8, 7, 9.5, 8], "texture": "#0"},
				"up": {"uv": [9, 9.5, 8, 8], "texture": "#0"},
				"down": {"uv": [9.5, 0, 8.5, 1.5], "texture": "#0"}
			}
		},
		{
			"from": [7, 4, -1.5],
			"to": [9, 6, -1],
			"faces": {
				"north": {"uv": [7.5, 9.5, 8.5, 10.5], "texture": "#0"},
				"east": {"uv": [8, 4, 9.5, 5], "texture": "#0"},
				"south": {"uv": [2, 10, 3, 11], "texture": "#0"},
				"west": {"uv": [8, 7, 9.5, 8], "texture": "#0"},
				"up": {"uv": [9, 9.5, 8, 8], "texture": "#0"},
				"down": {"uv": [9.5, 0, 8.5, 1.5], "texture": "#0"}
			}
		},
		{
			"from": [7, 0, -1],
			"to": [9, 2, 0.8],
			"faces": {
				"north": {"uv": [7.5, 9.5, 8.5, 10.5], "texture": "#0"},
				"east": {"uv": [8, 4, 9.5, 5], "texture": "#0"},
				"south": {"uv": [2, 10, 3, 11], "texture": "#0"},
				"west": {"uv": [8, 7, 9.5, 8], "texture": "#0"},
				"up": {"uv": [9, 9.5, 8, 8], "texture": "#0"},
				"down": {"uv": [9.5, 0, 8.5, 1.5], "texture": "#0"}
			}
		},
		{
			"from": [7.4, 6.4, -16],
			"to": [8.65, 7.65, -6],
			"faces": {
				"north": {"uv": [2, 11, 2.5, 11.5], "texture": "#0"},
				"east": {"uv": [4, 5, 9, 5.5], "texture": "#0"},
				"south": {"uv": [11, 2, 11.5, 2.5], "texture": "#0"},
				"west": {"uv": [4, 5.5, 9, 6], "texture": "#0"},
				"up": {"uv": [4.5, 11, 4, 6], "texture": "#0"},
				"down": {"uv": [5, 6, 4.5, 11], "texture": "#0"}
			}
		},
		{
			"from": [7, 8, -3],
			"to": [9, 9, 7],
			"faces": {
				"north": {"uv": [10.5, 7.5, 11.5, 8], "texture": "#0"},
				"east": {"uv": [6, 2, 11, 2.5], "texture": "#0"},
				"south": {"uv": [10.5, 10, 11.5, 10.5], "texture": "#0"},
				"west": {"uv": [6, 2.5, 11, 3], "texture": "#0"},
				"up": {"uv": [3, 7, 2, 2], "texture": "#0"},
				"down": {"uv": [4, 2, 3, 7], "texture": "#0"}
			}
		},
		{
			"from": [7, 2, 10],
			"to": [9, 3, 22],
			"faces": {
				"north": {"uv": [3.5, 6, 4.5, 6.5], "texture": "#1"},
				"east": {"uv": [4, 0, 10, 0.5], "texture": "#1"},
				"south": {"uv": [6, 4, 7, 4.5], "texture": "#1"},
				"west": {"uv": [4, 0.5, 10, 1], "texture": "#1"},
				"up": {"uv": [1, 6, 0, 0], "texture": "#1"},
				"down": {"uv": [2, 0, 1, 6], "texture": "#1"}
			}
		},
		{
			"from": [7, 3, 15],
			"to": [9, 6, 16],
			"faces": {
				"north": {"uv": [4, 2, 5, 4], "texture": "#1"},
				"east": {"uv": [0, 6, 0.5, 8], "texture": "#1"},
				"south": {"uv": [4, 4, 5, 6], "texture": "#1"},
				"west": {"uv": [0.5, 6, 1, 8], "texture": "#1"},
				"up": {"uv": [5.5, 6.5, 4.5, 6], "texture": "#1"},
				"down": {"uv": [7, 4.5, 6, 5], "texture": "#1"}
			}
		},
		{
			"from": [7, 6, 10],
			"to": [9, 7, 22],
			"faces": {
				"north": {"uv": [6, 5, 7, 5.5], "texture": "#1"},
				"east": {"uv": [4, 1, 10, 1.5], "texture": "#1"},
				"south": {"uv": [5.5, 6, 6.5, 6.5], "texture": "#1"},
				"west": {"uv": [4, 1.5, 10, 2], "texture": "#1"},
				"up": {"uv": [3, 6, 2, 0], "texture": "#1"},
				"down": {"uv": [4, 0, 3, 6], "texture": "#1"}
			}
		},
		{
			"from": [7, 6, 9],
			"to": [9, 8, 10],
			"faces": {
				"north": {"uv": [1, 6, 2, 7], "texture": "#1"},
				"east": {"uv": [6.5, 2, 7, 3], "texture": "#1"},
				"south": {"uv": [2, 6, 3, 7], "texture": "#1"},
				"west": {"uv": [6.5, 3, 7, 4], "texture": "#1"},
				"up": {"uv": [7, 6, 6, 5.5], "texture": "#1"},
				"down": {"uv": [4.5, 6.5, 3.5, 7], "texture": "#1"}
			}
		},
		{
			"from": [7, 3, 21],
			"to": [9, 6, 22],
			"faces": {
				"north": {"uv": [5, 2, 6, 4], "texture": "#1"},
				"east": {"uv": [6, 2, 6.5, 4], "texture": "#1"},
				"south": {"uv": [5, 4, 6, 6], "texture": "#1"},
				"west": {"uv": [3, 6, 3.5, 8], "texture": "#1"},
				"up": {"uv": [5.5, 7, 4.5, 6.5], "texture": "#1"},
				"down": {"uv": [6.5, 6.5, 5.5, 7], "texture": "#1"}
			}
		}
	],
	"display": {
		"thirdperson_righthand": {
			"rotation": [68, 0, 0],
			"translation": [0.5, 1.75, 6],
			"scale": [0.9, 0.9, 0.9]
		},
		"thirdperson_lefthand": {
			"rotation": [68, 0, 0],
			"translation": [0.5, 1.75, 6],
			"scale": [0.9, 0.9, 0.9]
		},
		"firstperson_righthand": {
			"translation": [-9, 6, 7.25]
		},
		"firstperson_lefthand": {
			"translation": [-9, 6, 7.25]
		},
		"ground": {
			"translation": [0, 0.5, 0],
			"scale": [0.5, 0.5, 0.5]
		},
		"gui": {
			"rotation": [0, 90, 0],
			"translation": [2, 0, 0],
			"scale": [0.4, 0.4, 0.4]
		},
		"head": {
			"rotation": [13.75, 0, 0],
			"translation": [0, 0, 11.5]
		},
		"fixed": {
			"rotation": [0, -90, 0],
			"translation": [-2.5, 0, -0.25],
			"scale": [0.5, 0.5, 0.5]
		}
	},
	"groups": [
		{
			"name": "vss",
			"origin": [0, 0, 0],
			"color": 0,
			"nbt": "{}",
			"armAnimationEnabled": false,
			"children": [
				{
					"name": "frame2",
					"origin": [0, 0, 0],
					"color": 0,
					"nbt": "{}",
					"armAnimationEnabled": false,
					"children": [0, 1, 2, 3, 4, 5, 6, 7, 8, 9, 10, 11, 12]
				},
				{
					"name": "frame1",
					"origin": [0, 0, 0],
					"color": 0,
					"nbt": "{}",
					"armAnimationEnabled": false,
					"children": [13, 14, 15, 16, 17]
				}
			]
		}
	]
}