{
	"credit": "Made with Blockbench",
	"textures": {
		"1": "custom/akframe2texture",
		"particle": "custom/akframe1texture"
	},
	"elements": [
		{
			"from": [7, 6, 4],
			"to": [9, 8, 7.5],
			"rotation": {"angle": 0, "axis": "y", "origin": [8, 7, 0.5]},
			"faces": {
				"north": {"uv": [6, 11, 8, 13], "texture": "#1"},
				"east": {"uv": [5, 2, 9, 4], "texture": "#1"},
				"south": {"uv": [8, 11, 10, 13], "texture": "#1"},
				"west": {"uv": [9, 2, 13, 4], "texture": "#1"},
				"up": {"uv": [4, 13, 2, 9], "texture": "#1"},
				"down": {"uv": [12, 4, 10, 8], "texture": "#1"}
			}
		},
		{
			"from": [7, 4, 4],
			"to": [9, 6, 8.5],
			"rotation": {"angle": 0, "axis": "y", "origin": [8, 7, 0.5]},
			"faces": {
				"north": {"uv": [12, 4, 14, 6], "texture": "#1"},
				"east": {"uv": [0, 0, 5, 2], "texture": "#1"},
				"south": {"uv": [12, 6, 14, 8], "texture": "#1"},
				"west": {"uv": [0, 2, 5, 4], "texture": "#1"},
				"up": {"uv": [2, 9, 0, 4], "texture": "#1"},
				"down": {"uv": [4, 4, 2, 9], "texture": "#1"}
			}
		},
		{
			"from": [7, 2, 5],
			"to": [9, 4, 9.5],
			"rotation": {"angle": 0, "axis": "y", "origin": [8, 7, 0.5]},
			"faces": {
				"north": {"uv": [12, 8, 14, 10], "texture": "#1"},
				"east": {"uv": [4, 4, 9, 6], "texture": "#1"},
				"south": {"uv": [10, 12, 12, 14], "texture": "#1"},
				"west": {"uv": [5, 0, 10, 2], "texture": "#1"},
				"up": {"uv": [6, 11, 4, 6], "texture": "#1"},
				"down": {"uv": [8, 6, 6, 11], "texture": "#1"}
			}
		},
		{
			"from": [7, 1, 6],
			"to": [9, 2, 10.5],
			"rotation": {"angle": 0, "axis": "y", "origin": [8, 7, 0.5]},
			"faces": {
				"north": {"uv": [12, 12, 14, 13], "texture": "#1"},
				"east": {"uv": [10, 0, 15, 1], "texture": "#1"},
				"south": {"uv": [2, 13, 4, 14], "texture": "#1"},
				"west": {"uv": [10, 1, 15, 2], "texture": "#1"},
				"up": {"uv": [10, 11, 8, 6], "texture": "#1"},
				"down": {"uv": [2, 9, 0, 14], "texture": "#1"}
			}
		},
		{
			"from": [7, 0, 7],
			"to": [9, 1, 10.5],
			"rotation": {"angle": 0, "axis": "y", "origin": [8, 7, 0.5]},
			"faces": {
				"north": {"uv": [13, 2, 15, 3], "texture": "#1"},
				"east": {"uv": [12, 10, 16, 11], "texture": "#1"},
				"south": {"uv": [13, 3, 15, 4], "texture": "#1"},
				"west": {"uv": [12, 11, 16, 12], "texture": "#1"},
				"up": {"uv": [12, 12, 10, 8], "texture": "#1"},
				"down": {"uv": [6, 11, 4, 15], "texture": "#1"}
			}
		}
	],
	"display": {
		"thirdperson_righthand": {
			"rotation": [20.5, 0, -180],
			"translation": [0.75, -1.5, 2.75],
			"scale": [0.6, 0.6, 0.6]
		},
		"thirdperson_lefthand": {
			"rotation": [20.5, 0, -180],
			"translation": [0.75, -1.5, 2.75],
			"scale": [0.6, 0.6, 0.6]
		},
		"firstperson_righthand": {
			"rotation": [9.5, 0, 0],
			"translation": [0.25, 5.85, 1.05],
			"scale": [0.68, 0.68, 0.68]
		},
		"firstperson_lefthand": {
			"rotation": [9.5, 0, 0],
			"translation": [0.25, 5.85, 1.04],
			"scale": [0.68, 0.68, 0.68]
		},
		"ground": {
			"translation": [0, 3.75, 0],
			"scale": [0.7, 0.7, 0.7]
		},
		"gui": {
			"rotation": [0, 38.25, 0],
			"translation": [1, 4, 0]
		},
		"head": {
			"rotation": [-166, 0, -180],
			"translation": [0, 2.5, -6.75],
			"scale": [1, 0.96, 1]
		},
		"fixed": {
			"rotation": [0, 90, 0],
			"translation": [1.75, 3, -0.5]
		}
	},
	"groups": [
		{
			"name": "ak",
			"origin": [8, 8, 8],
			"color": 0,
			"nbt": "{}",
			"armAnimationEnabled": false,
			"children": [
				{
					"name": "mag",
					"origin": [8, 7, 0.5],
					"color": 0,
					"nbt": "{}",
					"armAnimationEnabled": false,
					"children": [0, 1, 2, 3, 4]
				}
			]
		}
	]
}