{
	"credit": "Made with Blockbench",
	"texture_size": [64, 64],
	"textures": {
		"0": "custom/sawframe1texture",
		"1": "custom/sawframe2texture",
		"particle": "custom/sawframe1texture"
	},
	"elements": [
		{
			"from": [6.5, 0, 18],
			"to": [8.5, 2, 20],
			"faces": {
				"north": {"uv": [4.75, 7.5, 5.25, 8], "texture": "#1"},
				"east": {"uv": [5.25, 7.5, 5.75, 8], "texture": "#1"},
				"south": {"uv": [3, 7.75, 3.5, 8.25], "texture": "#1"},
				"west": {"uv": [3.5, 7.75, 4, 8.25], "texture": "#1"},
				"up": {"uv": [8.25, 4.25, 7.75, 3.75], "texture": "#1"},
				"down": {"uv": [4.5, 7.75, 4, 8.25], "texture": "#1"}
			}
		},
		{
			"from": [6.5, 0.5, 20],
			"to": [8.5, 2, 20.5],
			"faces": {
				"north": {"uv": [7.75, 4.25, 8.25, 4.75], "texture": "#1"},
				"east": {"uv": [6.5, 1.5, 6.75, 2], "texture": "#1"},
				"south": {"uv": [7.75, 4.75, 8.25, 5.25], "texture": "#1"},
				"west": {"uv": [4.75, 8.5, 5, 9], "texture": "#1"},
				"up": {"uv": [4.5, 3.75, 4, 3.5], "texture": "#1"},
				"down": {"uv": [7.25, 3.75, 6.75, 4], "texture": "#1"}
			}
		},
		{
			"from": [6.5, 2, 17],
			"to": [8.5, 4, 20],
			"faces": {
				"north": {"uv": [5.75, 7.75, 6.25, 8.25], "texture": "#1"},
				"east": {"uv": [6.75, 3.25, 7.5, 3.75], "texture": "#1"},
				"south": {"uv": [7.75, 6.75, 8.25, 7.25], "texture": "#1"},
				"west": {"uv": [7, 6.75, 7.75, 7.25], "texture": "#1"},
				"up": {"uv": [5.25, 3.5, 4.75, 2.75], "texture": "#1"},
				"down": {"uv": [7.75, 0.5, 7.25, 1.25], "texture": "#1"}
			}
		},
		{
			"from": [6.5, 4, 16],
			"to": [8.5, 6, 19],
			"faces": {
				"north": {"uv": [7.5, 7.75, 8, 8.25], "texture": "#1"},
				"east": {"uv": [3, 7.25, 3.75, 7.75], "texture": "#1"},
				"south": {"uv": [4.75, 8, 5.25, 8.5], "texture": "#1"},
				"west": {"uv": [3.75, 7.25, 4.5, 7.75], "texture": "#1"},
				"up": {"uv": [7.75, 4.5, 7.25, 3.75], "texture": "#1"},
				"down": {"uv": [7.75, 4.5, 7.25, 5.25], "texture": "#1"}
			}
		},
		{
			"from": [7.5, 4, 12],
			"to": [7.5, 4.5, 17],
			"faces": {
				"north": {"uv": [0, 0, 0, 0.25], "texture": "#1"},
				"east": {"uv": [7.5, 3.25, 8.75, 3.5], "texture": "#1"},
				"south": {"uv": [0, 0, 0, 0.25], "texture": "#1"},
				"west": {"uv": [7.5, 3.5, 8.75, 3.75], "texture": "#1"},
				"up": {"uv": [0, 1.25, 0, 0], "texture": "#1"},
				"down": {"uv": [0, 0, 0, 1.25], "texture": "#1"}
			}
		},
		{
			"from": [7.5, 5, 15],
			"to": [7.5, 6, 15.5],
			"faces": {
				"north": {"uv": [0, 0, 0, 0.25], "texture": "#1"},
				"east": {"uv": [5, 8.5, 5.25, 8.75], "texture": "#1"},
				"south": {"uv": [0, 0, 0, 0.25], "texture": "#1"},
				"west": {"uv": [1, 9.25, 1.25, 9.5], "texture": "#1"},
				"up": {"uv": [0, 0.25, 0, 0], "texture": "#1"},
				"down": {"uv": [0, 0, 0, 0.25], "texture": "#1"}
			}
		},
		{
			"from": [7.5, 5, 14.5],
			"to": [7.5, 5.5, 15],
			"faces": {
				"north": {"uv": [0, 0, 0, 0.25], "texture": "#1"},
				"east": {"uv": [9.25, 1, 9.5, 1.25], "texture": "#1"},
				"south": {"uv": [0, 0, 0, 0.25], "texture": "#1"},
				"west": {"uv": [1.25, 9.25, 1.5, 9.5], "texture": "#1"},
				"up": {"uv": [0, 0.25, 0, 0], "texture": "#1"},
				"down": {"uv": [0, 0, 0, 0.25], "texture": "#1"}
			}
		},
		{
			"from": [6, 6, 8],
			"to": [9, 11, 21],
			"faces": {
				"north": {"uv": [5.75, 4, 6.5, 5.25], "texture": "#1"},
				"east": {"uv": [0, 0, 3.25, 1.25], "texture": "#1"},
				"south": {"uv": [5.75, 5.25, 6.5, 6.5], "texture": "#1"},
				"west": {"uv": [0, 1.25, 3.25, 2.5], "texture": "#1"},
				"up": {"uv": [0.75, 7, 0, 3.75], "texture": "#1"},
				"down": {"uv": [1.5, 3.75, 0.75, 7], "texture": "#1"}
			}
		},
		{
			"from": [6.15, 6.6, 21],
			"to": [8.85, 9.6, 31],
			"rotation": {"angle": 0, "axis": "y", "origin": [7.5, 8, 27.25]},
			"faces": {
				"north": {"uv": [6.5, 6, 7.25, 6.75], "texture": "#1"},
				"east": {"uv": [3.25, 0, 5.75, 0.75], "texture": "#1"},
				"south": {"uv": [6.75, 1.5, 7.5, 2.25], "texture": "#1"},
				"west": {"uv": [3.25, 0.75, 5.75, 1.5], "texture": "#1"},
				"up": {"uv": [2.25, 6.25, 1.5, 3.75], "texture": "#1"},
				"down": {"uv": [3, 3.75, 2.25, 6.25], "texture": "#1"}
			}
		},
		{
			"from": [6.15, 9.6, 23],
			"to": [8.85, 10.6, 31],
			"rotation": {"angle": 0, "axis": "y", "origin": [7.5, 8, 27.25]},
			"faces": {
				"north": {"uv": [7.75, 1, 8.5, 1.25], "texture": "#1"},
				"east": {"uv": [6.75, 2.75, 8.75, 3], "texture": "#1"},
				"south": {"uv": [8, 7.75, 8.75, 8], "texture": "#1"},
				"west": {"uv": [6.75, 3, 8.75, 3.25], "texture": "#1"},
				"up": {"uv": [4.75, 3.5, 4, 1.5], "texture": "#1"},
				"down": {"uv": [5.25, 3.5, 4.5, 5.5], "texture": "#1"}
			}
		},
		{
			"from": [6.15, 5.6, 22],
			"to": [8.85, 6.6, 31],
			"rotation": {"angle": 0, "axis": "y", "origin": [7.5, 8, 27.25]},
			"faces": {
				"north": {"uv": [8, 8, 8.75, 8.25], "texture": "#1"},
				"east": {"uv": [6.75, 2.25, 9, 2.5], "texture": "#1"},
				"south": {"uv": [3, 8.25, 3.75, 8.5], "texture": "#1"},
				"west": {"uv": [6.75, 2.5, 9, 2.75], "texture": "#1"},
				"up": {"uv": [3.75, 6, 3, 3.75], "texture": "#1"},
				"down": {"uv": [4.5, 3.75, 3.75, 6], "texture": "#1"}
			}
		},
		{
			"from": [6.15, 4.6, 26],
			"to": [8.85, 5.6, 31],
			"rotation": {"angle": 0, "axis": "y", "origin": [7.5, 8, 27.25]},
			"faces": {
				"north": {"uv": [3.75, 8.25, 4.5, 8.5], "texture": "#1"},
				"east": {"uv": [7.5, 7.25, 8.75, 7.5], "texture": "#1"},
				"south": {"uv": [8.25, 3.75, 9, 4], "texture": "#1"},
				"west": {"uv": [7.5, 7.5, 8.75, 7.75], "texture": "#1"},
				"up": {"uv": [3.75, 7.25, 3, 6], "texture": "#1"},
				"down": {"uv": [4.5, 6, 3.75, 7.25], "texture": "#1"}
			}
		},
		{
			"from": [6.3, 11, 15.3],
			"to": [8.7, 11.4, 19.8],
			"faces": {
				"north": {"uv": [8, 8.5, 8.5, 8.75], "texture": "#1"},
				"east": {"uv": [7.75, 0.5, 9, 0.75], "texture": "#1"},
				"south": {"uv": [8.5, 8.5, 9, 8.75], "texture": "#1"},
				"west": {"uv": [7.75, 0.75, 9, 1], "texture": "#1"},
				"up": {"uv": [5.25, 2.75, 4.75, 1.5], "texture": "#1"},
				"down": {"uv": [6.25, 6.5, 5.75, 7.75], "texture": "#1"}
			}
		},
		{
			"from": [6.3, 11, 14.8],
			"to": [8.7, 11.4, 15.3],
			"faces": {
				"north": {"uv": [8.75, 1.25, 9.25, 1.5], "texture": "#1"},
				"east": {"uv": [9.25, 1.25, 9.5, 1.5], "texture": "#1"},
				"south": {"uv": [8.75, 2.75, 9.25, 3], "texture": "#1"},
				"west": {"uv": [1.5, 9.25, 1.75, 9.5], "texture": "#1"},
				"up": {"uv": [9.25, 3.25, 8.75, 3], "texture": "#1"},
				"down": {"uv": [3.75, 8.75, 3.25, 9], "texture": "#1"}
			}
		},
		{
			"from": [6.3, 11, 13.8],
			"to": [8.7, 11.4, 14.3],
			"faces": {
				"north": {"uv": [8.75, 3.25, 9.25, 3.5], "texture": "#1"},
				"east": {"uv": [1.75, 9.25, 2, 9.5], "texture": "#1"},
				"south": {"uv": [8.75, 3.5, 9.25, 3.75], "texture": "#1"},
				"west": {"uv": [2, 9.25, 2.25, 9.5], "texture": "#1"},
				"up": {"uv": [5.5, 9, 5, 8.75], "texture": "#1"},
				"down": {"uv": [9.25, 5.25, 8.75, 5.5], "texture": "#1"}
			}
		},
		{
			"from": [6.3, 11, 12.8],
			"to": [8.7, 11.4, 13.3],
			"faces": {
				"north": {"uv": [8.75, 5.5, 9.25, 5.75], "texture": "#1"},
				"east": {"uv": [2.25, 9.25, 2.5, 9.5], "texture": "#1"},
				"south": {"uv": [8.75, 5.75, 9.25, 6], "texture": "#1"},
				"west": {"uv": [2.5, 9.25, 2.75, 9.5], "texture": "#1"},
				"up": {"uv": [9.25, 6.25, 8.75, 6], "texture": "#1"},
				"down": {"uv": [9.25, 6.25, 8.75, 6.5], "texture": "#1"}
			}
		},
		{
			"from": [6.3, 11, 11.8],
			"to": [8.7, 11.4, 12.3],
			"faces": {
				"north": {"uv": [8.75, 6.5, 9.25, 6.75], "texture": "#1"},
				"east": {"uv": [2.75, 9.25, 3, 9.5], "texture": "#1"},
				"south": {"uv": [7, 8.75, 7.5, 9], "texture": "#1"},
				"west": {"uv": [9.25, 2.75, 9.5, 3], "texture": "#1"},
				"up": {"uv": [9.25, 7.5, 8.75, 7.25], "texture": "#1"},
				"down": {"uv": [9.25, 7.5, 8.75, 7.75], "texture": "#1"}
			}
		},
		{
			"from": [6.3, 11, 10.8],
			"to": [8.7, 11.4, 11.3],
			"faces": {
				"north": {"uv": [8.75, 7.75, 9.25, 8], "texture": "#1"},
				"east": {"uv": [3, 9.25, 3.25, 9.5], "texture": "#1"},
				"south": {"uv": [8, 8.75, 8.5, 9], "texture": "#1"},
				"west": {"uv": [9.25, 3, 9.5, 3.25], "texture": "#1"},
				"up": {"uv": [9.25, 8.25, 8.75, 8], "texture": "#1"},
				"down": {"uv": [9.25, 8.25, 8.75, 8.5], "texture": "#1"}
			}
		},
		{
			"from": [6.3, 11, 9.8],
			"to": [8.7, 11.4, 10.3],
			"faces": {
				"north": {"uv": [8.5, 8.75, 9, 9], "texture": "#1"},
				"east": {"uv": [3.25, 9.25, 3.5, 9.5], "texture": "#1"},
				"south": {"uv": [9, 0.5, 9.5, 0.75], "texture": "#1"},
				"west": {"uv": [9.25, 3.25, 9.5, 3.5], "texture": "#1"},
				"up": {"uv": [9.5, 1, 9, 0.75], "texture": "#1"},
				"down": {"uv": [2, 9, 1.5, 9.25], "texture": "#1"}
			}
		},
		{
			"from": [6.3, 11, 8.8],
			"to": [8.7, 11.4, 9.3],
			"faces": {
				"north": {"uv": [9, 1.5, 9.5, 1.75], "texture": "#1"},
				"east": {"uv": [3.5, 9.25, 3.75, 9.5], "texture": "#1"},
				"south": {"uv": [9, 1.75, 9.5, 2], "texture": "#1"},
				"west": {"uv": [9.25, 3.5, 9.5, 3.75], "texture": "#1"},
				"up": {"uv": [2.5, 9.25, 2, 9], "texture": "#1"},
				"down": {"uv": [9.5, 2, 9, 2.25], "texture": "#1"}
			}
		},
		{
			"from": [6.3, 10.3, -3.5],
			"to": [8.7, 10.6, 8],
			"faces": {
				"north": {"uv": [9, 2.25, 9.5, 2.5], "texture": "#1"},
				"east": {"uv": [6.5, 0, 9.5, 0.25], "texture": "#1"},
				"south": {"uv": [2.5, 9, 3, 9.25], "texture": "#1"},
				"west": {"uv": [6.5, 0.25, 9.5, 0.5], "texture": "#1"},
				"up": {"uv": [5.75, 4.5, 5.25, 1.5], "texture": "#1"},
				"down": {"uv": [5.75, 4.5, 5.25, 7.5], "texture": "#1"}
			}
		},
		{
			"from": [8.2, 11, 17],
			"to": [8.4, 12, 19],
			"rotation": {"angle": 0, "axis": "y", "origin": [-1, 0, 0]},
			"faces": {
				"north": {"uv": [3.75, 9.25, 4, 9.5], "texture": "#1"},
				"east": {"uv": [9, 2.5, 9.5, 2.75], "texture": "#1"},
				"south": {"uv": [4, 9.25, 4.25, 9.5], "texture": "#1"},
				"west": {"uv": [3.25, 9, 3.75, 9.25], "texture": "#1"},
				"up": {"uv": [4, 9.25, 3.75, 8.75], "texture": "#1"},
				"down": {"uv": [5.75, 8.75, 5.5, 9.25], "texture": "#1"}
			}
		},
		{
			"from": [8.2, 10.57, 16.12],
			"to": [8.4, 11.57, 17.12],
			"rotation": {"angle": -22.5, "axis": "x", "origin": [7.9, 11.5, 16]},
			"faces": {
				"north": {"uv": [4.25, 9.25, 4.5, 9.5], "texture": "#1"},
				"east": {"uv": [9.25, 4.25, 9.5, 4.5], "texture": "#1"},
				"south": {"uv": [4.5, 9.25, 4.75, 9.5], "texture": "#1"},
				"west": {"uv": [9.25, 4.5, 9.5, 4.75], "texture": "#1"},
				"up": {"uv": [5, 9.5, 4.75, 9.25], "texture": "#1"},
				"down": {"uv": [9.5, 5.25, 9.25, 5.5], "texture": "#1"}
			}
		},
		{
			"from": [8.2, 10.23, 15.47],
			"to": [8.4, 11.23, 16.47],
			"rotation": {"angle": -45, "axis": "x", "origin": [7.9, 10.95731, 15.81348]},
			"faces": {
				"north": {"uv": [5.5, 9.25, 5.75, 9.5], "texture": "#1"},
				"east": {"uv": [9.25, 5.5, 9.5, 5.75], "texture": "#1"},
				"south": {"uv": [5.75, 9.25, 6, 9.5], "texture": "#1"},
				"west": {"uv": [9.25, 5.75, 9.5, 6], "texture": "#1"},
				"up": {"uv": [6.25, 9.5, 6, 9.25], "texture": "#1"},
				"down": {"uv": [9.5, 6, 9.25, 6.25], "texture": "#1"}
			}
		},
		{
			"from": [6.6, 11, 17],
			"to": [6.8, 12, 19],
			"rotation": {"angle": 0, "axis": "y", "origin": [-3, 0, 0]},
			"faces": {
				"north": {"uv": [6.25, 9.25, 6.5, 9.5], "texture": "#1"},
				"east": {"uv": [9, 3.75, 9.5, 4], "texture": "#1"},
				"south": {"uv": [9.25, 6.25, 9.5, 6.5], "texture": "#1"},
				"west": {"uv": [9, 4, 9.5, 4.25], "texture": "#1"},
				"up": {"uv": [6.5, 9.25, 6.25, 8.75], "texture": "#1"},
				"down": {"uv": [9.25, 4.25, 9, 4.75], "texture": "#1"}
			}
		},
		{
			"from": [6.6, 10.57, 16.12],
			"to": [6.8, 11.57, 17.12],
			"rotation": {"angle": -22.5, "axis": "x", "origin": [5.9, 11.5, 16]},
			"faces": {
				"north": {"uv": [9.25, 6.5, 9.5, 6.75], "texture": "#1"},
				"east": {"uv": [7, 9.25, 7.25, 9.5], "texture": "#1"},
				"south": {"uv": [7.25, 9.25, 7.5, 9.5], "texture": "#1"},
				"west": {"uv": [9.25, 7.25, 9.5, 7.5], "texture": "#1"},
				"up": {"uv": [9.5, 7.75, 9.25, 7.5], "texture": "#1"},
				"down": {"uv": [9.5, 7.75, 9.25, 8], "texture": "#1"}
			}
		},
		{
			"from": [6.6, 10.23, 15.47],
			"to": [6.8, 11.23, 16.47],
			"rotation": {"angle": -45, "axis": "x", "origin": [5.9, 10.95731, 15.81348]},
			"faces": {
				"north": {"uv": [8, 9.25, 8.25, 9.5], "texture": "#1"},
				"east": {"uv": [9.25, 8, 9.5, 8.25], "texture": "#1"},
				"south": {"uv": [8.25, 9.25, 8.5, 9.5], "texture": "#1"},
				"west": {"uv": [9.25, 8.25, 9.5, 8.5], "texture": "#1"},
				"up": {"uv": [9.5, 8.75, 9.25, 8.5], "texture": "#1"},
				"down": {"uv": [9, 9.25, 8.75, 9.5], "texture": "#1"}
			}
		},
		{
			"from": [6, 5.6, 0],
			"to": [9, 10.3, 8],
			"faces": {
				"north": {"uv": [1.5, 6.25, 2.25, 7.5], "texture": "#1"},
				"east": {"uv": [0, 2.5, 2, 3.75], "texture": "#1"},
				"south": {"uv": [2.25, 6.25, 3, 7.5], "texture": "#1"},
				"west": {"uv": [2, 2.5, 4, 3.75], "texture": "#1"},
				"up": {"uv": [5.25, 7.5, 4.5, 5.5], "texture": "#1"},
				"down": {"uv": [6.5, 0, 5.75, 2], "texture": "#1"}
			}
		},
		{
			"from": [6, 6.6, -4],
			"to": [9, 10.3, 0],
			"faces": {
				"north": {"uv": [3.25, 1.5, 4, 2.5], "texture": "#1"},
				"east": {"uv": [5.75, 2, 6.75, 3], "texture": "#1"},
				"south": {"uv": [6.5, 0.5, 7.25, 1.5], "texture": "#1"},
				"west": {"uv": [5.75, 3, 6.75, 4], "texture": "#1"},
				"up": {"uv": [7.25, 5, 6.5, 4], "texture": "#1"},
				"down": {"uv": [7.25, 5, 6.5, 6], "texture": "#1"}
			}
		},
		{
			"from": [4.6, -2.1, -4],
			"to": [5.6, 6.6, -3],
			"rotation": {"angle": -22.5, "axis": "z", "origin": [6.5, 3.25, -3.5]},
			"faces": {
				"north": {"uv": [6.25, 6.5, 6.5, 8.75], "texture": "#1"},
				"east": {"uv": [6.5, 6.75, 6.75, 9], "texture": "#1"},
				"south": {"uv": [6.75, 6.75, 7, 9], "texture": "#1"},
				"west": {"uv": [0, 7, 0.25, 9.25], "texture": "#1"},
				"up": {"uv": [9.5, 9, 9.25, 8.75], "texture": "#1"},
				"down": {"uv": [9.25, 9.25, 9, 9.5], "texture": "#1"}
			}
		},
		{
			"from": [9.32389, -3.48812, -4],
			"to": [10.32389, 5.21188, -3],
			"rotation": {"angle": 22.5, "axis": "z", "origin": [4.82389, 2.86188, -3.5]},
			"faces": {
				"north": {"uv": [0.25, 7, 0.5, 9.25], "texture": "#1"},
				"east": {"uv": [0.5, 7, 0.75, 9.25], "texture": "#1"},
				"south": {"uv": [0.75, 7, 1, 9.25], "texture": "#1"},
				"west": {"uv": [1, 7, 1.25, 9.25], "texture": "#1"},
				"up": {"uv": [9.5, 9.25, 9.25, 9], "texture": "#1"},
				"down": {"uv": [9.5, 9.25, 9.25, 9.5], "texture": "#1"}
			}
		},
		{
			"from": [7, 8.6, -10],
			"to": [8, 9.6, -4],
			"faces": {
				"north": {"uv": [0, 9.5, 0.25, 9.75], "texture": "#1"},
				"east": {"uv": [7.25, 1.25, 8.75, 1.5], "texture": "#1"},
				"south": {"uv": [9.5, 0, 9.75, 0.25], "texture": "#1"},
				"west": {"uv": [7.25, 5.25, 8.75, 5.5], "texture": "#1"},
				"up": {"uv": [1.5, 8.5, 1.25, 7], "texture": "#1"},
				"down": {"uv": [7.25, 7.25, 7, 8.75], "texture": "#1"}
			}
		},
		{
			"from": [8, 8.6, -10],
			"to": [8.2, 9.6, -4],
			"faces": {
				"north": {"uv": [0.25, 9.5, 0.5, 9.75], "texture": "#1"},
				"east": {"uv": [7.25, 5.5, 8.75, 5.75], "texture": "#1"},
				"south": {"uv": [9.5, 0.25, 9.75, 0.5], "texture": "#1"},
				"west": {"uv": [7.25, 5.75, 8.75, 6], "texture": "#1"},
				"up": {"uv": [7.5, 8.75, 7.25, 7.25], "texture": "#1"},
				"down": {"uv": [1.75, 7.5, 1.5, 9], "texture": "#1"}
			}
		},
		{
			"from": [6.8, 8.6, -10],
			"to": [7, 9.6, -4],
			"faces": {
				"north": {"uv": [9.5, 0.5, 9.75, 0.75], "texture": "#1"},
				"east": {"uv": [7.25, 6, 8.75, 6.25], "texture": "#1"},
				"south": {"uv": [9.5, 0.75, 9.75, 1], "texture": "#1"},
				"west": {"uv": [7.25, 6.25, 8.75, 6.5], "texture": "#1"},
				"up": {"uv": [2, 9, 1.75, 7.5], "texture": "#1"},
				"down": {"uv": [2.25, 7.5, 2, 9], "texture": "#1"}
			}
		},
		{
			"from": [7, 9.6, -10],
			"to": [8, 9.8, -4],
			"faces": {
				"north": {"uv": [1, 9.5, 1.25, 9.75], "texture": "#1"},
				"east": {"uv": [7.25, 6.5, 8.75, 6.75], "texture": "#1"},
				"south": {"uv": [9.5, 1, 9.75, 1.25], "texture": "#1"},
				"west": {"uv": [7.5, 1.5, 9, 1.75], "texture": "#1"},
				"up": {"uv": [2.5, 9, 2.25, 7.5], "texture": "#1"},
				"down": {"uv": [2.75, 7.5, 2.5, 9], "texture": "#1"}
			}
		},
		{
			"from": [7, 8.4, -10],
			"to": [8, 8.6, -4],
			"faces": {
				"north": {"uv": [1.25, 9.5, 1.5, 9.75], "texture": "#1"},
				"east": {"uv": [7.5, 1.75, 9, 2], "texture": "#1"},
				"south": {"uv": [9.5, 1.25, 9.75, 1.5], "texture": "#1"},
				"west": {"uv": [7.5, 2, 9, 2.25], "texture": "#1"},
				"up": {"uv": [3, 9, 2.75, 7.5], "texture": "#1"},
				"down": {"uv": [4.75, 7.5, 4.5, 9], "texture": "#1"}
			}
		},
		{
			"from": [7.9, 6.7, -7.2],
			"to": [8, 7.5, -4],
			"faces": {
				"north": {"uv": [1.5, 9.5, 1.75, 9.75], "texture": "#1"},
				"east": {"uv": [8.25, 4, 9, 4.25], "texture": "#1"},
				"south": {"uv": [9.5, 1.5, 9.75, 1.75], "texture": "#1"},
				"west": {"uv": [8.25, 4.25, 9, 4.5], "texture": "#1"},
				"up": {"uv": [5.5, 8.75, 5.25, 8], "texture": "#1"},
				"down": {"uv": [5.75, 8, 5.5, 8.75], "texture": "#1"}
			}
		},
		{
			"from": [7.1, 6.7, -7.2],
			"to": [7.9, 7.5, -4],
			"faces": {
				"north": {"uv": [1.75, 9.5, 2, 9.75], "texture": "#1"},
				"east": {"uv": [8.25, 4.5, 9, 4.75], "texture": "#1"},
				"south": {"uv": [9.5, 1.75, 9.75, 2], "texture": "#1"},
				"west": {"uv": [8.25, 4.75, 9, 5], "texture": "#1"},
				"up": {"uv": [6, 9, 5.75, 8.25], "texture": "#1"},
				"down": {"uv": [6.25, 8.25, 6, 9], "texture": "#1"}
			}
		},
		{
			"from": [7.1, 7.6, -6.5],
			"to": [7.9, 8.7, -5.7],
			"faces": {
				"north": {"uv": [2, 9.5, 2.25, 9.75], "texture": "#1"},
				"east": {"uv": [9.5, 2, 9.75, 2.25], "texture": "#1"},
				"south": {"uv": [2.25, 9.5, 2.5, 9.75], "texture": "#1"},
				"west": {"uv": [9.5, 2.25, 9.75, 2.5], "texture": "#1"},
				"up": {"uv": [2.75, 9.75, 2.5, 9.5], "texture": "#1"},
				"down": {"uv": [9.75, 2.5, 9.5, 2.75], "texture": "#1"}
			}
		},
		{
			"from": [7.1, 8.2, -5.7],
			"to": [7.9, 8.5, -4.9],
			"faces": {
				"north": {"uv": [2.75, 9.5, 3, 9.75], "texture": "#1"},
				"east": {"uv": [9.5, 2.75, 9.75, 3], "texture": "#1"},
				"south": {"uv": [3, 9.5, 3.25, 9.75], "texture": "#1"},
				"west": {"uv": [9.5, 3, 9.75, 3.25], "texture": "#1"},
				"up": {"uv": [3.5, 9.75, 3.25, 9.5], "texture": "#1"},
				"down": {"uv": [9.75, 3.25, 9.5, 3.5], "texture": "#1"}
			}
		},
		{
			"from": [7.1, 7.5, -7.2],
			"to": [7.9, 7.6, -4],
			"faces": {
				"north": {"uv": [3.5, 9.5, 3.75, 9.75], "texture": "#1"},
				"east": {"uv": [8.25, 5, 9, 5.25], "texture": "#1"},
				"south": {"uv": [9.5, 3.5, 9.75, 3.75], "texture": "#1"},
				"west": {"uv": [8.25, 6.75, 9, 7], "texture": "#1"},
				"up": {"uv": [7.75, 9, 7.5, 8.25], "texture": "#1"},
				"down": {"uv": [8, 8.25, 7.75, 9], "texture": "#1"}
			}
		},
		{
			"from": [7.1, 6.6, -7.2],
			"to": [7.9, 6.7, -4],
			"faces": {
				"north": {"uv": [3.75, 9.5, 4, 9.75], "texture": "#1"},
				"east": {"uv": [8.25, 7, 9, 7.25], "texture": "#1"},
				"south": {"uv": [9.5, 3.75, 9.75, 4], "texture": "#1"},
				"west": {"uv": [8, 8.25, 8.75, 8.5], "texture": "#1"},
				"up": {"uv": [1.5, 9.25, 1.25, 8.5], "texture": "#1"},
				"down": {"uv": [3.25, 8.5, 3, 9.25], "texture": "#1"}
			}
		},
		{
			"from": [7, 6.7, -7.2],
			"to": [7.1, 7.5, -4],
			"faces": {
				"north": {"uv": [4, 9.5, 4.25, 9.75], "texture": "#1"},
				"east": {"uv": [8.5, 1, 9.25, 1.25], "texture": "#1"},
				"south": {"uv": [9.5, 4, 9.75, 4.25], "texture": "#1"},
				"west": {"uv": [3.25, 8.5, 4, 8.75], "texture": "#1"},
				"up": {"uv": [4.25, 9.25, 4, 8.5], "texture": "#1"},
				"down": {"uv": [4.5, 8.5, 4.25, 9.25], "texture": "#1"}
			}
		},
		{
			"from": [8, 8.6, -10.5],
			"to": [8.2, 9.6, -10.2],
			"faces": {
				"north": {"uv": [4.25, 9.5, 4.5, 9.75], "texture": "#1"},
				"east": {"uv": [9.5, 4.25, 9.75, 4.5], "texture": "#1"},
				"south": {"uv": [4.5, 9.5, 4.75, 9.75], "texture": "#1"},
				"west": {"uv": [9.5, 4.5, 9.75, 4.75], "texture": "#1"},
				"up": {"uv": [5, 9.75, 4.75, 9.5], "texture": "#1"},
				"down": {"uv": [9.75, 4.75, 9.5, 5], "texture": "#1"}
			}
		},
		{
			"from": [7, 8.4, -10.5],
			"to": [8, 8.6, -10.2],
			"faces": {
				"north": {"uv": [5, 9.5, 5.25, 9.75], "texture": "#1"},
				"east": {"uv": [9.5, 5, 9.75, 5.25], "texture": "#1"},
				"south": {"uv": [5.25, 9.5, 5.5, 9.75], "texture": "#1"},
				"west": {"uv": [9.5, 5.25, 9.75, 5.5], "texture": "#1"},
				"up": {"uv": [5.75, 9.75, 5.5, 9.5], "texture": "#1"},
				"down": {"uv": [9.75, 5.5, 9.5, 5.75], "texture": "#1"}
			}
		},
		{
			"from": [7, 9.6, -10.5],
			"to": [8, 9.8, -10.2],
			"faces": {
				"north": {"uv": [5.75, 9.5, 6, 9.75], "texture": "#1"},
				"east": {"uv": [9.5, 5.75, 9.75, 6], "texture": "#1"},
				"south": {"uv": [6, 9.5, 6.25, 9.75], "texture": "#1"},
				"west": {"uv": [9.5, 6, 9.75, 6.25], "texture": "#1"},
				"up": {"uv": [6.5, 9.75, 6.25, 9.5], "texture": "#1"},
				"down": {"uv": [9.75, 6.25, 9.5, 6.5], "texture": "#1"}
			}
		},
		{
			"from": [6.8, 8.6, -10.5],
			"to": [7, 9.6, -10.2],
			"faces": {
				"north": {"uv": [6.5, 9.5, 6.75, 9.75], "texture": "#1"},
				"east": {"uv": [9.5, 6.5, 9.75, 6.75], "texture": "#1"},
				"south": {"uv": [6.75, 9.5, 7, 9.75], "texture": "#1"},
				"west": {"uv": [9.5, 6.75, 9.75, 7], "texture": "#1"},
				"up": {"uv": [7.25, 9.75, 7, 9.5], "texture": "#1"},
				"down": {"uv": [9.75, 7, 9.5, 7.25], "texture": "#1"}
			}
		},
		{
			"from": [7, 8.6, -10.5],
			"to": [8, 9.6, -10.2],
			"faces": {
				"north": {"uv": [7.25, 9.5, 7.5, 9.75], "texture": "#1"},
				"east": {"uv": [9.5, 7.25, 9.75, 7.5], "texture": "#1"},
				"south": {"uv": [7.5, 9.5, 7.75, 9.75], "texture": "#1"},
				"west": {"uv": [9.5, 7.5, 9.75, 7.75], "texture": "#1"},
				"up": {"uv": [8, 9.75, 7.75, 9.5], "texture": "#1"},
				"down": {"uv": [9.75, 7.75, 9.5, 8], "texture": "#1"}
			}
		},
		{
			"from": [8, 8.6, -11],
			"to": [8.2, 9.6, -10.7],
			"faces": {
				"north": {"uv": [8, 9.5, 8.25, 9.75], "texture": "#1"},
				"east": {"uv": [9.5, 8, 9.75, 8.25], "texture": "#1"},
				"south": {"uv": [8.25, 9.5, 8.5, 9.75], "texture": "#1"},
				"west": {"uv": [9.5, 8.25, 9.75, 8.5], "texture": "#1"},
				"up": {"uv": [8.75, 9.75, 8.5, 9.5], "texture": "#1"},
				"down": {"uv": [9.75, 8.5, 9.5, 8.75], "texture": "#1"}
			}
		},
		{
			"from": [7, 8.4, -11],
			"to": [8, 8.6, -10.7],
			"faces": {
				"north": {"uv": [8.75, 9.5, 9, 9.75], "texture": "#1"},
				"east": {"uv": [9.5, 8.75, 9.75, 9], "texture": "#1"},
				"south": {"uv": [9, 9.5, 9.25, 9.75], "texture": "#1"},
				"west": {"uv": [9.5, 9, 9.75, 9.25], "texture": "#1"},
				"up": {"uv": [9.5, 9.75, 9.25, 9.5], "texture": "#1"},
				"down": {"uv": [9.75, 9.25, 9.5, 9.5], "texture": "#1"}
			}
		},
		{
			"from": [7, 9.6, -11],
			"to": [8, 9.8, -10.7],
			"faces": {
				"north": {"uv": [9.5, 9.5, 9.75, 9.75], "texture": "#1"},
				"east": {"uv": [0, 9.75, 0.25, 10], "texture": "#1"},
				"south": {"uv": [9.75, 0, 10, 0.25], "texture": "#1"},
				"west": {"uv": [0.25, 9.75, 0.5, 10], "texture": "#1"},
				"up": {"uv": [10, 0.5, 9.75, 0.25], "texture": "#1"},
				"down": {"uv": [0.75, 9.75, 0.5, 10], "texture": "#1"}
			}
		},
		{
			"from": [6.8, 8.6, -11],
			"to": [7, 9.6, -10.7],
			"faces": {
				"north": {"uv": [9.75, 0.5, 10, 0.75], "texture": "#1"},
				"east": {"uv": [0.75, 9.75, 1, 10], "texture": "#1"},
				"south": {"uv": [9.75, 0.75, 10, 1], "texture": "#1"},
				"west": {"uv": [1, 9.75, 1.25, 10], "texture": "#1"},
				"up": {"uv": [10, 1.25, 9.75, 1], "texture": "#1"},
				"down": {"uv": [1.5, 9.75, 1.25, 10], "texture": "#1"}
			}
		},
		{
			"from": [7, 8.6, -11],
			"to": [8, 9.6, -10.7],
			"faces": {
				"north": {"uv": [9.75, 1.25, 10, 1.5], "texture": "#1"},
				"east": {"uv": [1.5, 9.75, 1.75, 10], "texture": "#1"},
				"south": {"uv": [9.75, 1.5, 10, 1.75], "texture": "#1"},
				"west": {"uv": [1.75, 9.75, 2, 10], "texture": "#1"},
				"up": {"uv": [10, 2, 9.75, 1.75], "texture": "#1"},
				"down": {"uv": [2.25, 9.75, 2, 10], "texture": "#1"}
			}
		},
		{
			"from": [6.7, 8.6, -10.2],
			"to": [7, 9.6, -10],
			"faces": {
				"north": {"uv": [9.75, 2, 10, 2.25], "texture": "#1"},
				"east": {"uv": [2.25, 9.75, 2.5, 10], "texture": "#1"},
				"south": {"uv": [9.75, 2.25, 10, 2.5], "texture": "#1"},
				"west": {"uv": [2.5, 9.75, 2.75, 10], "texture": "#1"},
				"up": {"uv": [10, 2.75, 9.75, 2.5], "texture": "#1"},
				"down": {"uv": [3, 9.75, 2.75, 10], "texture": "#1"}
			}
		},
		{
			"from": [7, 8.6, -10.2],
			"to": [8, 9.6, -10],
			"faces": {
				"north": {"uv": [9.75, 2.75, 10, 3], "texture": "#1"},
				"east": {"uv": [3, 9.75, 3.25, 10], "texture": "#1"},
				"south": {"uv": [9.75, 3, 10, 3.25], "texture": "#1"},
				"west": {"uv": [3.25, 9.75, 3.5, 10], "texture": "#1"},
				"up": {"uv": [10, 3.5, 9.75, 3.25], "texture": "#1"},
				"down": {"uv": [3.75, 9.75, 3.5, 10], "texture": "#1"}
			}
		},
		{
			"from": [7, 9.6, -10.2],
			"to": [8, 9.9, -10],
			"faces": {
				"north": {"uv": [9.75, 3.5, 10, 3.75], "texture": "#1"},
				"east": {"uv": [3.75, 9.75, 4, 10], "texture": "#1"},
				"south": {"uv": [9.75, 3.75, 10, 4], "texture": "#1"},
				"west": {"uv": [4, 9.75, 4.25, 10], "texture": "#1"},
				"up": {"uv": [10, 4.25, 9.75, 4], "texture": "#1"},
				"down": {"uv": [4.5, 9.75, 4.25, 10], "texture": "#1"}
			}
		},
		{
			"from": [8, 8.6, -10.2],
			"to": [8.3, 9.6, -10],
			"faces": {
				"north": {"uv": [9.75, 4.25, 10, 4.5], "texture": "#1"},
				"east": {"uv": [4.5, 9.75, 4.75, 10], "texture": "#1"},
				"south": {"uv": [9.75, 4.5, 10, 4.75], "texture": "#1"},
				"west": {"uv": [4.75, 9.75, 5, 10], "texture": "#1"},
				"up": {"uv": [10, 5, 9.75, 4.75], "texture": "#1"},
				"down": {"uv": [5.25, 9.75, 5, 10], "texture": "#1"}
			}
		},
		{
			"from": [7, 8.3, -10.2],
			"to": [8, 8.6, -10],
			"faces": {
				"north": {"uv": [9.75, 5, 10, 5.25], "texture": "#1"},
				"east": {"uv": [5.25, 9.75, 5.5, 10], "texture": "#1"},
				"south": {"uv": [9.75, 5.25, 10, 5.5], "texture": "#1"},
				"west": {"uv": [5.5, 9.75, 5.75, 10], "texture": "#1"},
				"up": {"uv": [10, 5.75, 9.75, 5.5], "texture": "#1"},
				"down": {"uv": [6, 9.75, 5.75, 10], "texture": "#1"}
			}
		},
		{
			"from": [7, 8.3, -10.7],
			"to": [8, 8.6, -10.5],
			"rotation": {"angle": 0, "axis": "y", "origin": [7.075, 5.875, -0.8]},
			"faces": {
				"north": {"uv": [9.75, 5.75, 10, 6], "texture": "#1"},
				"east": {"uv": [6, 9.75, 6.25, 10], "texture": "#1"},
				"south": {"uv": [9.75, 6, 10, 6.25], "texture": "#1"},
				"west": {"uv": [6.25, 9.75, 6.5, 10], "texture": "#1"},
				"up": {"uv": [10, 6.5, 9.75, 6.25], "texture": "#1"},
				"down": {"uv": [6.75, 9.75, 6.5, 10], "texture": "#1"}
			}
		},
		{
			"from": [7, 8.6, -10.7],
			"to": [8, 9.6, -10.5],
			"rotation": {"angle": 0, "axis": "y", "origin": [7.5, 9.1, -11.1]},
			"faces": {
				"north": {"uv": [9.75, 6.5, 10, 6.75], "texture": "#1"},
				"east": {"uv": [6.75, 9.75, 7, 10], "texture": "#1"},
				"south": {"uv": [9.75, 6.75, 10, 7], "texture": "#1"},
				"west": {"uv": [7, 9.75, 7.25, 10], "texture": "#1"},
				"up": {"uv": [10, 7.25, 9.75, 7], "texture": "#1"},
				"down": {"uv": [7.5, 9.75, 7.25, 10], "texture": "#1"}
			}
		},
		{
			"from": [8, 8.6, -10.7],
			"to": [8.3, 9.6, -10.5],
			"rotation": {"angle": 0, "axis": "y", "origin": [7.075, 5.875, -0.8]},
			"faces": {
				"north": {"uv": [9.75, 7.25, 10, 7.5], "texture": "#1"},
				"east": {"uv": [7.5, 9.75, 7.75, 10], "texture": "#1"},
				"south": {"uv": [9.75, 7.5, 10, 7.75], "texture": "#1"},
				"west": {"uv": [7.75, 9.75, 8, 10], "texture": "#1"},
				"up": {"uv": [10, 8, 9.75, 7.75], "texture": "#1"},
				"down": {"uv": [8.25, 9.75, 8, 10], "texture": "#1"}
			}
		},
		{
			"from": [6.7, 8.6, -10.7],
			"to": [7, 9.6, -10.5],
			"rotation": {"angle": 0, "axis": "y", "origin": [7.075, 5.875, -0.8]},
			"faces": {
				"north": {"uv": [9.75, 8, 10, 8.25], "texture": "#1"},
				"east": {"uv": [8.25, 9.75, 8.5, 10], "texture": "#1"},
				"south": {"uv": [9.75, 8.25, 10, 8.5], "texture": "#1"},
				"west": {"uv": [8.5, 9.75, 8.75, 10], "texture": "#1"},
				"up": {"uv": [10, 8.75, 9.75, 8.5], "texture": "#1"},
				"down": {"uv": [9, 9.75, 8.75, 10], "texture": "#1"}
			}
		},
		{
			"from": [7, 9.6, -10.7],
			"to": [8, 9.9, -10.5],
			"rotation": {"angle": 0, "axis": "y", "origin": [7.075, 5.875, -0.8]},
			"faces": {
				"north": {"uv": [9.75, 8.75, 10, 9], "texture": "#1"},
				"east": {"uv": [9, 9.75, 9.25, 10], "texture": "#1"},
				"south": {"uv": [9.75, 9, 10, 9.25], "texture": "#1"},
				"west": {"uv": [9.25, 9.75, 9.5, 10], "texture": "#1"},
				"up": {"uv": [10, 9.5, 9.75, 9.25], "texture": "#1"},
				"down": {"uv": [9.75, 9.75, 9.5, 10], "texture": "#1"}
			}
		},
		{
			"from": [7, 8.6, -13.2],
			"to": [8, 9.6, -11],
			"rotation": {"angle": 0, "axis": "y", "origin": [7.5, 9.1, -11.1]},
			"faces": {
				"north": {"uv": [9.75, 9.5, 10, 9.75], "texture": "#1"},
				"east": {"uv": [4.5, 9, 5, 9.25], "texture": "#1"},
				"south": {"uv": [9.75, 9.75, 10, 10], "texture": "#1"},
				"west": {"uv": [9, 4.75, 9.5, 5], "texture": "#1"},
				"up": {"uv": [5.25, 9.5, 5, 9], "texture": "#1"},
				"down": {"uv": [5.5, 9, 5.25, 9.5], "texture": "#1"}
			}
		},
		{
			"from": [7, 9.6, -13.2],
			"to": [8, 9.9, -11],
			"rotation": {"angle": 0, "axis": "y", "origin": [7.075, 5.875, -0.8]},
			"faces": {
				"north": {"uv": [0, 10, 0.25, 10.25], "texture": "#1"},
				"east": {"uv": [9, 5, 9.5, 5.25], "texture": "#1"},
				"south": {"uv": [10, 0, 10.25, 0.25], "texture": "#1"},
				"west": {"uv": [5.75, 9, 6.25, 9.25], "texture": "#1"},
				"up": {"uv": [6.75, 9.5, 6.5, 9], "texture": "#1"},
				"down": {"uv": [7, 9, 6.75, 9.5], "texture": "#1"}
			}
		},
		{
			"from": [8, 8.6, -13.2],
			"to": [8.3, 9.6, -11],
			"rotation": {"angle": 0, "axis": "y", "origin": [7.075, 5.875, -0.8]},
			"faces": {
				"north": {"uv": [0.25, 10, 0.5, 10.25], "texture": "#1"},
				"east": {"uv": [9, 6.75, 9.5, 7], "texture": "#1"},
				"south": {"uv": [10, 0.25, 10.25, 0.5], "texture": "#1"},
				"west": {"uv": [7, 9, 7.5, 9.25], "texture": "#1"},
				"up": {"uv": [7.75, 9.5, 7.5, 9], "texture": "#1"},
				"down": {"uv": [8, 9, 7.75, 9.5], "texture": "#1"}
			}
		},
		{
			"from": [6.7, 8.6, -13.2],
			"to": [7, 9.6, -11],
			"rotation": {"angle": 0, "axis": "y", "origin": [7.075, 5.875, -0.8]},
			"faces": {
				"north": {"uv": [0.5, 10, 0.75, 10.25], "texture": "#1"},
				"east": {"uv": [9, 7, 9.5, 7.25], "texture": "#1"},
				"south": {"uv": [10, 0.5, 10.25, 0.75], "texture": "#1"},
				"west": {"uv": [8, 9, 8.5, 9.25], "texture": "#1"},
				"up": {"uv": [8.75, 9.5, 8.5, 9], "texture": "#1"},
				"down": {"uv": [9.25, 8.5, 9, 9], "texture": "#1"}
			}
		},
		{
			"from": [7, 8.3, -13.2],
			"to": [8, 8.6, -11],
			"rotation": {"angle": 0, "axis": "y", "origin": [7.075, 5.875, -0.8]},
			"faces": {
				"north": {"uv": [0.75, 10, 1, 10.25], "texture": "#1"},
				"east": {"uv": [8.75, 9, 9.25, 9.25], "texture": "#1"},
				"south": {"uv": [10, 0.75, 10.25, 1], "texture": "#1"},
				"west": {"uv": [0, 9.25, 0.5, 9.5], "texture": "#1"},
				"up": {"uv": [0.75, 9.75, 0.5, 9.25], "texture": "#1"},
				"down": {"uv": [1, 9.25, 0.75, 9.75], "texture": "#1"}
			}
		},
		{
			"from": [8.5, 0, 8],
			"to": [9.5, 5, 12],
			"faces": {
				"north": {"uv": [2, 6, 2.5, 8.5], "texture": "#0"},
				"east": {"uv": [4, 0, 6, 2.5], "texture": "#0"},
				"south": {"uv": [6, 2, 6.5, 4.5], "texture": "#0"},
				"west": {"uv": [4, 2.5, 6, 5], "texture": "#0"},
				"up": {"uv": [3, 8, 2.5, 6], "texture": "#0"},
				"down": {"uv": [3.5, 6, 3, 8], "texture": "#0"}
			}
		},
		{
			"from": [6.5, 0, 8],
			"to": [8.5, 6, 12],
			"faces": {
				"north": {"uv": [4, 5, 5, 8], "texture": "#0"},
				"east": {"uv": [0, 0, 2, 3], "texture": "#0"},
				"south": {"uv": [5, 5, 6, 8], "texture": "#0"},
				"west": {"uv": [2, 0, 4, 3], "texture": "#0"},
				"up": {"uv": [1, 8, 0, 6], "texture": "#0"},
				"down": {"uv": [7, 0, 6, 2], "texture": "#0"}
			}
		},
		{
			"from": [5.5, 0, 8],
			"to": [6.5, 6, 12],
			"faces": {
				"north": {"uv": [1, 6, 1.5, 9], "texture": "#0"},
				"east": {"uv": [0, 3, 2, 6], "texture": "#0"},
				"south": {"uv": [1.5, 6, 2, 9], "texture": "#0"},
				"west": {"uv": [2, 3, 4, 6], "texture": "#0"},
				"up": {"uv": [4, 8, 3.5, 6], "texture": "#0"},
				"down": {"uv": [6.5, 4.5, 6, 6.5], "texture": "#0"}
			}
		}
	],
	"display": {
		"thirdperson_righthand": {
			"rotation": [66.5, 0, 0],
			"translation": [1, 9.75, 3.5],
			"scale": [0.8, 0.8, 0.8]
		},
		"thirdperson_lefthand": {
			"rotation": [66.5, 0, 0],
			"translation": [0.25, 9.75, 3.5],
			"scale": [0.8, 0.8, 0.8]
		},
		"firstperson_righthand": {
			"translation": [-8.5, 4.5, -2.25]
		},
		"firstperson_lefthand": {
			"translation": [-9.5, 4.5, -2.25]
		},
		"ground": {
			"translation": [0, 1.75, 0],
			"scale": [0.6, 0.6, 0.6]
		},
		"gui": {
			"rotation": [0, 90, 0],
			"translation": [-0.25, 0, 0],
			"scale": [0.3, 0.38, 0.35]
		},
		"head": {
			"rotation": [14, 0, 0],
			"translation": [0, -1.25, 10.25]
		},
		"fixed": {
			"rotation": [0, -90, 0],
			"translation": [0.5, 0, -0.25],
			"scale": [0.42, 0.42, 0.42]
		}
	},
	"groups": [
		{
			"name": "saw",
			"origin": [0, 0, 0],
			"color": 0,
			"nbt": "{}",
			"armAnimationEnabled": false,
			"children": [
				{
					"name": "frame2",
					"origin": [7.075, 5.875, -0.8],
					"color": 0,
					"nbt": "{}",
					"armAnimationEnabled": false,
					"children": [0, 1, 2, 3, 4, 5, 6, 7, 8, 9, 10, 11, 12, 13, 14, 15, 16, 17, 18, 19, 20, 21, 22, 23, 24, 25, 26, 27, 28, 29, 30, 31, 32, 33, 34, 35, 36, 37, 38, 39, 40, 41, 42, 43, 44, 45, 46, 47, 48, 49, 50, 51, 52, 53, 54, 55, 56, 57, 58, 59, 60, 61, 62, 63, 64, 65, 66, 67]
				},
				{
					"name": "frame1",
					"origin": [0, 0, 0],
					"color": 0,
					"nbt": "{}",
					"armAnimationEnabled": false,
					"children": [68, 69, 70]
				}
			]
		}
	]
}