{
	"credit": "Made with Blockbench",
	"textures": {
		"0": "custom/akframe1texture",
		"1": "custom/akframe2texture",
		"particle": "custom/akframe1texture"
	},
	"elements": [
		{
			"from": [7, 3, 4],
			"to": [9, 5, 6.5],
			"rotation": {"angle": 0, "axis": "y", "origin": [8, 7, 0.5]},
			"faces": {
				"north": {"uv": [7, 5, 9, 7], "texture": "#0"},
				"east": {"uv": [0, 0, 3, 2], "texture": "#0"},
				"south": {"uv": [7, 7, 9, 9], "texture": "#0"},
				"west": {"uv": [0, 2, 3, 4], "texture": "#0"},
				"up": {"uv": [5, 3, 3, 0], "texture": "#0"},
				"down": {"uv": [5, 3, 3, 6], "texture": "#0"}
			}
		},
		{
			"from": [7, 0, 4],
			"to": [9, 3, 6],
			"rotation": {"angle": 0, "axis": "y", "origin": [8, 7, 0.5]},
			"faces": {
				"north": {"uv": [0, 4, 2, 7], "texture": "#0"},
				"east": {"uv": [5, 0, 7, 3], "texture": "#0"},
				"south": {"uv": [5, 3, 7, 6], "texture": "#0"},
				"west": {"uv": [2, 6, 4, 9], "texture": "#0"},
				"up": {"uv": [6, 10, 4, 8], "texture": "#0"},
				"down": {"uv": [4, 9, 2, 11], "texture": "#0"}
			}
		},
		{
			"from": [7, 0.5, 3.5],
			"to": [9, 2.5, 4],
			"rotation": {"angle": 0, "axis": "y", "origin": [8, 7, 0.5]},
			"faces": {
				"north": {"uv": [9, 2, 11, 4], "texture": "#0"},
				"east": {"uv": [2, 4, 3, 6], "texture": "#0"},
				"south": {"uv": [9, 4, 11, 6], "texture": "#0"},
				"west": {"uv": [8, 9, 9, 11], "texture": "#0"},
				"up": {"uv": [11, 9, 9, 8], "texture": "#0"},
				"down": {"uv": [11, 9, 9, 10], "texture": "#0"}
			}
		},
		{
			"from": [7, 5, 4.5],
			"to": [9, 7, 7.5],
			"rotation": {"angle": 0, "axis": "y", "origin": [8, 7, 0.5]},
			"faces": {
				"north": {"uv": [6, 9, 8, 11], "texture": "#0"},
				"east": {"uv": [4, 6, 7, 8], "texture": "#0"},
				"south": {"uv": [9, 6, 11, 8], "texture": "#0"},
				"west": {"uv": [7, 0, 10, 2], "texture": "#0"},
				"up": {"uv": [2, 10, 0, 7], "texture": "#0"},
				"down": {"uv": [9, 2, 7, 5], "texture": "#0"}
			}
		},
		{
			"from": [8, 5, 7.5],
			"to": [8, 7, 8.5],
			"rotation": {"angle": 0, "axis": "y", "origin": [8, 7, 0.5]},
			"faces": {
				"north": {"uv": [0, 0, 0, 0.5], "texture": "#1"},
				"east": {"uv": [0, 8.5, 0.25, 9], "texture": "#1"},
				"south": {"uv": [0, 0, 0, 0.5], "texture": "#1"},
				"west": {"uv": [0.25, 8.5, 0.5, 9], "texture": "#1"},
				"up": {"uv": [0, 0.25, 0, 0], "texture": "#1"},
				"down": {"uv": [0, 0, 0, 0.25], "texture": "#1"}
			}
		},
		{
			"from": [8, 3, 6.5],
			"to": [8, 4, 10.5],
			"rotation": {"angle": 0, "axis": "y", "origin": [8, 7, 0.5]},
			"faces": {
				"north": {"uv": [0, 0, 0, 0.25], "texture": "#1"},
				"east": {"uv": [7.75, 5.75, 8.75, 6], "texture": "#1"},
				"south": {"uv": [0, 0, 0, 0.25], "texture": "#1"},
				"west": {"uv": [7.75, 6, 8.75, 6.25], "texture": "#1"},
				"up": {"uv": [0, 1, 0, 0], "texture": "#1"},
				"down": {"uv": [0, 0, 0, 1], "texture": "#1"}
			}
		},
		{
			"from": [8, 5, 8.5],
			"to": [8, 6, 9.5],
			"rotation": {"angle": 0, "axis": "y", "origin": [8, 7, 0.5]},
			"faces": {
				"north": {"uv": [0, 0, 0, 0.25], "texture": "#1"},
				"east": {"uv": [8.75, 2, 9, 2.25], "texture": "#1"},
				"south": {"uv": [0, 0, 0, 0.25], "texture": "#1"},
				"west": {"uv": [2.25, 8.75, 2.5, 9], "texture": "#1"},
				"up": {"uv": [0, 0.25, 0, 0], "texture": "#1"},
				"down": {"uv": [0, 0, 0, 0.25], "texture": "#1"}
			}
		},
		{
			"from": [8, 3, 10.5],
			"to": [8, 4, 11.5],
			"rotation": {"angle": 0, "axis": "y", "origin": [8, 7, 0.5]},
			"faces": {
				"north": {"uv": [0, 0, 0, 0.25], "texture": "#1"},
				"east": {"uv": [7, 7.5, 7.25, 7.75], "texture": "#1"},
				"south": {"uv": [0, 0, 0, 0.25], "texture": "#1"},
				"west": {"uv": [2, 8.75, 2.25, 9], "texture": "#1"},
				"up": {"uv": [0, 0.25, 0, 0], "texture": "#1"},
				"down": {"uv": [0, 0, 0, 0.25], "texture": "#1"}
			}
		},
		{
			"from": [8, 4, 10.5],
			"to": [8, 5, 12.5],
			"rotation": {"angle": 0, "axis": "y", "origin": [8, 7, 0.5]},
			"faces": {
				"north": {"uv": [0, 0, 0, 0.25], "texture": "#1"},
				"east": {"uv": [8.25, 6.75, 8.75, 7], "texture": "#1"},
				"south": {"uv": [0, 0, 0, 0.25], "texture": "#1"},
				"west": {"uv": [7, 8.25, 7.5, 8.5], "texture": "#1"},
				"up": {"uv": [0, 0.5, 0, 0], "texture": "#1"},
				"down": {"uv": [0, 0, 0, 0.5], "texture": "#1"}
			}
		},
		{
			"from": [8, 5, 11.5],
			"to": [8, 7, 12.5],
			"rotation": {"angle": 0, "axis": "y", "origin": [8, 7, 0.5]},
			"faces": {
				"north": {"uv": [0, 0, 0, 0.5], "texture": "#1"},
				"east": {"uv": [7.5, 8.25, 7.75, 8.75], "texture": "#1"},
				"south": {"uv": [0, 0, 0, 0.5], "texture": "#1"},
				"west": {"uv": [7.75, 8.25, 8, 8.75], "texture": "#1"},
				"up": {"uv": [0, 0.25, 0, 0], "texture": "#1"},
				"down": {"uv": [0, 0, 0, 0.25], "texture": "#1"}
			}
		},
		{
			"from": [7, 5, 12],
			"to": [9, 7, 15.5],
			"rotation": {"angle": 0, "axis": "y", "origin": [8, 7, 0.5]},
			"faces": {
				"north": {"uv": [6, 11, 8, 13], "texture": "#1"},
				"east": {"uv": [5, 2, 9, 4], "texture": "#1"},
				"south": {"uv": [8, 11, 10, 13], "texture": "#1"},
				"west": {"uv": [9, 2, 13, 4], "texture": "#1"},
				"up": {"uv": [4, 13, 2, 9], "texture": "#1"},
				"down": {"uv": [12, 4, 10, 8], "texture": "#1"}
			}
		},
		{
			"from": [7, 3, 12],
			"to": [9, 5, 16.5],
			"rotation": {"angle": 0, "axis": "y", "origin": [8, 7, 0.5]},
			"faces": {
				"north": {"uv": [12, 4, 14, 6], "texture": "#1"},
				"east": {"uv": [0, 0, 5, 2], "texture": "#1"},
				"south": {"uv": [12, 6, 14, 8], "texture": "#1"},
				"west": {"uv": [0, 2, 5, 4], "texture": "#1"},
				"up": {"uv": [2, 9, 0, 4], "texture": "#1"},
				"down": {"uv": [4, 4, 2, 9], "texture": "#1"}
			}
		},
		{
			"from": [7, 1, 13],
			"to": [9, 3, 17.5],
			"rotation": {"angle": 0, "axis": "y", "origin": [8, 7, 0.5]},
			"faces": {
				"north": {"uv": [12, 8, 14, 10], "texture": "#1"},
				"east": {"uv": [4, 4, 9, 6], "texture": "#1"},
				"south": {"uv": [10, 12, 12, 14], "texture": "#1"},
				"west": {"uv": [5, 0, 10, 2], "texture": "#1"},
				"up": {"uv": [6, 11, 4, 6], "texture": "#1"},
				"down": {"uv": [8, 6, 6, 11], "texture": "#1"}
			}
		},
		{
			"from": [7, 0, 14],
			"to": [9, 1, 18.5],
			"rotation": {"angle": 0, "axis": "y", "origin": [8, 7, 0.5]},
			"faces": {
				"north": {"uv": [12, 12, 14, 13], "texture": "#1"},
				"east": {"uv": [10, 0, 15, 1], "texture": "#1"},
				"south": {"uv": [2, 13, 4, 14], "texture": "#1"},
				"west": {"uv": [10, 1, 15, 2], "texture": "#1"},
				"up": {"uv": [10, 11, 8, 6], "texture": "#1"},
				"down": {"uv": [2, 9, 0, 14], "texture": "#1"}
			}
		},
		{
			"from": [7, -1, 15],
			"to": [9, 0, 18.5],
			"rotation": {"angle": 0, "axis": "y", "origin": [8, 7, 0.5]},
			"faces": {
				"north": {"uv": [13, 2, 15, 3], "texture": "#1"},
				"east": {"uv": [12, 10, 16, 11], "texture": "#1"},
				"south": {"uv": [13, 3, 15, 4], "texture": "#1"},
				"west": {"uv": [12, 11, 16, 12], "texture": "#1"},
				"up": {"uv": [12, 12, 10, 8], "texture": "#1"},
				"down": {"uv": [6, 11, 4, 15], "texture": "#1"}
			}
		},
		{
			"from": [7.5, 10, 27.5],
			"to": [8.5, 11, 30.5],
			"rotation": {"angle": 0, "axis": "y", "origin": [8, 7, 0.5]},
			"faces": {
				"north": {"uv": [8.75, 2.75, 9, 3], "texture": "#1"},
				"east": {"uv": [3, 8.25, 3.75, 8.5], "texture": "#1"},
				"south": {"uv": [3, 8.75, 3.25, 9], "texture": "#1"},
				"west": {"uv": [5, 8.25, 5.75, 8.5], "texture": "#1"},
				"up": {"uv": [4, 9, 3.75, 8.25], "texture": "#1"},
				"down": {"uv": [6, 8.25, 5.75, 9], "texture": "#1"}
			}
		},
		{
			"from": [7.5, 9, 26.5],
			"to": [8.5, 10, 30.5],
			"rotation": {"angle": 0, "axis": "y", "origin": [8, 7, 0.5]},
			"faces": {
				"north": {"uv": [8.75, 2.5, 9, 2.75], "texture": "#1"},
				"east": {"uv": [8, 5.5, 9, 5.75], "texture": "#1"},
				"south": {"uv": [2.75, 8.75, 3, 9], "texture": "#1"},
				"west": {"uv": [8, 7.25, 9, 7.5], "texture": "#1"},
				"up": {"uv": [6.25, 9, 6, 8], "texture": "#1"},
				"down": {"uv": [6.5, 8, 6.25, 9], "texture": "#1"}
			}
		},
		{
			"from": [7.5, 11, 28.5],
			"to": [8.5, 12, 30.5],
			"rotation": {"angle": 0, "axis": "y", "origin": [8, 7, 0.5]},
			"faces": {
				"north": {"uv": [3.25, 8.75, 3.5, 9], "texture": "#1"},
				"east": {"uv": [2.5, 8.5, 3, 8.75], "texture": "#1"},
				"south": {"uv": [8.75, 4.25, 9, 4.5], "texture": "#1"},
				"west": {"uv": [3, 8.5, 3.5, 8.75], "texture": "#1"},
				"up": {"uv": [3.75, 9, 3.5, 8.5], "texture": "#1"},
				"down": {"uv": [4.25, 8.5, 4, 9], "texture": "#1"}
			}
		},
		{
			"from": [7.5, 8, 21.5],
			"to": [8.5, 9, 31.5],
			"rotation": {"angle": 0, "axis": "y", "origin": [8, 7, 0.5]},
			"faces": {
				"north": {"uv": [8.75, 2.25, 9, 2.5], "texture": "#1"},
				"east": {"uv": [6, 4.75, 8.5, 5], "texture": "#1"},
				"south": {"uv": [2.5, 8.75, 2.75, 9], "texture": "#1"},
				"west": {"uv": [6.5, 3.5, 9, 3.75], "texture": "#1"},
				"up": {"uv": [4.75, 9, 4.5, 6.5], "texture": "#1"},
				"down": {"uv": [5, 6.5, 4.75, 9], "texture": "#1"}
			}
		},
		{
			"from": [7, 7, -13],
			"to": [9, 9, 2],
			"rotation": {"angle": 0, "axis": "y", "origin": [8, 7, 0.5]},
			"faces": {
				"north": {"uv": [8, 7.5, 8.5, 8], "texture": "#0"},
				"east": {"uv": [3, 1.5, 6.75, 2], "texture": "#0"},
				"south": {"uv": [8, 8, 8.5, 8.5], "texture": "#0"},
				"west": {"uv": [3, 2, 6.75, 2.5], "texture": "#0"},
				"up": {"uv": [3.5, 6.25, 3, 2.5], "texture": "#0"},
				"down": {"uv": [4, 2.5, 3.5, 6.25], "texture": "#0"}
			}
		},
		{
			"from": [7, 7, -14],
			"to": [9, 9, -13],
			"rotation": {"angle": 0, "axis": "y", "origin": [8, 7, 0.5]},
			"faces": {
				"north": {"uv": [0.5, 8.25, 1, 8.75], "texture": "#0"},
				"east": {"uv": [4.25, 8.5, 4.5, 9], "texture": "#0"},
				"south": {"uv": [1.5, 8.25, 2, 8.75], "texture": "#0"},
				"west": {"uv": [5.5, 8.5, 5.75, 9], "texture": "#0"},
				"up": {"uv": [9, 8.75, 8.5, 8.5], "texture": "#0"},
				"down": {"uv": [1, 8.75, 0.5, 9], "texture": "#0"}
			}
		},
		{
			"from": [7, 7, -15],
			"to": [9, 8, -14],
			"rotation": {"angle": 0, "axis": "y", "origin": [8, 7, 0.5]},
			"faces": {
				"north": {"uv": [8.5, 5, 9, 5.25], "texture": "#0"},
				"east": {"uv": [8.75, 4.5, 9, 4.75], "texture": "#0"},
				"south": {"uv": [8.5, 6.25, 9, 6.5], "texture": "#0"},
				"west": {"uv": [5, 8.75, 5.25, 9], "texture": "#0"},
				"up": {"uv": [7, 8.75, 6.5, 8.5], "texture": "#0"},
				"down": {"uv": [9, 6.5, 8.5, 6.75], "texture": "#0"}
			}
		},
		{
			"from": [7, 6, -15],
			"to": [9, 7, 1],
			"rotation": {"angle": 0, "axis": "y", "origin": [8, 7, 0.5]},
			"faces": {
				"north": {"uv": [8.5, 4.75, 9, 5], "texture": "#0"},
				"east": {"uv": [5, 0, 9, 0.25], "texture": "#0"},
				"south": {"uv": [5, 8.5, 5.5, 8.75], "texture": "#0"},
				"west": {"uv": [5, 0.25, 9, 0.5], "texture": "#0"},
				"up": {"uv": [1.5, 5.5, 1, 1.5], "texture": "#0"},
				"down": {"uv": [2, 1.5, 1.5, 5.5], "texture": "#0"}
			}
		},
		{
			"from": [7, 5, -15],
			"to": [9, 6, -1],
			"rotation": {"angle": 0, "axis": "y", "origin": [8, 7, 0.5]},
			"faces": {
				"north": {"uv": [7, 8.5, 7.5, 8.75], "texture": "#0"},
				"east": {"uv": [5, 1, 8.5, 1.25], "texture": "#0"},
				"south": {"uv": [8.5, 7.5, 9, 7.75], "texture": "#0"},
				"west": {"uv": [5, 1.25, 8.5, 1.5], "texture": "#0"},
				"up": {"uv": [4.5, 6, 4, 2.5], "texture": "#0"},
				"down": {"uv": [5, 2.5, 4.5, 6], "texture": "#0"}
			}
		},
		{
			"from": [7, 4, -15],
			"to": [9, 5, -3],
			"rotation": {"angle": 0, "axis": "y", "origin": [8, 7, 0.5]},
			"faces": {
				"north": {"uv": [8.5, 7.75, 9, 8], "texture": "#0"},
				"east": {"uv": [5, 5.5, 8, 5.75], "texture": "#0"},
				"south": {"uv": [8, 8.5, 8.5, 8.75], "texture": "#0"},
				"west": {"uv": [5.5, 5, 8.5, 5.25], "texture": "#0"},
				"up": {"uv": [5.5, 5.5, 5, 2.5], "texture": "#0"},
				"down": {"uv": [1.5, 5.5, 1, 8.5], "texture": "#0"}
			}
		},
		{
			"from": [7, 3, -15],
			"to": [9, 4, -5],
			"rotation": {"angle": 0, "axis": "y", "origin": [8, 7, 0.5]},
			"faces": {
				"north": {"uv": [8.5, 8, 9, 8.25], "texture": "#0"},
				"east": {"uv": [6.5, 3.75, 9, 4], "texture": "#0"},
				"south": {"uv": [8.5, 8.25, 9, 8.5], "texture": "#0"},
				"west": {"uv": [6.5, 4, 9, 4.25], "texture": "#0"},
				"up": {"uv": [3, 8, 2.5, 5.5], "texture": "#0"},
				"down": {"uv": [6, 2.5, 5.5, 5], "texture": "#0"}
			}
		},
		{
			"from": [7, 10, 4],
			"to": [9, 11, 17.5],
			"rotation": {"angle": 0, "axis": "y", "origin": [8, 7, 0.5]},
			"faces": {
				"north": {"uv": [1, 8.75, 1.5, 9], "texture": "#1"},
				"east": {"uv": [5, 0.5, 9, 0.75], "texture": "#1"},
				"south": {"uv": [1.5, 8.75, 2, 9], "texture": "#1"},
				"west": {"uv": [5, 0.75, 9, 1], "texture": "#1"},
				"up": {"uv": [2.5, 5.5, 2, 1.5], "texture": "#1"},
				"down": {"uv": [3, 1.5, 2.5, 5.5], "texture": "#1"}
			}
		},
		{
			"from": [7, 10, 17.5],
			"to": [9, 11, 20],
			"rotation": {"angle": 0, "axis": "y", "origin": [8, 7, 0.5]},
			"faces": {
				"north": {"uv": [1, 8.75, 1.5, 9], "texture": "#0"},
				"east": {"uv": [5, 0.5, 9, 0.75], "texture": "#0"},
				"south": {"uv": [1.5, 8.75, 2, 9], "texture": "#0"},
				"west": {"uv": [5, 0.75, 9, 1], "texture": "#0"},
				"up": {"uv": [2.5, 5.5, 2, 1.5], "texture": "#0"},
				"down": {"uv": [3, 1.5, 2.5, 5.5], "texture": "#0"}
			}
		},
		{
			"from": [7, 7, 2],
			"to": [9, 10, 15.5],
			"rotation": {"angle": 0, "axis": "y", "origin": [8, 7, 0.5]},
			"faces": {
				"north": {"uv": [4, 7.25, 4.5, 8], "texture": "#1"},
				"east": {"uv": [0, 0, 5, 0.75], "texture": "#1"},
				"south": {"uv": [7.25, 6.5, 7.75, 7.25], "texture": "#1"},
				"west": {"uv": [0, 0.75, 5, 1.5], "texture": "#1"},
				"up": {"uv": [0.5, 6.5, 0, 1.5], "texture": "#1"},
				"down": {"uv": [1, 1.5, 0.5, 6.5], "texture": "#1"}
			}
		},
		{
			"from": [7, 7, 15.5],
			"to": [9, 10, 22],
			"rotation": {"angle": 0, "axis": "y", "origin": [8, 7, 0.5]},
			"faces": {
				"north": {"uv": [4, 7.25, 4.5, 8], "texture": "#0"},
				"east": {"uv": [0, 0, 5, 0.75], "texture": "#0"},
				"south": {"uv": [7.25, 6.5, 7.75, 7.25], "texture": "#0"},
				"west": {"uv": [0, 0.75, 5, 1.5], "texture": "#0"},
				"up": {"uv": [0.5, 6.5, 0, 1.5], "texture": "#0"},
				"down": {"uv": [1, 1.5, 0.5, 6.5], "texture": "#0"}
			}
		},
		{
			"from": [7, 11, 6],
			"to": [9, 12, 16.5],
			"rotation": {"angle": 0, "axis": "y", "origin": [8, 7, 0.5]},
			"faces": {
				"north": {"uv": [8.75, 1.5, 9.25, 1.75], "texture": "#1"},
				"east": {"uv": [5.5, 5.25, 8.25, 5.5], "texture": "#1"},
				"south": {"uv": [8.75, 1.75, 9.25, 2], "texture": "#1"},
				"west": {"uv": [5, 5.75, 7.75, 6], "texture": "#1"},
				"up": {"uv": [2, 8.25, 1.5, 5.5], "texture": "#1"},
				"down": {"uv": [2.5, 5.5, 2, 8.25], "texture": "#1"}
			}
		}
	],
	"display": {
		"thirdperson_righthand": {
			"rotation": [70, -180, 0],
			"translation": [0.75, 2.5, 4.5],
			"scale": [0.7, 0.7, 0.7]
		},
		"thirdperson_lefthand": {
			"rotation": [70, -180, 0],
			"translation": [0.25, 2.75, 4],
			"scale": [0.7, 0.7, 0.7]
		},
		"firstperson_righthand": {
			"rotation": [0, -180, 0],
			"translation": [0, 0, -2.25]
		},
		"firstperson_lefthand": {
			"rotation": [0, -180, 0],
			"translation": [0, 0, -2.25]
		},
		"ground": {
			"translation": [0, 0.75, 0],
			"scale": [0.5, 0.5, 0.5]
		},
		"gui": {
			"rotation": [0, -90, 0],
			"translation": [0, 0.25, 0],
			"scale": [0.3, 0.35, 0.3]
		},
		"head": {
			"rotation": [-166, 0, -180],
			"translation": [0, -1.25, 7.75],
			"scale": [1, 0.96, 1]
		},
		"fixed": {
			"rotation": [0, 90, 0],
			"translation": [0, 0, -0.5],
			"scale": [0.4, 0.4, 0.4]
		}
	},
	"groups": [
		{
			"name": "ak",
			"origin": [8, 8, 8],
			"color": 0,
			"children": [
				{
					"name": "handle",
					"origin": [8, 7, 0.5],
					"color": 0,
					"children": [0, 1, 2, 3]
				},
				{
					"name": "trigger",
					"origin": [8, 7, 0.5],
					"color": 0,
					"children": [4, 5, 6, 7, 8, 9]
				},
				{
					"name": "mag",
					"origin": [8, 7, 0.5],
					"color": 0,
					"children": [10, 11, 12, 13, 14]
				},
				{
					"name": "frame3",
					"origin": [8, 7, 0.5],
					"color": 0,
					"children": [15, 16, 17, 18]
				},
				{
					"name": "frame1",
					"origin": [8, 7, 0.5],
					"color": 0,
					"children": [19, 20, 21, 22, 23, 24, 25]
				},
				{
					"name": "frame2",
					"origin": [8, 7, 0.5],
					"color": 0,
					"children": [26, 27, 28, 29, 30]
				}
			]
		}
	]
}